fecha_conteo,dia_conteo,mes_conteo,anio_conteo,ubicacion_conteo,longitud_conteo,latitud_conteo,comuna_conteo,cantidad_carriles_via_conteos,especificacion_via_conteos,tipo_circulacion_via_conteos,sentido_circulacion_conteo,conteo_vehiculos
2025-01-03,3,1,2025,ALVAREZ THOMAS AV. 1294,-58.459831,-34.578312,Comuna 13,4,calle_avenida,doble,oeste,26667
2025-01-10,10,1,2025,ALVAREZ THOMAS AV. 1294,-58.459831,-34.578312,Comuna 13,4,calle_avenida,doble,oeste,27674
2025-01-17,17,1,2025,ALVAREZ THOMAS AV. 1294,-58.459831,-34.578312,Comuna 13,4,calle_avenida,doble,oeste,26007
2025-01-24,24,1,2025,ALVAREZ THOMAS AV. 1294,-58.459831,-34.578312,Comuna 13,4,calle_avenida,doble,oeste,25205
2025-01-31,31,1,2025,ALVAREZ THOMAS AV. 1294,-58.459831,-34.578312,Comuna 13,4,calle_avenida,doble,oeste,29462
2025-02-07,7,2,2025,ALVAREZ THOMAS AV. 1294,-58.459831,-34.578312,Comuna 13,4,calle_avenida,doble,oeste,32620
2025-02-14,14,2,2025,ALVAREZ THOMAS AV. 1294,-58.459831,-34.578312,Comuna 13,4,calle_avenida,doble,oeste,31230
2025-02-21,21,2,2025,ALVAREZ THOMAS AV. 1294,-58.459831,-34.578312,Comuna 13,4,calle_avenida,doble,oeste,28277
2025-02-28,28,2,2025,ALVAREZ THOMAS AV. 1294,-58.459831,-34.578312,Comuna 13,4,calle_avenida,doble,oeste,28257
2025-03-06,6,3,2025,ALVAREZ THOMAS AV. 1294,-58.459831,-34.578312,Comuna 13,4,calle_avenida,doble,oeste,29773
2025-03-13,13,3,2025,ALVAREZ THOMAS AV. 1294,-58.459831,-34.578312,Comuna 13,4,calle_avenida,doble,oeste,30469
2025-03-20,20,3,2025,ALVAREZ THOMAS AV. 1294,-58.459831,-34.578312,Comuna 13,4,calle_avenida,doble,oeste,28081
2025-03-27,27,3,2025,ALVAREZ THOMAS AV. 1294,-58.459831,-34.578312,Comuna 13,4,calle_avenida,doble,oeste,32124
2025-04-03,3,4,2025,ALVAREZ THOMAS AV. 1294,-58.459831,-34.578312,Comuna 13,4,calle_avenida,doble,oeste,30424
2025-04-10,10,4,2025,ALVAREZ THOMAS AV. 1294,-58.459831,-34.578312,Comuna 13,4,calle_avenida,doble,oeste,24960
2025-04-17,17,4,2025,ALVAREZ THOMAS AV. 1294,-58.459831,-34.578312,Comuna 13,4,calle_avenida,doble,oeste,28947
2025-04-24,24,4,2025,ALVAREZ THOMAS AV. 1294,-58.459831,-34.578312,Comuna 13,4,calle_avenida,doble,oeste,28850
2025-05-01,1,5,2025,ALVAREZ THOMAS AV. 1294,-58.459831,-34.578312,Comuna 13,4,calle_avenida,doble,oeste,23161
2025-05-08,8,5,2025,ALVAREZ THOMAS AV. 1294,-58.459831,-34.578312,Comuna 13,4,calle_avenida,doble,oeste,27685
2025-05-15,15,5,2025,ALVAREZ THOMAS AV. 1294,-58.459831,-34.578312,Comuna 13,4,calle_avenida,doble,oeste,27052
2025-05-22,22,5,2025,ALVAREZ THOMAS AV. 1294,-58.459831,-34.578312,Comuna 13,4,calle_avenida,doble,oeste,26032
2025-05-29,29,5,2025,ALVAREZ THOMAS AV. 1294,-58.459831,-34.578312,Comuna 13,4,calle_avenida,doble,oeste,26680
2025-06-05,5,6,2025,ALVAREZ THOMAS AV. 1294,-58.459831,-34.578312,Comuna 13,4,calle_avenida,doble,oeste,32868
2025-06-12,12,6,2025,ALVAREZ THOMAS AV. 1294,-58.459831,-34.578312,Comuna 13,4,calle_avenida,doble,oeste,33539
2025-06-19,19,6,2025,ALVAREZ THOMAS AV. 1294,-58.459831,-34.578312,Comuna 13,4,calle_avenida,doble,oeste,31559
2025-06-26,26,6,2025,ALVAREZ THOMAS AV. 1294,-58.459831,-34.578312,Comuna 13,4,calle_avenida,doble,oeste,31793
2025-07-03,3,7,2025,ALVAREZ THOMAS AV. 1294,-58.459831,-34.578312,Comuna 13,4,calle_avenida,doble,oeste,30940
2025-07-10,10,7,2025,ALVAREZ THOMAS AV. 1294,-58.459831,-34.578312,Comuna 13,4,calle_avenida,doble,oeste,29883
2025-07-17,17,7,2025,ALVAREZ THOMAS AV. 1294,-58.459831,-34.578312,Comuna 13,4,calle_avenida,doble,oeste,29103
2025-07-24,24,7,2025,ALVAREZ THOMAS AV. 1294,-58.459831,-34.578312,Comuna 13,4,calle_avenida,doble,oeste,28970
2025-07-31,31,7,2025,ALVAREZ THOMAS AV. 1294,-58.459831,-34.578312,Comuna 13,4,calle_avenida,doble,oeste,30481
2025-01-03,3,1,2025,CABILDO AV. 1716,-58.453855,-34.565367,Comuna 13,2,calle_avenida,doble,sur,9185
2025-01-10,10,1,2025,CABILDO AV. 1716,-58.453855,-34.565367,Comuna 13,2,calle_avenida,doble,sur,9121
2025-01-17,17,1,2025,CABILDO AV. 1716,-58.453855,-34.565367,Comuna 13,2,calle_avenida,doble,sur,8461
2025-01-24,24,1,2025,CABILDO AV. 1716,-58.453855,-34.565367,Comuna 13,2,calle_avenida,doble,sur,8008
2025-01-31,31,1,2025,CABILDO AV. 1716,-58.453855,-34.565367,Comuna 13,2,calle_avenida,doble,sur,10731
2025-02-07,7,2,2025,CABILDO AV. 1716,-58.453855,-34.565367,Comuna 13,2,calle_avenida,doble,sur,11890
2025-02-14,14,2,2025,CABILDO AV. 1716,-58.453855,-34.565367,Comuna 13,2,calle_avenida,doble,sur,9865
2025-02-21,21,2,2025,CABILDO AV. 1716,-58.453855,-34.565367,Comuna 13,2,calle_avenida,doble,sur,10228
2025-02-28,28,2,2025,CABILDO AV. 1716,-58.453855,-34.565367,Comuna 13,2,calle_avenida,doble,sur,10061
2025-03-06,6,3,2025,CABILDO AV. 1716,-58.453855,-34.565367,Comuna 13,2,calle_avenida,doble,sur,10755
2025-03-13,13,3,2025,CABILDO AV. 1716,-58.453855,-34.565367,Comuna 13,2,calle_avenida,doble,sur,8806
2025-03-20,20,3,2025,CABILDO AV. 1716,-58.453855,-34.565367,Comuna 13,2,calle_avenida,doble,sur,7569
2025-03-27,27,3,2025,CABILDO AV. 1716,-58.453855,-34.565367,Comuna 13,2,calle_avenida,doble,sur,11778
2025-04-03,3,4,2025,CABILDO AV. 1716,-58.453855,-34.565367,Comuna 13,2,calle_avenida,doble,sur,11438
2025-04-10,10,4,2025,CABILDO AV. 1716,-58.453855,-34.565367,Comuna 13,2,calle_avenida,doble,sur,12476
2025-04-17,17,4,2025,CABILDO AV. 1716,-58.453855,-34.565367,Comuna 13,2,calle_avenida,doble,sur,11470
2025-04-24,24,4,2025,CABILDO AV. 1716,-58.453855,-34.565367,Comuna 13,2,calle_avenida,doble,sur,10780
2025-05-01,1,5,2025,CABILDO AV. 1716,-58.453855,-34.565367,Comuna 13,2,calle_avenida,doble,sur,9486
2025-05-08,8,5,2025,CABILDO AV. 1716,-58.453855,-34.565367,Comuna 13,2,calle_avenida,doble,sur,11012
2025-05-15,15,5,2025,CABILDO AV. 1716,-58.453855,-34.565367,Comuna 13,2,calle_avenida,doble,sur,11140
2025-05-22,22,5,2025,CABILDO AV. 1716,-58.453855,-34.565367,Comuna 13,2,calle_avenida,doble,sur,11825
2025-05-29,29,5,2025,CABILDO AV. 1716,-58.453855,-34.565367,Comuna 13,2,calle_avenida,doble,sur,11176
2025-06-05,5,6,2025,CABILDO AV. 1716,-58.453855,-34.565367,Comuna 13,2,calle_avenida,doble,sur,12696
2025-06-12,12,6,2025,CABILDO AV. 1716,-58.453855,-34.565367,Comuna 13,2,calle_avenida,doble,sur,12933
2025-06-19,19,6,2025,CABILDO AV. 1716,-58.453855,-34.565367,Comuna 13,2,calle_avenida,doble,sur,13934
2025-06-26,26,6,2025,CABILDO AV. 1716,-58.453855,-34.565367,Comuna 13,2,calle_avenida,doble,sur,14057
2025-07-03,3,7,2025,CABILDO AV. 1716,-58.453855,-34.565367,Comuna 13,2,calle_avenida,doble,sur,13811
2025-07-10,10,7,2025,CABILDO AV. 1716,-58.453855,-34.565367,Comuna 13,2,calle_avenida,doble,sur,13541
2025-07-17,17,7,2025,CABILDO AV. 1716,-58.453855,-34.565367,Comuna 13,2,calle_avenida,doble,sur,13541
2025-07-24,24,7,2025,CABILDO AV. 1716,-58.453855,-34.565367,Comuna 13,2,calle_avenida,doble,sur,13493
2025-07-31,31,7,2025,CABILDO AV. 1716,-58.453855,-34.565367,Comuna 13,2,calle_avenida,doble,sur,13753
2025-01-03,3,1,2025,ENTRE RIOS AV. 926,-58.391557,-34.619431,Comuna 1,,Carriles Exclusivos,única,norte,5442
2025-01-10,10,1,2025,ENTRE RIOS AV. 926,-58.391557,-34.619431,Comuna 1,,Carriles Exclusivos,única,norte,5180
2025-01-17,17,1,2025,ENTRE RIOS AV. 926,-58.391557,-34.619431,Comuna 1,,Carriles Exclusivos,única,norte,5313
2025-01-24,24,1,2025,ENTRE RIOS AV. 926,-58.391557,-34.619431,Comuna 1,,Carriles Exclusivos,única,norte,4388
2025-01-31,31,1,2025,ENTRE RIOS AV. 926,-58.391557,-34.619431,Comuna 1,,Carriles Exclusivos,única,norte,4730
2025-02-07,7,2,2025,ENTRE RIOS AV. 926,-58.391557,-34.619431,Comuna 1,,Carriles Exclusivos,única,norte,5445
2025-02-14,14,2,2025,ENTRE RIOS AV. 926,-58.391557,-34.619431,Comuna 1,,Carriles Exclusivos,única,norte,5782
2025-02-21,21,2,2025,ENTRE RIOS AV. 926,-58.391557,-34.619431,Comuna 1,,Carriles Exclusivos,única,norte,6053
2025-02-28,28,2,2025,ENTRE RIOS AV. 926,-58.391557,-34.619431,Comuna 1,,Carriles Exclusivos,única,norte,5790
2025-03-06,6,3,2025,ENTRE RIOS AV. 926,-58.391557,-34.619431,Comuna 1,,Carriles Exclusivos,única,norte,5925
2025-03-13,13,3,2025,ENTRE RIOS AV. 926,-58.391557,-34.619431,Comuna 1,,Carriles Exclusivos,única,norte,4979
2025-03-20,20,3,2025,ENTRE RIOS AV. 926,-58.391557,-34.619431,Comuna 1,,Carriles Exclusivos,única,norte,4342
2025-03-27,27,3,2025,ENTRE RIOS AV. 926,-58.391557,-34.619431,Comuna 1,,Carriles Exclusivos,única,norte,5683
2025-04-03,3,4,2025,ENTRE RIOS AV. 926,-58.391557,-34.619431,Comuna 1,,Carriles Exclusivos,única,norte,5055
2025-04-10,10,4,2025,ENTRE RIOS AV. 926,-58.391557,-34.619431,Comuna 1,,Carriles Exclusivos,única,norte,5986
2025-04-17,17,4,2025,ENTRE RIOS AV. 926,-58.391557,-34.619431,Comuna 1,,Carriles Exclusivos,única,norte,5629
2025-04-24,24,4,2025,ENTRE RIOS AV. 926,-58.391557,-34.619431,Comuna 1,,Carriles Exclusivos,única,norte,5336
2025-05-01,1,5,2025,ENTRE RIOS AV. 926,-58.391557,-34.619431,Comuna 1,,Carriles Exclusivos,única,norte,3890
2025-05-08,8,5,2025,ENTRE RIOS AV. 926,-58.391557,-34.619431,Comuna 1,,Carriles Exclusivos,única,norte,5471
2025-05-15,15,5,2025,ENTRE RIOS AV. 926,-58.391557,-34.619431,Comuna 1,,Carriles Exclusivos,única,norte,5476
2025-05-22,22,5,2025,ENTRE RIOS AV. 926,-58.391557,-34.619431,Comuna 1,,Carriles Exclusivos,única,norte,5218
2025-05-29,29,5,2025,ENTRE RIOS AV. 926,-58.391557,-34.619431,Comuna 1,,Carriles Exclusivos,única,norte,5038
2025-06-05,5,6,2025,ENTRE RIOS AV. 926,-58.391557,-34.619431,Comuna 1,,Carriles Exclusivos,única,norte,4947
2025-06-12,12,6,2025,ENTRE RIOS AV. 926,-58.391557,-34.619431,Comuna 1,,Carriles Exclusivos,única,norte,3474
2025-06-19,19,6,2025,ENTRE RIOS AV. 926,-58.391557,-34.619431,Comuna 1,,Carriles Exclusivos,única,norte,5292
2025-06-26,26,6,2025,ENTRE RIOS AV. 926,-58.391557,-34.619431,Comuna 1,,Carriles Exclusivos,única,norte,5254
2025-07-03,3,7,2025,ENTRE RIOS AV. 926,-58.391557,-34.619431,Comuna 1,,Carriles Exclusivos,única,norte,5096
2025-07-10,10,7,2025,ENTRE RIOS AV. 926,-58.391557,-34.619431,Comuna 1,,Carriles Exclusivos,única,norte,4889
2025-07-17,17,7,2025,ENTRE RIOS AV. 926,-58.391557,-34.619431,Comuna 1,,Carriles Exclusivos,única,norte,4896
2025-07-24,24,7,2025,ENTRE RIOS AV. 926,-58.391557,-34.619431,Comuna 1,,Carriles Exclusivos,única,norte,4549
2025-01-03,3,1,2025,ENTRE RIOS AV. 182,-58.391718,-34.611145,Comuna 1,,Carriles Exclusivos,única,norte,6109
2025-01-10,10,1,2025,ENTRE RIOS AV. 182,-58.391718,-34.611145,Comuna 1,,Carriles Exclusivos,única,norte,6182
2025-01-17,17,1,2025,ENTRE RIOS AV. 182,-58.391718,-34.611145,Comuna 1,,Carriles Exclusivos,única,norte,6440
2025-01-24,24,1,2025,ENTRE RIOS AV. 182,-58.391718,-34.611145,Comuna 1,,Carriles Exclusivos,única,norte,3329
2025-01-31,31,1,2025,ENTRE RIOS AV. 182,-58.391718,-34.611145,Comuna 1,,Carriles Exclusivos,única,norte,5466
2025-02-07,7,2,2025,ENTRE RIOS AV. 182,-58.391718,-34.611145,Comuna 1,,Carriles Exclusivos,única,norte,7310
2025-02-21,21,2,2025,ENTRE RIOS AV. 182,-58.391718,-34.611145,Comuna 1,,Carriles Exclusivos,única,norte,7765
2025-02-28,28,2,2025,ENTRE RIOS AV. 182,-58.391718,-34.611145,Comuna 1,,Carriles Exclusivos,única,norte,7003
2025-03-06,6,3,2025,ENTRE RIOS AV. 182,-58.391718,-34.611145,Comuna 1,,Carriles Exclusivos,única,norte,7292
2025-03-27,27,3,2025,ENTRE RIOS AV. 182,-58.391718,-34.611145,Comuna 1,,Carriles Exclusivos,única,norte,6884
2025-04-03,3,4,2025,ENTRE RIOS AV. 182,-58.391718,-34.611145,Comuna 1,,Carriles Exclusivos,única,norte,6314
2025-04-10,10,4,2025,ENTRE RIOS AV. 182,-58.391718,-34.611145,Comuna 1,,Carriles Exclusivos,única,norte,7434
2025-04-17,17,4,2025,ENTRE RIOS AV. 182,-58.391718,-34.611145,Comuna 1,,Carriles Exclusivos,única,norte,7120
2025-04-24,24,4,2025,ENTRE RIOS AV. 182,-58.391718,-34.611145,Comuna 1,,Carriles Exclusivos,única,norte,6931
2025-05-01,1,5,2025,ENTRE RIOS AV. 182,-58.391718,-34.611145,Comuna 1,,Carriles Exclusivos,única,norte,4063
2025-05-08,8,5,2025,ENTRE RIOS AV. 182,-58.391718,-34.611145,Comuna 1,,Carriles Exclusivos,única,norte,6893
2025-05-15,15,5,2025,ENTRE RIOS AV. 182,-58.391718,-34.611145,Comuna 1,,Carriles Exclusivos,única,norte,6730
2025-05-22,22,5,2025,ENTRE RIOS AV. 182,-58.391718,-34.611145,Comuna 1,,Carriles Exclusivos,única,norte,6413
2025-05-29,29,5,2025,ENTRE RIOS AV. 182,-58.391718,-34.611145,Comuna 1,,Carriles Exclusivos,única,norte,6522
2025-06-05,5,6,2025,ENTRE RIOS AV. 182,-58.391718,-34.611145,Comuna 1,,Carriles Exclusivos,única,norte,6986
2025-06-12,12,6,2025,ENTRE RIOS AV. 182,-58.391718,-34.611145,Comuna 1,,Carriles Exclusivos,única,norte,2669
2025-06-19,19,6,2025,ENTRE RIOS AV. 182,-58.391718,-34.611145,Comuna 1,,Carriles Exclusivos,única,norte,7993
2025-06-26,26,6,2025,ENTRE RIOS AV. 182,-58.391718,-34.611145,Comuna 1,,Carriles Exclusivos,única,norte,7475
2025-07-03,3,7,2025,ENTRE RIOS AV. 182,-58.391718,-34.611145,Comuna 1,,Carriles Exclusivos,única,norte,7093
2025-07-10,10,7,2025,ENTRE RIOS AV. 182,-58.391718,-34.611145,Comuna 1,,Carriles Exclusivos,única,norte,7061
2025-07-17,17,7,2025,ENTRE RIOS AV. 182,-58.391718,-34.611145,Comuna 1,,Carriles Exclusivos,única,norte,7062
2025-07-24,24,7,2025,ENTRE RIOS AV. 182,-58.391718,-34.611145,Comuna 1,,Carriles Exclusivos,única,norte,6739
2025-07-31,31,7,2025,ENTRE RIOS AV. 182,-58.391718,-34.611145,Comuna 1,,Carriles Exclusivos,única,norte,6573
2025-01-03,3,1,2025,CORDOBA AV. 1147,-58.383217,-34.599039,Comuna 1,,Carriles Exclusivos,única,oeste,3680
2025-01-10,10,1,2025,CORDOBA AV. 1147,-58.383217,-34.599039,Comuna 1,,Carriles Exclusivos,única,oeste,3025
2025-01-17,17,1,2025,CORDOBA AV. 1147,-58.383217,-34.599039,Comuna 1,,Carriles Exclusivos,única,oeste,75
2025-01-24,24,1,2025,CORDOBA AV. 1147,-58.383217,-34.599039,Comuna 1,,Carriles Exclusivos,única,oeste,2965
2025-01-31,31,1,2025,CORDOBA AV. 1147,-58.383217,-34.599039,Comuna 1,,Carriles Exclusivos,única,oeste,3230
2025-02-07,7,2,2025,CORDOBA AV. 1147,-58.383217,-34.599039,Comuna 1,,Carriles Exclusivos,única,oeste,2725
2025-02-14,14,2,2025,CORDOBA AV. 1147,-58.383217,-34.599039,Comuna 1,,Carriles Exclusivos,única,oeste,2797
2025-02-21,21,2,2025,CORDOBA AV. 1147,-58.383217,-34.599039,Comuna 1,,Carriles Exclusivos,única,oeste,3017
2025-02-28,28,2,2025,CORDOBA AV. 1147,-58.383217,-34.599039,Comuna 1,,Carriles Exclusivos,única,oeste,3226
2025-03-06,6,3,2025,CORDOBA AV. 1147,-58.383217,-34.599039,Comuna 1,,Carriles Exclusivos,única,oeste,3246
2025-03-13,13,3,2025,CORDOBA AV. 1147,-58.383217,-34.599039,Comuna 1,,Carriles Exclusivos,única,oeste,2607
2025-03-20,20,3,2025,CORDOBA AV. 1147,-58.383217,-34.599039,Comuna 1,,Carriles Exclusivos,única,oeste,2258
2025-03-27,27,3,2025,CORDOBA AV. 1147,-58.383217,-34.599039,Comuna 1,,Carriles Exclusivos,única,oeste,3112
2025-04-03,3,4,2025,CORDOBA AV. 1147,-58.383217,-34.599039,Comuna 1,,Carriles Exclusivos,única,oeste,2919
2025-04-10,10,4,2025,CORDOBA AV. 1147,-58.383217,-34.599039,Comuna 1,,Carriles Exclusivos,única,oeste,2938
2025-04-17,17,4,2025,CORDOBA AV. 1147,-58.383217,-34.599039,Comuna 1,,Carriles Exclusivos,única,oeste,3247
2025-04-24,24,4,2025,CORDOBA AV. 1147,-58.383217,-34.599039,Comuna 1,,Carriles Exclusivos,única,oeste,3228
2025-05-01,1,5,2025,CORDOBA AV. 1147,-58.383217,-34.599039,Comuna 1,,Carriles Exclusivos,única,oeste,1653
2025-05-08,8,5,2025,CORDOBA AV. 1147,-58.383217,-34.599039,Comuna 1,,Carriles Exclusivos,única,oeste,3236
2025-05-15,15,5,2025,CORDOBA AV. 1147,-58.383217,-34.599039,Comuna 1,,Carriles Exclusivos,única,oeste,3221
2025-05-22,22,5,2025,CORDOBA AV. 1147,-58.383217,-34.599039,Comuna 1,,Carriles Exclusivos,única,oeste,3226
2025-05-29,29,5,2025,CORDOBA AV. 1147,-58.383217,-34.599039,Comuna 1,,Carriles Exclusivos,única,oeste,2570
2025-06-05,5,6,2025,CORDOBA AV. 1147,-58.383217,-34.599039,Comuna 1,,Carriles Exclusivos,única,oeste,2927
2025-06-12,12,6,2025,CORDOBA AV. 1147,-58.383217,-34.599039,Comuna 1,,Carriles Exclusivos,única,oeste,3142
2025-06-19,19,6,2025,CORDOBA AV. 1147,-58.383217,-34.599039,Comuna 1,,Carriles Exclusivos,única,oeste,3017
2025-06-26,26,6,2025,CORDOBA AV. 1147,-58.383217,-34.599039,Comuna 1,,Carriles Exclusivos,única,oeste,2913
2025-07-03,3,7,2025,CORDOBA AV. 1147,-58.383217,-34.599039,Comuna 1,,Carriles Exclusivos,única,oeste,2507
2025-07-10,10,7,2025,CORDOBA AV. 1147,-58.383217,-34.599039,Comuna 1,,Carriles Exclusivos,única,oeste,2411
2025-07-17,17,7,2025,CORDOBA AV. 1147,-58.383217,-34.599039,Comuna 1,,Carriles Exclusivos,única,oeste,2659
2025-07-24,24,7,2025,CORDOBA AV. 1147,-58.383217,-34.599039,Comuna 1,,Carriles Exclusivos,única,oeste,2933
2025-07-31,31,7,2025,CORDOBA AV. 1147,-58.383217,-34.599039,Comuna 1,,Carriles Exclusivos,única,oeste,2820
2025-01-03,3,1,2025,CORDOBA AV. 1749,-58.392148,-34.599512,Comuna 2,,Carriles Exclusivos,única,oeste,5321
2025-01-10,10,1,2025,CORDOBA AV. 1749,-58.392148,-34.599512,Comuna 2,,Carriles Exclusivos,única,oeste,4508
2025-01-17,17,1,2025,CORDOBA AV. 1749,-58.392148,-34.599512,Comuna 2,,Carriles Exclusivos,única,oeste,4721
2025-01-24,24,1,2025,CORDOBA AV. 1749,-58.392148,-34.599512,Comuna 2,,Carriles Exclusivos,única,oeste,3775
2025-01-31,31,1,2025,CORDOBA AV. 1749,-58.392148,-34.599512,Comuna 2,,Carriles Exclusivos,única,oeste,4858
2025-02-07,7,2,2025,CORDOBA AV. 1749,-58.392148,-34.599512,Comuna 2,,Carriles Exclusivos,única,oeste,5032
2025-02-14,14,2,2025,CORDOBA AV. 1749,-58.392148,-34.599512,Comuna 2,,Carriles Exclusivos,única,oeste,4062
2025-02-21,21,2,2025,CORDOBA AV. 1749,-58.392148,-34.599512,Comuna 2,,Carriles Exclusivos,única,oeste,4529
2025-02-28,28,2,2025,CORDOBA AV. 1749,-58.392148,-34.599512,Comuna 2,,Carriles Exclusivos,única,oeste,3953
2025-03-06,6,3,2025,CORDOBA AV. 1749,-58.392148,-34.599512,Comuna 2,,Carriles Exclusivos,única,oeste,4549
2025-03-13,13,3,2025,CORDOBA AV. 1749,-58.392148,-34.599512,Comuna 2,,Carriles Exclusivos,única,oeste,2958
2025-03-20,20,3,2025,CORDOBA AV. 1749,-58.392148,-34.599512,Comuna 2,,Carriles Exclusivos,única,oeste,988
2025-03-27,27,3,2025,CORDOBA AV. 1749,-58.392148,-34.599512,Comuna 2,,Carriles Exclusivos,única,oeste,4381
2025-04-03,3,4,2025,CORDOBA AV. 1749,-58.392148,-34.599512,Comuna 2,,Carriles Exclusivos,única,oeste,3974
2025-04-10,10,4,2025,CORDOBA AV. 1749,-58.392148,-34.599512,Comuna 2,,Carriles Exclusivos,única,oeste,4348
2025-04-17,17,4,2025,CORDOBA AV. 1749,-58.392148,-34.599512,Comuna 2,,Carriles Exclusivos,única,oeste,3983
2025-04-24,24,4,2025,CORDOBA AV. 1749,-58.392148,-34.599512,Comuna 2,,Carriles Exclusivos,única,oeste,4822
2025-05-01,1,5,2025,CORDOBA AV. 1749,-58.392148,-34.599512,Comuna 2,,Carriles Exclusivos,única,oeste,2239
2025-05-08,8,5,2025,CORDOBA AV. 1749,-58.392148,-34.599512,Comuna 2,,Carriles Exclusivos,única,oeste,4790
2025-05-15,15,5,2025,CORDOBA AV. 1749,-58.392148,-34.599512,Comuna 2,,Carriles Exclusivos,única,oeste,4676
2025-05-22,22,5,2025,CORDOBA AV. 1749,-58.392148,-34.599512,Comuna 2,,Carriles Exclusivos,única,oeste,4792
2025-05-29,29,5,2025,CORDOBA AV. 1749,-58.392148,-34.599512,Comuna 2,,Carriles Exclusivos,única,oeste,4191
2025-06-05,5,6,2025,CORDOBA AV. 1749,-58.392148,-34.599512,Comuna 2,,Carriles Exclusivos,única,oeste,4094
2025-06-12,12,6,2025,CORDOBA AV. 1749,-58.392148,-34.599512,Comuna 2,,Carriles Exclusivos,única,oeste,4386
2025-06-19,19,6,2025,CORDOBA AV. 1749,-58.392148,-34.599512,Comuna 2,,Carriles Exclusivos,única,oeste,4387
2025-06-26,26,6,2025,CORDOBA AV. 1749,-58.392148,-34.599512,Comuna 2,,Carriles Exclusivos,única,oeste,4463
2025-07-03,3,7,2025,CORDOBA AV. 1749,-58.392148,-34.599512,Comuna 2,,Carriles Exclusivos,única,oeste,4704
2025-07-10,10,7,2025,CORDOBA AV. 1749,-58.392148,-34.599512,Comuna 2,,Carriles Exclusivos,única,oeste,4463
2025-07-17,17,7,2025,CORDOBA AV. 1749,-58.392148,-34.599512,Comuna 2,,Carriles Exclusivos,única,oeste,4700
2025-07-24,24,7,2025,CORDOBA AV. 1749,-58.392148,-34.599512,Comuna 2,,Carriles Exclusivos,única,oeste,3237
2025-07-31,31,7,2025,CORDOBA AV. 1749,-58.392148,-34.599512,Comuna 2,,Carriles Exclusivos,única,oeste,3989
2025-01-03,3,1,2025,CORDOBA AV. 2523,-58.402911,-34.59879,Comuna 2,,Carriles Exclusivos,única,oeste,5721
2025-01-10,10,1,2025,CORDOBA AV. 2523,-58.402911,-34.59879,Comuna 2,,Carriles Exclusivos,única,oeste,5791
2025-01-17,17,1,2025,CORDOBA AV. 2523,-58.402911,-34.59879,Comuna 2,,Carriles Exclusivos,única,oeste,5024
2025-01-24,24,1,2025,CORDOBA AV. 2523,-58.402911,-34.59879,Comuna 2,,Carriles Exclusivos,única,oeste,4525
2025-01-31,31,1,2025,CORDOBA AV. 2523,-58.402911,-34.59879,Comuna 2,,Carriles Exclusivos,única,oeste,5667
2025-02-07,7,2,2025,CORDOBA AV. 2523,-58.402911,-34.59879,Comuna 2,,Carriles Exclusivos,única,oeste,7098
2025-02-14,14,2,2025,CORDOBA AV. 2523,-58.402911,-34.59879,Comuna 2,,Carriles Exclusivos,única,oeste,6589
2025-02-21,21,2,2025,CORDOBA AV. 2523,-58.402911,-34.59879,Comuna 2,,Carriles Exclusivos,única,oeste,5069
2025-02-28,28,2,2025,CORDOBA AV. 2523,-58.402911,-34.59879,Comuna 2,,Carriles Exclusivos,única,oeste,6037
2025-03-06,6,3,2025,CORDOBA AV. 2523,-58.402911,-34.59879,Comuna 2,,Carriles Exclusivos,única,oeste,5585
2025-03-13,13,3,2025,CORDOBA AV. 2523,-58.402911,-34.59879,Comuna 2,,Carriles Exclusivos,única,oeste,4582
2025-03-20,20,3,2025,CORDOBA AV. 2523,-58.402911,-34.59879,Comuna 2,,Carriles Exclusivos,única,oeste,2654
2025-03-27,27,3,2025,CORDOBA AV. 2523,-58.402911,-34.59879,Comuna 2,,Carriles Exclusivos,única,oeste,5553
2025-04-03,3,4,2025,CORDOBA AV. 2523,-58.402911,-34.59879,Comuna 2,,Carriles Exclusivos,única,oeste,4820
2025-04-10,10,4,2025,CORDOBA AV. 2523,-58.402911,-34.59879,Comuna 2,,Carriles Exclusivos,única,oeste,5879
2025-04-17,17,4,2025,CORDOBA AV. 2523,-58.402911,-34.59879,Comuna 2,,Carriles Exclusivos,única,oeste,5144
2025-04-24,24,4,2025,CORDOBA AV. 2523,-58.402911,-34.59879,Comuna 2,,Carriles Exclusivos,única,oeste,4633
2025-05-01,1,5,2025,CORDOBA AV. 2523,-58.402911,-34.59879,Comuna 2,,Carriles Exclusivos,única,oeste,2496
2025-05-08,8,5,2025,CORDOBA AV. 2523,-58.402911,-34.59879,Comuna 2,,Carriles Exclusivos,única,oeste,5664
2025-05-15,15,5,2025,CORDOBA AV. 2523,-58.402911,-34.59879,Comuna 2,,Carriles Exclusivos,única,oeste,5058
2025-05-22,22,5,2025,CORDOBA AV. 2523,-58.402911,-34.59879,Comuna 2,,Carriles Exclusivos,única,oeste,5073
2025-05-29,29,5,2025,CORDOBA AV. 2523,-58.402911,-34.59879,Comuna 2,,Carriles Exclusivos,única,oeste,4862
2025-06-05,5,6,2025,CORDOBA AV. 2523,-58.402911,-34.59879,Comuna 2,,Carriles Exclusivos,única,oeste,4849
2025-06-12,12,6,2025,CORDOBA AV. 2523,-58.402911,-34.59879,Comuna 2,,Carriles Exclusivos,única,oeste,5185
2025-06-19,19,6,2025,CORDOBA AV. 2523,-58.402911,-34.59879,Comuna 2,,Carriles Exclusivos,única,oeste,4545
2025-06-26,26,6,2025,CORDOBA AV. 2523,-58.402911,-34.59879,Comuna 2,,Carriles Exclusivos,única,oeste,4947
2025-07-03,3,7,2025,CORDOBA AV. 2523,-58.402911,-34.59879,Comuna 2,,Carriles Exclusivos,única,oeste,5011
2025-07-10,10,7,2025,CORDOBA AV. 2523,-58.402911,-34.59879,Comuna 2,,Carriles Exclusivos,única,oeste,4920
2025-07-17,17,7,2025,CORDOBA AV. 2523,-58.402911,-34.59879,Comuna 2,,Carriles Exclusivos,única,oeste,4911
2025-07-24,24,7,2025,CORDOBA AV. 2523,-58.402911,-34.59879,Comuna 2,,Carriles Exclusivos,única,oeste,4758
2025-07-31,31,7,2025,CORDOBA AV. 2523,-58.402911,-34.59879,Comuna 2,,Carriles Exclusivos,única,oeste,4722
2025-01-03,3,1,2025,CORDOBA AV. 3143,-58.410998,-34.597969,Comuna 2,,Carriles Exclusivos,única,oeste,3636
2025-01-10,10,1,2025,CORDOBA AV. 3143,-58.410998,-34.597969,Comuna 2,,Carriles Exclusivos,única,oeste,3220
2025-01-17,17,1,2025,CORDOBA AV. 3143,-58.410998,-34.597969,Comuna 2,,Carriles Exclusivos,única,oeste,3068
2025-01-24,24,1,2025,CORDOBA AV. 3143,-58.410998,-34.597969,Comuna 2,,Carriles Exclusivos,única,oeste,2922
2025-01-31,31,1,2025,CORDOBA AV. 3143,-58.410998,-34.597969,Comuna 2,,Carriles Exclusivos,única,oeste,2834
2025-02-07,7,2,2025,CORDOBA AV. 3143,-58.410998,-34.597969,Comuna 2,,Carriles Exclusivos,única,oeste,2945
2025-02-21,21,2,2025,CORDOBA AV. 3143,-58.410998,-34.597969,Comuna 2,,Carriles Exclusivos,única,oeste,3432
2025-02-28,28,2,2025,CORDOBA AV. 3143,-58.410998,-34.597969,Comuna 2,,Carriles Exclusivos,única,oeste,3012
2025-03-06,6,3,2025,CORDOBA AV. 3143,-58.410998,-34.597969,Comuna 2,,Carriles Exclusivos,única,oeste,3611
2025-03-20,20,3,2025,CORDOBA AV. 3143,-58.410998,-34.597969,Comuna 2,,Carriles Exclusivos,única,oeste,2770
2025-03-27,27,3,2025,CORDOBA AV. 3143,-58.410998,-34.597969,Comuna 2,,Carriles Exclusivos,única,oeste,5840
2025-04-03,3,4,2025,CORDOBA AV. 3143,-58.410998,-34.597969,Comuna 2,,Carriles Exclusivos,única,oeste,5477
2025-04-10,10,4,2025,CORDOBA AV. 3143,-58.410998,-34.597969,Comuna 2,,Carriles Exclusivos,única,oeste,5701
2025-04-17,17,4,2025,CORDOBA AV. 3143,-58.410998,-34.597969,Comuna 2,,Carriles Exclusivos,única,oeste,6257
2025-04-24,24,4,2025,CORDOBA AV. 3143,-58.410998,-34.597969,Comuna 2,,Carriles Exclusivos,única,oeste,5935
2025-05-01,1,5,2025,CORDOBA AV. 3143,-58.410998,-34.597969,Comuna 2,,Carriles Exclusivos,única,oeste,3391
2025-05-08,8,5,2025,CORDOBA AV. 3143,-58.410998,-34.597969,Comuna 2,,Carriles Exclusivos,única,oeste,6107
2025-05-15,15,5,2025,CORDOBA AV. 3143,-58.410998,-34.597969,Comuna 2,,Carriles Exclusivos,única,oeste,5893
2025-05-22,22,5,2025,CORDOBA AV. 3143,-58.410998,-34.597969,Comuna 2,,Carriles Exclusivos,única,oeste,6111
2025-05-29,29,5,2025,CORDOBA AV. 3143,-58.410998,-34.597969,Comuna 2,,Carriles Exclusivos,única,oeste,4948
2025-06-05,5,6,2025,CORDOBA AV. 3143,-58.410998,-34.597969,Comuna 2,,Carriles Exclusivos,única,oeste,6070
2025-06-12,12,6,2025,CORDOBA AV. 3143,-58.410998,-34.597969,Comuna 2,,Carriles Exclusivos,única,oeste,5504
2025-06-19,19,6,2025,CORDOBA AV. 3143,-58.410998,-34.597969,Comuna 2,,Carriles Exclusivos,única,oeste,5941
2025-06-26,26,6,2025,CORDOBA AV. 3143,-58.410998,-34.597969,Comuna 2,,Carriles Exclusivos,única,oeste,4488
2025-07-03,3,7,2025,CORDOBA AV. 3143,-58.410998,-34.597969,Comuna 2,,Carriles Exclusivos,única,oeste,6232
2025-07-10,10,7,2025,CORDOBA AV. 3143,-58.410998,-34.597969,Comuna 2,,Carriles Exclusivos,única,oeste,5456
2025-07-17,17,7,2025,CORDOBA AV. 3143,-58.410998,-34.597969,Comuna 2,,Carriles Exclusivos,única,oeste,5215
2025-07-24,24,7,2025,CORDOBA AV. 3143,-58.410998,-34.597969,Comuna 2,,Carriles Exclusivos,única,oeste,5698
2025-07-31,31,7,2025,CORDOBA AV. 3143,-58.410998,-34.597969,Comuna 2,,Carriles Exclusivos,única,oeste,5749
2025-01-03,3,1,2025,PUEYRREDON AV. 367,-58.40571,-34.605973,Comuna 3,,Carriles Exclusivos,doble,norte,6674
2025-01-10,10,1,2025,PUEYRREDON AV. 367,-58.40571,-34.605973,Comuna 3,,Carriles Exclusivos,doble,norte,6342
2025-01-17,17,1,2025,PUEYRREDON AV. 367,-58.40571,-34.605973,Comuna 3,,Carriles Exclusivos,doble,norte,6488
2025-01-24,24,1,2025,PUEYRREDON AV. 367,-58.40571,-34.605973,Comuna 3,,Carriles Exclusivos,doble,norte,5778
2025-01-31,31,1,2025,PUEYRREDON AV. 367,-58.40571,-34.605973,Comuna 3,,Carriles Exclusivos,doble,norte,6630
2025-02-07,7,2,2025,PUEYRREDON AV. 367,-58.40571,-34.605973,Comuna 3,,Carriles Exclusivos,doble,norte,6435
2025-02-14,14,2,2025,PUEYRREDON AV. 367,-58.40571,-34.605973,Comuna 3,,Carriles Exclusivos,doble,norte,6732
2025-02-21,21,2,2025,PUEYRREDON AV. 367,-58.40571,-34.605973,Comuna 3,,Carriles Exclusivos,doble,norte,6694
2025-02-28,28,2,2025,PUEYRREDON AV. 367,-58.40571,-34.605973,Comuna 3,,Carriles Exclusivos,doble,norte,6815
2025-03-06,6,3,2025,PUEYRREDON AV. 367,-58.40571,-34.605973,Comuna 3,,Carriles Exclusivos,doble,norte,7111
2025-03-13,13,3,2025,PUEYRREDON AV. 367,-58.40571,-34.605973,Comuna 3,,Carriles Exclusivos,doble,norte,6828
2025-03-20,20,3,2025,PUEYRREDON AV. 367,-58.40571,-34.605973,Comuna 3,,Carriles Exclusivos,doble,norte,6222
2025-03-27,27,3,2025,PUEYRREDON AV. 367,-58.40571,-34.605973,Comuna 3,,Carriles Exclusivos,doble,norte,6939
2025-04-03,3,4,2025,PUEYRREDON AV. 367,-58.40571,-34.605973,Comuna 3,,Carriles Exclusivos,doble,norte,6948
2025-04-10,10,4,2025,PUEYRREDON AV. 367,-58.40571,-34.605973,Comuna 3,,Carriles Exclusivos,doble,norte,7128
2025-04-17,17,4,2025,PUEYRREDON AV. 367,-58.40571,-34.605973,Comuna 3,,Carriles Exclusivos,doble,norte,6939
2025-04-24,24,4,2025,PUEYRREDON AV. 367,-58.40571,-34.605973,Comuna 3,,Carriles Exclusivos,doble,norte,6863
2025-05-01,1,5,2025,PUEYRREDON AV. 367,-58.40571,-34.605973,Comuna 3,,Carriles Exclusivos,doble,norte,4222
2025-05-08,8,5,2025,PUEYRREDON AV. 367,-58.40571,-34.605973,Comuna 3,,Carriles Exclusivos,doble,norte,8004
2025-05-15,15,5,2025,PUEYRREDON AV. 367,-58.40571,-34.605973,Comuna 3,,Carriles Exclusivos,doble,norte,6959
2025-05-22,22,5,2025,PUEYRREDON AV. 367,-58.40571,-34.605973,Comuna 3,,Carriles Exclusivos,doble,norte,7772
2025-05-29,29,5,2025,PUEYRREDON AV. 367,-58.40571,-34.605973,Comuna 3,,Carriles Exclusivos,doble,norte,6689
2025-06-05,5,6,2025,PUEYRREDON AV. 367,-58.40571,-34.605973,Comuna 3,,Carriles Exclusivos,doble,norte,7531
2025-06-12,12,6,2025,PUEYRREDON AV. 367,-58.40571,-34.605973,Comuna 3,,Carriles Exclusivos,doble,norte,7961
2025-06-19,19,6,2025,PUEYRREDON AV. 367,-58.40571,-34.605973,Comuna 3,,Carriles Exclusivos,doble,norte,7263
2025-06-26,26,6,2025,PUEYRREDON AV. 367,-58.40571,-34.605973,Comuna 3,,Carriles Exclusivos,doble,norte,6888
2025-07-03,3,7,2025,PUEYRREDON AV. 367,-58.40571,-34.605973,Comuna 3,,Carriles Exclusivos,doble,norte,6899
2025-07-10,10,7,2025,PUEYRREDON AV. 367,-58.40571,-34.605973,Comuna 3,,Carriles Exclusivos,doble,norte,6696
2025-07-17,17,7,2025,PUEYRREDON AV. 367,-58.40571,-34.605973,Comuna 3,,Carriles Exclusivos,doble,norte,6709
2025-07-24,24,7,2025,PUEYRREDON AV. 367,-58.40571,-34.605973,Comuna 3,,Carriles Exclusivos,doble,norte,6731
2025-07-31,31,7,2025,PUEYRREDON AV. 367,-58.40571,-34.605973,Comuna 3,,Carriles Exclusivos,doble,norte,6783
2025-01-03,3,1,2025,CORDOBA AV. 3329,-58.413685,-34.597847,Comuna 2,,Carriles Exclusivos,única,oeste,7529
2025-01-10,10,1,2025,CORDOBA AV. 3329,-58.413685,-34.597847,Comuna 2,,Carriles Exclusivos,única,oeste,6992
2025-01-17,17,1,2025,CORDOBA AV. 3329,-58.413685,-34.597847,Comuna 2,,Carriles Exclusivos,única,oeste,7609
2025-01-24,24,1,2025,CORDOBA AV. 3329,-58.413685,-34.597847,Comuna 2,,Carriles Exclusivos,única,oeste,8088
2025-01-31,31,1,2025,CORDOBA AV. 3329,-58.413685,-34.597847,Comuna 2,,Carriles Exclusivos,única,oeste,10525
2025-02-07,7,2,2025,CORDOBA AV. 3329,-58.413685,-34.597847,Comuna 2,,Carriles Exclusivos,única,oeste,11358
2025-02-14,14,2,2025,CORDOBA AV. 3329,-58.413685,-34.597847,Comuna 2,,Carriles Exclusivos,única,oeste,11410
2025-02-21,21,2,2025,CORDOBA AV. 3329,-58.413685,-34.597847,Comuna 2,,Carriles Exclusivos,única,oeste,11427
2025-02-28,28,2,2025,CORDOBA AV. 3329,-58.413685,-34.597847,Comuna 2,,Carriles Exclusivos,única,oeste,11733
2025-03-06,6,3,2025,CORDOBA AV. 3329,-58.413685,-34.597847,Comuna 2,,Carriles Exclusivos,única,oeste,12412
2025-03-13,13,3,2025,CORDOBA AV. 3329,-58.413685,-34.597847,Comuna 2,,Carriles Exclusivos,única,oeste,11377
2025-03-20,20,3,2025,CORDOBA AV. 3329,-58.413685,-34.597847,Comuna 2,,Carriles Exclusivos,única,oeste,1475
2025-03-27,27,3,2025,CORDOBA AV. 3329,-58.413685,-34.597847,Comuna 2,,Carriles Exclusivos,única,oeste,12158
2025-04-03,3,4,2025,CORDOBA AV. 3329,-58.413685,-34.597847,Comuna 2,,Carriles Exclusivos,única,oeste,11325
2025-04-10,10,4,2025,CORDOBA AV. 3329,-58.413685,-34.597847,Comuna 2,,Carriles Exclusivos,única,oeste,11775
2025-04-24,24,4,2025,CORDOBA AV. 3329,-58.413685,-34.597847,Comuna 2,,Carriles Exclusivos,única,oeste,4647
2025-05-01,1,5,2025,CORDOBA AV. 3329,-58.413685,-34.597847,Comuna 2,,Carriles Exclusivos,única,oeste,5435
2025-05-08,8,5,2025,CORDOBA AV. 3329,-58.413685,-34.597847,Comuna 2,,Carriles Exclusivos,única,oeste,12424
2025-05-15,15,5,2025,CORDOBA AV. 3329,-58.413685,-34.597847,Comuna 2,,Carriles Exclusivos,única,oeste,11786
2025-05-22,22,5,2025,CORDOBA AV. 3329,-58.413685,-34.597847,Comuna 2,,Carriles Exclusivos,única,oeste,12256
2025-05-29,29,5,2025,CORDOBA AV. 3329,-58.413685,-34.597847,Comuna 2,,Carriles Exclusivos,única,oeste,10971
2025-06-05,5,6,2025,CORDOBA AV. 3329,-58.413685,-34.597847,Comuna 2,,Carriles Exclusivos,única,oeste,12252
2025-06-12,12,6,2025,CORDOBA AV. 3329,-58.413685,-34.597847,Comuna 2,,Carriles Exclusivos,única,oeste,11710
2025-06-19,19,6,2025,CORDOBA AV. 3329,-58.413685,-34.597847,Comuna 2,,Carriles Exclusivos,única,oeste,12374
2025-06-26,26,6,2025,CORDOBA AV. 3329,-58.413685,-34.597847,Comuna 2,,Carriles Exclusivos,única,oeste,11913
2025-07-03,3,7,2025,CORDOBA AV. 3329,-58.413685,-34.597847,Comuna 2,,Carriles Exclusivos,única,oeste,12892
2025-07-10,10,7,2025,CORDOBA AV. 3329,-58.413685,-34.597847,Comuna 2,,Carriles Exclusivos,única,oeste,7928
2025-07-17,17,7,2025,CORDOBA AV. 3329,-58.413685,-34.597847,Comuna 2,,Carriles Exclusivos,única,oeste,7756
2025-07-24,24,7,2025,CORDOBA AV. 3329,-58.413685,-34.597847,Comuna 2,,Carriles Exclusivos,única,oeste,11015
2025-01-03,3,1,2025,"AU 25 DE MAYO (AU10), SENTIDO CENTRO (ASCENDENTE), PK: 6+301",-58.402830,-34.625953,Comuna 3,,Autopista,doble,este,1519
2025-01-10,10,1,2025,"AU 25 DE MAYO (AU10), SENTIDO CENTRO (ASCENDENTE), PK: 6+301",-58.402830,-34.625953,Comuna 3,,Autopista,doble,este,1679
2025-01-17,17,1,2025,"AU 25 DE MAYO (AU10), SENTIDO CENTRO (ASCENDENTE), PK: 6+301",-58.402830,-34.625953,Comuna 3,,Autopista,doble,este,1623
2025-01-24,24,1,2025,"AU 25 DE MAYO (AU10), SENTIDO CENTRO (ASCENDENTE), PK: 6+301",-58.402830,-34.625953,Comuna 3,,Autopista,doble,este,1115
2025-01-31,31,1,2025,"AU 25 DE MAYO (AU10), SENTIDO CENTRO (ASCENDENTE), PK: 6+301",-58.402830,-34.625953,Comuna 3,,Autopista,doble,este,1634
2025-02-07,7,2,2025,"AU 25 DE MAYO (AU10), SENTIDO CENTRO (ASCENDENTE), PK: 6+301",-58.402830,-34.625953,Comuna 3,,Autopista,doble,este,1693
2025-02-14,14,2,2025,"AU 25 DE MAYO (AU10), SENTIDO CENTRO (ASCENDENTE), PK: 6+301",-58.402830,-34.625953,Comuna 3,,Autopista,doble,este,1571
2025-02-21,21,2,2025,"AU 25 DE MAYO (AU10), SENTIDO CENTRO (ASCENDENTE), PK: 6+301",-58.402830,-34.625953,Comuna 3,,Autopista,doble,este,1832
2025-02-28,28,2,2025,"AU 25 DE MAYO (AU10), SENTIDO CENTRO (ASCENDENTE), PK: 6+301",-58.402830,-34.625953,Comuna 3,,Autopista,doble,este,1700
2025-03-06,6,3,2025,"AU 25 DE MAYO (AU10), SENTIDO CENTRO (ASCENDENTE), PK: 6+301",-58.402830,-34.625953,Comuna 3,,Autopista,doble,este,1842
2025-03-13,13,3,2025,"AU 25 DE MAYO (AU10), SENTIDO CENTRO (ASCENDENTE), PK: 6+301",-58.402830,-34.625953,Comuna 3,,Autopista,doble,este,1866
2025-03-20,20,3,2025,"AU 25 DE MAYO (AU10), SENTIDO CENTRO (ASCENDENTE), PK: 6+301",-58.402830,-34.625953,Comuna 3,,Autopista,doble,este,1732
2025-03-27,27,3,2025,"AU 25 DE MAYO (AU10), SENTIDO CENTRO (ASCENDENTE), PK: 6+301",-58.402830,-34.625953,Comuna 3,,Autopista,doble,este,2022
2025-04-03,3,4,2025,"AU 25 DE MAYO (AU10), SENTIDO CENTRO (ASCENDENTE), PK: 6+301",-58.402830,-34.625953,Comuna 3,,Autopista,doble,este,1855
2025-04-10,10,4,2025,"AU 25 DE MAYO (AU10), SENTIDO CENTRO (ASCENDENTE), PK: 6+301",-58.402830,-34.625953,Comuna 3,,Autopista,doble,este,1866
2025-04-17,17,4,2025,"AU 25 DE MAYO (AU10), SENTIDO CENTRO (ASCENDENTE), PK: 6+301",-58.402830,-34.625953,Comuna 3,,Autopista,doble,este,1709
2025-04-24,24,4,2025,"AU 25 DE MAYO (AU10), SENTIDO CENTRO (ASCENDENTE), PK: 6+301",-58.402830,-34.625953,Comuna 3,,Autopista,doble,este,1686
2025-05-08,8,5,2025,"AU 25 DE MAYO (AU10), SENTIDO CENTRO (ASCENDENTE), PK: 6+301",-58.402830,-34.625953,Comuna 3,,Autopista,doble,este,1805
2025-05-15,15,5,2025,"AU 25 DE MAYO (AU10), SENTIDO CENTRO (ASCENDENTE), PK: 6+301",-58.402830,-34.625953,Comuna 3,,Autopista,doble,este,1575
2025-05-22,22,5,2025,"AU 25 DE MAYO (AU10), SENTIDO CENTRO (ASCENDENTE), PK: 6+301",-58.402830,-34.625953,Comuna 3,,Autopista,doble,este,1643
2025-05-29,29,5,2025,"AU 25 DE MAYO (AU10), SENTIDO CENTRO (ASCENDENTE), PK: 6+301",-58.402830,-34.625953,Comuna 3,,Autopista,doble,este,1624
2025-06-05,5,6,2025,"AU 25 DE MAYO (AU10), SENTIDO CENTRO (ASCENDENTE), PK: 6+301",-58.402830,-34.625953,Comuna 3,,Autopista,doble,este,1566
2025-06-12,12,6,2025,"AU 25 DE MAYO (AU10), SENTIDO CENTRO (ASCENDENTE), PK: 6+301",-58.402830,-34.625953,Comuna 3,,Autopista,doble,este,1595
2025-06-19,19,6,2025,"AU 25 DE MAYO (AU10), SENTIDO CENTRO (ASCENDENTE), PK: 6+301",-58.402830,-34.625953,Comuna 3,,Autopista,doble,este,1793
2025-06-26,26,6,2025,"AU 25 DE MAYO (AU10), SENTIDO CENTRO (ASCENDENTE), PK: 6+301",-58.402830,-34.625953,Comuna 3,,Autopista,doble,este,1491
2025-07-03,3,7,2025,"AU 25 DE MAYO (AU10), SENTIDO CENTRO (ASCENDENTE), PK: 6+301",-58.402830,-34.625953,Comuna 3,,Autopista,doble,este,1613
2025-07-10,10,7,2025,"AU 25 DE MAYO (AU10), SENTIDO CENTRO (ASCENDENTE), PK: 6+301",-58.402830,-34.625953,Comuna 3,,Autopista,doble,este,1680
2025-07-17,17,7,2025,"AU 25 DE MAYO (AU10), SENTIDO CENTRO (ASCENDENTE), PK: 6+301",-58.402830,-34.625953,Comuna 3,,Autopista,doble,este,1455
2025-07-24,24,7,2025,"AU 25 DE MAYO (AU10), SENTIDO CENTRO (ASCENDENTE), PK: 6+301",-58.402830,-34.625953,Comuna 3,,Autopista,doble,este,1319
2025-07-31,31,7,2025,"AU 25 DE MAYO (AU10), SENTIDO CENTRO (ASCENDENTE), PK: 6+301",-58.402830,-34.625953,Comuna 3,,Autopista,doble,este,1559
2025-01-03,3,1,2025,CALLAO AV. 681,-58.392623,-34.601114,Comuna 1,,Carriles Exclusivos,única,norte,5722
2025-01-10,10,1,2025,CALLAO AV. 681,-58.392623,-34.601114,Comuna 1,,Carriles Exclusivos,única,norte,5202
2025-01-17,17,1,2025,CALLAO AV. 681,-58.392623,-34.601114,Comuna 1,,Carriles Exclusivos,única,norte,5939
2025-01-24,24,1,2025,CALLAO AV. 681,-58.392623,-34.601114,Comuna 1,,Carriles Exclusivos,única,norte,3205
2025-01-31,31,1,2025,CALLAO AV. 681,-58.392623,-34.601114,Comuna 1,,Carriles Exclusivos,única,norte,5596
2025-02-07,7,2,2025,CALLAO AV. 681,-58.392623,-34.601114,Comuna 1,,Carriles Exclusivos,única,norte,6817
2025-02-14,14,2,2025,CALLAO AV. 681,-58.392623,-34.601114,Comuna 1,,Carriles Exclusivos,única,norte,6737
2025-02-21,21,2,2025,CALLAO AV. 681,-58.392623,-34.601114,Comuna 1,,Carriles Exclusivos,única,norte,5573
2025-02-28,28,2,2025,CALLAO AV. 681,-58.392623,-34.601114,Comuna 1,,Carriles Exclusivos,única,norte,6148
2025-03-06,6,3,2025,CALLAO AV. 681,-58.392623,-34.601114,Comuna 1,,Carriles Exclusivos,única,norte,5735
2025-03-13,13,3,2025,CALLAO AV. 681,-58.392623,-34.601114,Comuna 1,,Carriles Exclusivos,única,norte,5817
2025-03-20,20,3,2025,CALLAO AV. 681,-58.392623,-34.601114,Comuna 1,,Carriles Exclusivos,única,norte,5193
2025-03-27,27,3,2025,CALLAO AV. 681,-58.392623,-34.601114,Comuna 1,,Carriles Exclusivos,única,norte,5918
2025-04-03,3,4,2025,CALLAO AV. 681,-58.392623,-34.601114,Comuna 1,,Carriles Exclusivos,única,norte,5044
2025-04-10,10,4,2025,CALLAO AV. 681,-58.392623,-34.601114,Comuna 1,,Carriles Exclusivos,única,norte,6143
2025-04-17,17,4,2025,CALLAO AV. 681,-58.392623,-34.601114,Comuna 1,,Carriles Exclusivos,única,norte,6295
2025-04-24,24,4,2025,CALLAO AV. 681,-58.392623,-34.601114,Comuna 1,,Carriles Exclusivos,única,norte,5891
2025-05-01,1,5,2025,CALLAO AV. 681,-58.392623,-34.601114,Comuna 1,,Carriles Exclusivos,única,norte,3251
2025-05-08,8,5,2025,CALLAO AV. 681,-58.392623,-34.601114,Comuna 1,,Carriles Exclusivos,única,norte,7296
2025-05-15,15,5,2025,CALLAO AV. 681,-58.392623,-34.601114,Comuna 1,,Carriles Exclusivos,única,norte,5552
2025-05-22,22,5,2025,CALLAO AV. 681,-58.392623,-34.601114,Comuna 1,,Carriles Exclusivos,única,norte,6340
2025-05-29,29,5,2025,CALLAO AV. 681,-58.392623,-34.601114,Comuna 1,,Carriles Exclusivos,única,norte,6093
2025-06-05,5,6,2025,CALLAO AV. 681,-58.392623,-34.601114,Comuna 1,,Carriles Exclusivos,única,norte,6462
2025-06-12,12,6,2025,CALLAO AV. 681,-58.392623,-34.601114,Comuna 1,,Carriles Exclusivos,única,norte,3628
2025-06-19,19,6,2025,CALLAO AV. 681,-58.392623,-34.601114,Comuna 1,,Carriles Exclusivos,única,norte,6896
2025-06-26,26,6,2025,CALLAO AV. 681,-58.392623,-34.601114,Comuna 1,,Carriles Exclusivos,única,norte,7824
2025-07-03,3,7,2025,CALLAO AV. 681,-58.392623,-34.601114,Comuna 1,,Carriles Exclusivos,única,norte,7722
2025-07-10,10,7,2025,CALLAO AV. 681,-58.392623,-34.601114,Comuna 1,,Carriles Exclusivos,única,norte,6983
2025-07-17,17,7,2025,CALLAO AV. 681,-58.392623,-34.601114,Comuna 1,,Carriles Exclusivos,única,norte,7996
2025-07-24,24,7,2025,CALLAO AV. 681,-58.392623,-34.601114,Comuna 1,,Carriles Exclusivos,única,norte,6651
2025-07-31,31,7,2025,CALLAO AV. 681,-58.392623,-34.601114,Comuna 1,,Carriles Exclusivos,única,norte,6666
2025-01-03,3,1,2025,SANTA FE AV. 3889,-58.418132,-34.583669,Comuna 14,,Carriles Exclusivos,doble,oeste,6015
2025-01-10,10,1,2025,SANTA FE AV. 3889,-58.418132,-34.583669,Comuna 14,,Carriles Exclusivos,doble,oeste,6475
2025-01-17,17,1,2025,SANTA FE AV. 3889,-58.418132,-34.583669,Comuna 14,,Carriles Exclusivos,doble,oeste,6662
2025-01-24,24,1,2025,SANTA FE AV. 3889,-58.418132,-34.583669,Comuna 14,,Carriles Exclusivos,doble,oeste,6094
2025-01-31,31,1,2025,SANTA FE AV. 3889,-58.418132,-34.583669,Comuna 14,,Carriles Exclusivos,doble,oeste,6729
2025-02-07,7,2,2025,SANTA FE AV. 3889,-58.418132,-34.583669,Comuna 14,,Carriles Exclusivos,doble,oeste,7054
2025-02-14,14,2,2025,SANTA FE AV. 3889,-58.418132,-34.583669,Comuna 14,,Carriles Exclusivos,doble,oeste,6852
2025-02-21,21,2,2025,SANTA FE AV. 3889,-58.418132,-34.583669,Comuna 14,,Carriles Exclusivos,doble,oeste,6962
2025-02-28,28,2,2025,SANTA FE AV. 3889,-58.418132,-34.583669,Comuna 14,,Carriles Exclusivos,doble,oeste,7000
2025-03-06,6,3,2025,SANTA FE AV. 3889,-58.418132,-34.583669,Comuna 14,,Carriles Exclusivos,doble,oeste,7280
2025-03-13,13,3,2025,SANTA FE AV. 3889,-58.418132,-34.583669,Comuna 14,,Carriles Exclusivos,doble,oeste,6583
2025-03-20,20,3,2025,SANTA FE AV. 3889,-58.418132,-34.583669,Comuna 14,,Carriles Exclusivos,doble,oeste,2033
2025-03-27,27,3,2025,SANTA FE AV. 3889,-58.418132,-34.583669,Comuna 14,,Carriles Exclusivos,doble,oeste,6921
2025-04-03,3,4,2025,SANTA FE AV. 3889,-58.418132,-34.583669,Comuna 14,,Carriles Exclusivos,doble,oeste,6523
2025-04-10,10,4,2025,SANTA FE AV. 3889,-58.418132,-34.583669,Comuna 14,,Carriles Exclusivos,doble,oeste,6848
2025-04-17,17,4,2025,SANTA FE AV. 3889,-58.418132,-34.583669,Comuna 14,,Carriles Exclusivos,doble,oeste,6630
2025-04-24,24,4,2025,SANTA FE AV. 3889,-58.418132,-34.583669,Comuna 14,,Carriles Exclusivos,doble,oeste,7106
2025-05-01,1,5,2025,SANTA FE AV. 3889,-58.418132,-34.583669,Comuna 14,,Carriles Exclusivos,doble,oeste,7269
2025-05-08,8,5,2025,SANTA FE AV. 3889,-58.418132,-34.583669,Comuna 14,,Carriles Exclusivos,doble,oeste,7488
2025-05-15,15,5,2025,SANTA FE AV. 3889,-58.418132,-34.583669,Comuna 14,,Carriles Exclusivos,doble,oeste,6969
2025-05-22,22,5,2025,SANTA FE AV. 3889,-58.418132,-34.583669,Comuna 14,,Carriles Exclusivos,doble,oeste,7091
2025-05-29,29,5,2025,SANTA FE AV. 3889,-58.418132,-34.583669,Comuna 14,,Carriles Exclusivos,doble,oeste,6645
2025-06-05,5,6,2025,SANTA FE AV. 3889,-58.418132,-34.583669,Comuna 14,,Carriles Exclusivos,doble,oeste,7181
2025-06-12,12,6,2025,SANTA FE AV. 3889,-58.418132,-34.583669,Comuna 14,,Carriles Exclusivos,doble,oeste,7280
2025-06-19,19,6,2025,SANTA FE AV. 3889,-58.418132,-34.583669,Comuna 14,,Carriles Exclusivos,doble,oeste,7258
2025-06-26,26,6,2025,SANTA FE AV. 3889,-58.418132,-34.583669,Comuna 14,,Carriles Exclusivos,doble,oeste,7053
2025-07-03,3,7,2025,SANTA FE AV. 3889,-58.418132,-34.583669,Comuna 14,,Carriles Exclusivos,doble,oeste,7144
2025-07-10,10,7,2025,SANTA FE AV. 3889,-58.418132,-34.583669,Comuna 14,,Carriles Exclusivos,doble,oeste,7057
2025-07-17,17,7,2025,SANTA FE AV. 3889,-58.418132,-34.583669,Comuna 14,,Carriles Exclusivos,doble,oeste,7191
2025-07-24,24,7,2025,SANTA FE AV. 3889,-58.418132,-34.583669,Comuna 14,,Carriles Exclusivos,doble,oeste,7121
2025-07-31,31,7,2025,SANTA FE AV. 3889,-58.418132,-34.583669,Comuna 14,,Carriles Exclusivos,doble,oeste,6927
2025-01-03,3,1,2025,SANTA FE AV. 1483,-58.388215,-34.595676,Comuna 2,,Carriles Exclusivos,doble,oeste,4465
2025-01-10,10,1,2025,SANTA FE AV. 1483,-58.388215,-34.595676,Comuna 2,,Carriles Exclusivos,doble,oeste,3969
2025-01-17,17,1,2025,SANTA FE AV. 1483,-58.388215,-34.595676,Comuna 2,,Carriles Exclusivos,doble,oeste,4118
2025-01-24,24,1,2025,SANTA FE AV. 1483,-58.388215,-34.595676,Comuna 2,,Carriles Exclusivos,doble,oeste,3354
2025-01-31,31,1,2025,SANTA FE AV. 1483,-58.388215,-34.595676,Comuna 2,,Carriles Exclusivos,doble,oeste,3926
2025-02-07,7,2,2025,SANTA FE AV. 1483,-58.388215,-34.595676,Comuna 2,,Carriles Exclusivos,doble,oeste,4604
2025-02-14,14,2,2025,SANTA FE AV. 1483,-58.388215,-34.595676,Comuna 2,,Carriles Exclusivos,doble,oeste,4746
2025-02-21,21,2,2025,SANTA FE AV. 1483,-58.388215,-34.595676,Comuna 2,,Carriles Exclusivos,doble,oeste,4937
2025-02-28,28,2,2025,SANTA FE AV. 1483,-58.388215,-34.595676,Comuna 2,,Carriles Exclusivos,doble,oeste,4886
2025-03-06,6,3,2025,SANTA FE AV. 1483,-58.388215,-34.595676,Comuna 2,,Carriles Exclusivos,doble,oeste,5084
2025-03-13,13,3,2025,SANTA FE AV. 1483,-58.388215,-34.595676,Comuna 2,,Carriles Exclusivos,doble,oeste,4428
2025-03-20,20,3,2025,SANTA FE AV. 1483,-58.388215,-34.595676,Comuna 2,,Carriles Exclusivos,doble,oeste,2193
2025-03-27,27,3,2025,SANTA FE AV. 1483,-58.388215,-34.595676,Comuna 2,,Carriles Exclusivos,doble,oeste,5212
2025-04-03,3,4,2025,SANTA FE AV. 1483,-58.388215,-34.595676,Comuna 2,,Carriles Exclusivos,doble,oeste,4767
2025-04-10,10,4,2025,SANTA FE AV. 1483,-58.388215,-34.595676,Comuna 2,,Carriles Exclusivos,doble,oeste,5268
2025-04-17,17,4,2025,SANTA FE AV. 1483,-58.388215,-34.595676,Comuna 2,,Carriles Exclusivos,doble,oeste,5257
2025-04-24,24,4,2025,SANTA FE AV. 1483,-58.388215,-34.595676,Comuna 2,,Carriles Exclusivos,doble,oeste,5167
2025-05-01,1,5,2025,SANTA FE AV. 1483,-58.388215,-34.595676,Comuna 2,,Carriles Exclusivos,doble,oeste,2243
2025-05-08,8,5,2025,SANTA FE AV. 1483,-58.388215,-34.595676,Comuna 2,,Carriles Exclusivos,doble,oeste,4758
2025-05-15,15,5,2025,SANTA FE AV. 1483,-58.388215,-34.595676,Comuna 2,,Carriles Exclusivos,doble,oeste,4810
2025-05-22,22,5,2025,SANTA FE AV. 1483,-58.388215,-34.595676,Comuna 2,,Carriles Exclusivos,doble,oeste,5112
2025-05-29,29,5,2025,SANTA FE AV. 1483,-58.388215,-34.595676,Comuna 2,,Carriles Exclusivos,doble,oeste,4302
2025-06-05,5,6,2025,SANTA FE AV. 1483,-58.388215,-34.595676,Comuna 2,,Carriles Exclusivos,doble,oeste,4543
2025-06-12,12,6,2025,SANTA FE AV. 1483,-58.388215,-34.595676,Comuna 2,,Carriles Exclusivos,doble,oeste,4702
2025-06-19,19,6,2025,SANTA FE AV. 1483,-58.388215,-34.595676,Comuna 2,,Carriles Exclusivos,doble,oeste,4541
2025-06-26,26,6,2025,SANTA FE AV. 1483,-58.388215,-34.595676,Comuna 2,,Carriles Exclusivos,doble,oeste,4530
2025-07-03,3,7,2025,SANTA FE AV. 1483,-58.388215,-34.595676,Comuna 2,,Carriles Exclusivos,doble,oeste,4385
2025-07-10,10,7,2025,SANTA FE AV. 1483,-58.388215,-34.595676,Comuna 2,,Carriles Exclusivos,doble,oeste,4250
2025-07-17,17,7,2025,SANTA FE AV. 1483,-58.388215,-34.595676,Comuna 2,,Carriles Exclusivos,doble,oeste,4262
2025-07-24,24,7,2025,SANTA FE AV. 1483,-58.388215,-34.595676,Comuna 2,,Carriles Exclusivos,doble,oeste,4135
2025-07-31,31,7,2025,SANTA FE AV. 1483,-58.388215,-34.595676,Comuna 2,,Carriles Exclusivos,doble,oeste,4937
2025-01-03,3,1,2025,LAS HERAS GENERAL AV. 1870,-58.392633,-34.591284,Comuna 2,,Carriles Exclusivos,doble,este,5127
2025-01-10,10,1,2025,LAS HERAS GENERAL AV. 1870,-58.392633,-34.591284,Comuna 2,,Carriles Exclusivos,doble,este,4943
2025-01-17,17,1,2025,LAS HERAS GENERAL AV. 1870,-58.392633,-34.591284,Comuna 2,,Carriles Exclusivos,doble,este,4946
2025-01-24,24,1,2025,LAS HERAS GENERAL AV. 1870,-58.392633,-34.591284,Comuna 2,,Carriles Exclusivos,doble,este,3960
2025-01-31,31,1,2025,LAS HERAS GENERAL AV. 1870,-58.392633,-34.591284,Comuna 2,,Carriles Exclusivos,doble,este,4746
2025-02-07,7,2,2025,LAS HERAS GENERAL AV. 1870,-58.392633,-34.591284,Comuna 2,,Carriles Exclusivos,doble,este,5324
2025-02-14,14,2,2025,LAS HERAS GENERAL AV. 1870,-58.392633,-34.591284,Comuna 2,,Carriles Exclusivos,doble,este,4646
2025-02-21,21,2,2025,LAS HERAS GENERAL AV. 1870,-58.392633,-34.591284,Comuna 2,,Carriles Exclusivos,doble,este,5030
2025-02-28,28,2,2025,LAS HERAS GENERAL AV. 1870,-58.392633,-34.591284,Comuna 2,,Carriles Exclusivos,doble,este,5009
2025-03-06,6,3,2025,LAS HERAS GENERAL AV. 1870,-58.392633,-34.591284,Comuna 2,,Carriles Exclusivos,doble,este,5449
2025-03-13,13,3,2025,LAS HERAS GENERAL AV. 1870,-58.392633,-34.591284,Comuna 2,,Carriles Exclusivos,doble,este,3593
2025-03-20,20,3,2025,LAS HERAS GENERAL AV. 1870,-58.392633,-34.591284,Comuna 2,,Carriles Exclusivos,doble,este,4548
2025-03-27,27,3,2025,LAS HERAS GENERAL AV. 1870,-58.392633,-34.591284,Comuna 2,,Carriles Exclusivos,doble,este,5065
2025-04-03,3,4,2025,LAS HERAS GENERAL AV. 1870,-58.392633,-34.591284,Comuna 2,,Carriles Exclusivos,doble,este,4752
2025-04-10,10,4,2025,LAS HERAS GENERAL AV. 1870,-58.392633,-34.591284,Comuna 2,,Carriles Exclusivos,doble,este,5072
2025-04-17,17,4,2025,LAS HERAS GENERAL AV. 1870,-58.392633,-34.591284,Comuna 2,,Carriles Exclusivos,doble,este,5418
2025-04-24,24,4,2025,LAS HERAS GENERAL AV. 1870,-58.392633,-34.591284,Comuna 2,,Carriles Exclusivos,doble,este,5160
2025-05-01,1,5,2025,LAS HERAS GENERAL AV. 1870,-58.392633,-34.591284,Comuna 2,,Carriles Exclusivos,doble,este,3562
2025-05-08,8,5,2025,LAS HERAS GENERAL AV. 1870,-58.392633,-34.591284,Comuna 2,,Carriles Exclusivos,doble,este,1180
2025-05-15,15,5,2025,LAS HERAS GENERAL AV. 1870,-58.392633,-34.591284,Comuna 2,,Carriles Exclusivos,doble,este,5130
2025-05-22,22,5,2025,LAS HERAS GENERAL AV. 1870,-58.392633,-34.591284,Comuna 2,,Carriles Exclusivos,doble,este,5212
2025-05-29,29,5,2025,LAS HERAS GENERAL AV. 1870,-58.392633,-34.591284,Comuna 2,,Carriles Exclusivos,doble,este,4780
2025-06-05,5,6,2025,LAS HERAS GENERAL AV. 1870,-58.392633,-34.591284,Comuna 2,,Carriles Exclusivos,doble,este,5115
2025-06-12,12,6,2025,LAS HERAS GENERAL AV. 1870,-58.392633,-34.591284,Comuna 2,,Carriles Exclusivos,doble,este,4907
2025-06-19,19,6,2025,LAS HERAS GENERAL AV. 1870,-58.392633,-34.591284,Comuna 2,,Carriles Exclusivos,doble,este,5031
2025-06-26,26,6,2025,LAS HERAS GENERAL AV. 1870,-58.392633,-34.591284,Comuna 2,,Carriles Exclusivos,doble,este,5038
2025-07-03,3,7,2025,LAS HERAS GENERAL AV. 1870,-58.392633,-34.591284,Comuna 2,,Carriles Exclusivos,doble,este,5326
2025-07-10,10,7,2025,LAS HERAS GENERAL AV. 1870,-58.392633,-34.591284,Comuna 2,,Carriles Exclusivos,doble,este,5049
2025-07-17,17,7,2025,LAS HERAS GENERAL AV. 1870,-58.392633,-34.591284,Comuna 2,,Carriles Exclusivos,doble,este,4865
2025-07-24,24,7,2025,LAS HERAS GENERAL AV. 1870,-58.392633,-34.591284,Comuna 2,,Carriles Exclusivos,doble,este,4360
2025-07-31,31,7,2025,LAS HERAS GENERAL AV. 1870,-58.392633,-34.591284,Comuna 2,,Carriles Exclusivos,doble,este,5096
2025-01-03,3,1,2025,LAS HERAS GENERAL AV. 2252,-58.396535,-34.588012,Comuna 2,,Carriles Exclusivos,doble,este,3298
2025-01-10,10,1,2025,LAS HERAS GENERAL AV. 2252,-58.396535,-34.588012,Comuna 2,,Carriles Exclusivos,doble,este,2935
2025-01-17,17,1,2025,LAS HERAS GENERAL AV. 2252,-58.396535,-34.588012,Comuna 2,,Carriles Exclusivos,doble,este,3119
2025-01-24,24,1,2025,LAS HERAS GENERAL AV. 2252,-58.396535,-34.588012,Comuna 2,,Carriles Exclusivos,doble,este,2527
2025-01-31,31,1,2025,LAS HERAS GENERAL AV. 2252,-58.396535,-34.588012,Comuna 2,,Carriles Exclusivos,doble,este,3164
2025-02-07,7,2,2025,LAS HERAS GENERAL AV. 2252,-58.396535,-34.588012,Comuna 2,,Carriles Exclusivos,doble,este,4332
2025-02-14,14,2,2025,LAS HERAS GENERAL AV. 2252,-58.396535,-34.588012,Comuna 2,,Carriles Exclusivos,doble,este,3453
2025-02-21,21,2,2025,LAS HERAS GENERAL AV. 2252,-58.396535,-34.588012,Comuna 2,,Carriles Exclusivos,doble,este,3868
2025-02-28,28,2,2025,LAS HERAS GENERAL AV. 2252,-58.396535,-34.588012,Comuna 2,,Carriles Exclusivos,doble,este,3878
2025-03-06,6,3,2025,LAS HERAS GENERAL AV. 2252,-58.396535,-34.588012,Comuna 2,,Carriles Exclusivos,doble,este,4173
2025-03-13,13,3,2025,LAS HERAS GENERAL AV. 2252,-58.396535,-34.588012,Comuna 2,,Carriles Exclusivos,doble,este,3075
2025-03-20,20,3,2025,LAS HERAS GENERAL AV. 2252,-58.396535,-34.588012,Comuna 2,,Carriles Exclusivos,doble,este,2530
2025-03-27,27,3,2025,LAS HERAS GENERAL AV. 2252,-58.396535,-34.588012,Comuna 2,,Carriles Exclusivos,doble,este,3600
2025-04-03,3,4,2025,LAS HERAS GENERAL AV. 2252,-58.396535,-34.588012,Comuna 2,,Carriles Exclusivos,doble,este,3010
2025-04-10,10,4,2025,LAS HERAS GENERAL AV. 2252,-58.396535,-34.588012,Comuna 2,,Carriles Exclusivos,doble,este,3598
2025-04-17,17,4,2025,LAS HERAS GENERAL AV. 2252,-58.396535,-34.588012,Comuna 2,,Carriles Exclusivos,doble,este,3619
2025-04-24,24,4,2025,LAS HERAS GENERAL AV. 2252,-58.396535,-34.588012,Comuna 2,,Carriles Exclusivos,doble,este,3625
2025-05-01,1,5,2025,LAS HERAS GENERAL AV. 2252,-58.396535,-34.588012,Comuna 2,,Carriles Exclusivos,doble,este,1940
2025-05-08,8,5,2025,LAS HERAS GENERAL AV. 2252,-58.396535,-34.588012,Comuna 2,,Carriles Exclusivos,doble,este,3957
2025-05-15,15,5,2025,LAS HERAS GENERAL AV. 2252,-58.396535,-34.588012,Comuna 2,,Carriles Exclusivos,doble,este,3900
2025-05-22,22,5,2025,LAS HERAS GENERAL AV. 2252,-58.396535,-34.588012,Comuna 2,,Carriles Exclusivos,doble,este,3782
2025-05-29,29,5,2025,LAS HERAS GENERAL AV. 2252,-58.396535,-34.588012,Comuna 2,,Carriles Exclusivos,doble,este,3422
2025-06-05,5,6,2025,LAS HERAS GENERAL AV. 2252,-58.396535,-34.588012,Comuna 2,,Carriles Exclusivos,doble,este,3381
2025-06-12,12,6,2025,LAS HERAS GENERAL AV. 2252,-58.396535,-34.588012,Comuna 2,,Carriles Exclusivos,doble,este,3409
2025-06-19,19,6,2025,LAS HERAS GENERAL AV. 2252,-58.396535,-34.588012,Comuna 2,,Carriles Exclusivos,doble,este,3470
2025-06-26,26,6,2025,LAS HERAS GENERAL AV. 2252,-58.396535,-34.588012,Comuna 2,,Carriles Exclusivos,doble,este,3497
2025-07-03,3,7,2025,LAS HERAS GENERAL AV. 2252,-58.396535,-34.588012,Comuna 2,,Carriles Exclusivos,doble,este,3648
2025-07-10,10,7,2025,LAS HERAS GENERAL AV. 2252,-58.396535,-34.588012,Comuna 2,,Carriles Exclusivos,doble,este,3401
2025-07-17,17,7,2025,LAS HERAS GENERAL AV. 2252,-58.396535,-34.588012,Comuna 2,,Carriles Exclusivos,doble,este,3420
2025-07-24,24,7,2025,LAS HERAS GENERAL AV. 2252,-58.396535,-34.588012,Comuna 2,,Carriles Exclusivos,doble,este,2883
2025-07-31,31,7,2025,LAS HERAS GENERAL AV. 2252,-58.396535,-34.588012,Comuna 2,,Carriles Exclusivos,doble,este,3586
2025-01-03,3,1,2025,PUEYRREDON AV. 350,-58.405942,-34.606096,Comuna 3,,Carriles Exclusivos,doble,sur,4162
2025-01-10,10,1,2025,PUEYRREDON AV. 350,-58.405942,-34.606096,Comuna 3,,Carriles Exclusivos,doble,sur,3498
2025-01-17,17,1,2025,PUEYRREDON AV. 350,-58.405942,-34.606096,Comuna 3,,Carriles Exclusivos,doble,sur,3939
2025-01-24,24,1,2025,PUEYRREDON AV. 350,-58.405942,-34.606096,Comuna 3,,Carriles Exclusivos,doble,sur,3589
2025-01-31,31,1,2025,PUEYRREDON AV. 350,-58.405942,-34.606096,Comuna 3,,Carriles Exclusivos,doble,sur,3775
2025-02-07,7,2,2025,PUEYRREDON AV. 350,-58.405942,-34.606096,Comuna 3,,Carriles Exclusivos,doble,sur,6802
2025-02-14,14,2,2025,PUEYRREDON AV. 350,-58.405942,-34.606096,Comuna 3,,Carriles Exclusivos,doble,sur,4906
2025-02-21,21,2,2025,PUEYRREDON AV. 350,-58.405942,-34.606096,Comuna 3,,Carriles Exclusivos,doble,sur,9
2025-03-06,6,3,2025,PUEYRREDON AV. 350,-58.405942,-34.606096,Comuna 3,,Carriles Exclusivos,doble,sur,9339
2025-03-13,13,3,2025,PUEYRREDON AV. 350,-58.405942,-34.606096,Comuna 3,,Carriles Exclusivos,doble,sur,9265
2025-03-20,20,3,2025,PUEYRREDON AV. 350,-58.405942,-34.606096,Comuna 3,,Carriles Exclusivos,doble,sur,7673
2025-03-27,27,3,2025,PUEYRREDON AV. 350,-58.405942,-34.606096,Comuna 3,,Carriles Exclusivos,doble,sur,10102
2025-04-03,3,4,2025,PUEYRREDON AV. 350,-58.405942,-34.606096,Comuna 3,,Carriles Exclusivos,doble,sur,8511
2025-04-10,10,4,2025,PUEYRREDON AV. 350,-58.405942,-34.606096,Comuna 3,,Carriles Exclusivos,doble,sur,10369
2025-04-17,17,4,2025,PUEYRREDON AV. 350,-58.405942,-34.606096,Comuna 3,,Carriles Exclusivos,doble,sur,9303
2025-04-24,24,4,2025,PUEYRREDON AV. 350,-58.405942,-34.606096,Comuna 3,,Carriles Exclusivos,doble,sur,9608
2025-05-01,1,5,2025,PUEYRREDON AV. 350,-58.405942,-34.606096,Comuna 3,,Carriles Exclusivos,doble,sur,7588
2025-05-08,8,5,2025,PUEYRREDON AV. 350,-58.405942,-34.606096,Comuna 3,,Carriles Exclusivos,doble,sur,9806
2025-05-15,15,5,2025,PUEYRREDON AV. 350,-58.405942,-34.606096,Comuna 3,,Carriles Exclusivos,doble,sur,9603
2025-05-22,22,5,2025,PUEYRREDON AV. 350,-58.405942,-34.606096,Comuna 3,,Carriles Exclusivos,doble,sur,9100
2025-05-29,29,5,2025,PUEYRREDON AV. 350,-58.405942,-34.606096,Comuna 3,,Carriles Exclusivos,doble,sur,8790
2025-06-05,5,6,2025,PUEYRREDON AV. 350,-58.405942,-34.606096,Comuna 3,,Carriles Exclusivos,doble,sur,8758
2025-06-12,12,6,2025,PUEYRREDON AV. 350,-58.405942,-34.606096,Comuna 3,,Carriles Exclusivos,doble,sur,8720
2025-06-19,19,6,2025,PUEYRREDON AV. 350,-58.405942,-34.606096,Comuna 3,,Carriles Exclusivos,doble,sur,9481
2025-06-26,26,6,2025,PUEYRREDON AV. 350,-58.405942,-34.606096,Comuna 3,,Carriles Exclusivos,doble,sur,8909
2025-07-03,3,7,2025,PUEYRREDON AV. 350,-58.405942,-34.606096,Comuna 3,,Carriles Exclusivos,doble,sur,8597
2025-07-10,10,7,2025,PUEYRREDON AV. 350,-58.405942,-34.606096,Comuna 3,,Carriles Exclusivos,doble,sur,8523
2025-07-17,17,7,2025,PUEYRREDON AV. 350,-58.405942,-34.606096,Comuna 3,,Carriles Exclusivos,doble,sur,8699
2025-07-24,24,7,2025,PUEYRREDON AV. 350,-58.405942,-34.606096,Comuna 3,,Carriles Exclusivos,doble,sur,8081
2025-07-31,31,7,2025,PUEYRREDON AV. 350,-58.405942,-34.606096,Comuna 3,,Carriles Exclusivos,doble,sur,8449
2025-01-03,3,1,2025,CORDOBA AV. 3647,-58.417813,-34.597727,Comuna 14,,Carriles Exclusivos,única,oeste,7910
2025-01-10,10,1,2025,CORDOBA AV. 3647,-58.417813,-34.597727,Comuna 14,,Carriles Exclusivos,única,oeste,7685
2025-01-17,17,1,2025,CORDOBA AV. 3647,-58.417813,-34.597727,Comuna 14,,Carriles Exclusivos,única,oeste,7399
2025-01-24,24,1,2025,CORDOBA AV. 3647,-58.417813,-34.597727,Comuna 14,,Carriles Exclusivos,única,oeste,3781
2025-01-31,31,1,2025,CORDOBA AV. 3647,-58.417813,-34.597727,Comuna 14,,Carriles Exclusivos,única,oeste,8816
2025-02-07,7,2,2025,CORDOBA AV. 3647,-58.417813,-34.597727,Comuna 14,,Carriles Exclusivos,única,oeste,9660
2025-02-14,14,2,2025,CORDOBA AV. 3647,-58.417813,-34.597727,Comuna 14,,Carriles Exclusivos,única,oeste,9258
2025-02-21,21,2,2025,CORDOBA AV. 3647,-58.417813,-34.597727,Comuna 14,,Carriles Exclusivos,única,oeste,9140
2025-02-28,28,2,2025,CORDOBA AV. 3647,-58.417813,-34.597727,Comuna 14,,Carriles Exclusivos,única,oeste,9493
2025-03-06,6,3,2025,CORDOBA AV. 3647,-58.417813,-34.597727,Comuna 14,,Carriles Exclusivos,única,oeste,9821
2025-03-13,13,3,2025,CORDOBA AV. 3647,-58.417813,-34.597727,Comuna 14,,Carriles Exclusivos,única,oeste,8947
2025-03-20,20,3,2025,CORDOBA AV. 3647,-58.417813,-34.597727,Comuna 14,,Carriles Exclusivos,única,oeste,7608
2025-03-27,27,3,2025,CORDOBA AV. 3647,-58.417813,-34.597727,Comuna 14,,Carriles Exclusivos,única,oeste,9535
2025-04-03,3,4,2025,CORDOBA AV. 3647,-58.417813,-34.597727,Comuna 14,,Carriles Exclusivos,única,oeste,8959
2025-04-10,10,4,2025,CORDOBA AV. 3647,-58.417813,-34.597727,Comuna 14,,Carriles Exclusivos,única,oeste,9512
2025-04-17,17,4,2025,CORDOBA AV. 3647,-58.417813,-34.597727,Comuna 14,,Carriles Exclusivos,única,oeste,5116
2025-04-24,24,4,2025,CORDOBA AV. 3647,-58.417813,-34.597727,Comuna 14,,Carriles Exclusivos,única,oeste,4282
2025-05-01,1,5,2025,CORDOBA AV. 3647,-58.417813,-34.597727,Comuna 14,,Carriles Exclusivos,única,oeste,3742
2025-05-08,8,5,2025,CORDOBA AV. 3647,-58.417813,-34.597727,Comuna 14,,Carriles Exclusivos,única,oeste,9766
2025-05-15,15,5,2025,CORDOBA AV. 3647,-58.417813,-34.597727,Comuna 14,,Carriles Exclusivos,única,oeste,9075
2025-05-22,22,5,2025,CORDOBA AV. 3647,-58.417813,-34.597727,Comuna 14,,Carriles Exclusivos,única,oeste,9271
2025-05-29,29,5,2025,CORDOBA AV. 3647,-58.417813,-34.597727,Comuna 14,,Carriles Exclusivos,única,oeste,8731
2025-06-05,5,6,2025,CORDOBA AV. 3647,-58.417813,-34.597727,Comuna 14,,Carriles Exclusivos,única,oeste,9572
2025-06-12,12,6,2025,CORDOBA AV. 3647,-58.417813,-34.597727,Comuna 14,,Carriles Exclusivos,única,oeste,9282
2025-06-19,19,6,2025,CORDOBA AV. 3647,-58.417813,-34.597727,Comuna 14,,Carriles Exclusivos,única,oeste,9745
2025-06-26,26,6,2025,CORDOBA AV. 3647,-58.417813,-34.597727,Comuna 14,,Carriles Exclusivos,única,oeste,9725
2025-07-03,3,7,2025,CORDOBA AV. 3647,-58.417813,-34.597727,Comuna 14,,Carriles Exclusivos,única,oeste,10252
2025-07-10,10,7,2025,CORDOBA AV. 3647,-58.417813,-34.597727,Comuna 14,,Carriles Exclusivos,única,oeste,9197
2025-07-17,17,7,2025,CORDOBA AV. 3647,-58.417813,-34.597727,Comuna 14,,Carriles Exclusivos,única,oeste,9379
2025-07-24,24,7,2025,CORDOBA AV. 3647,-58.417813,-34.597727,Comuna 14,,Carriles Exclusivos,única,oeste,9939
2025-07-31,31,7,2025,CORDOBA AV. 3647,-58.417813,-34.597727,Comuna 14,,Carriles Exclusivos,única,oeste,10313
2025-01-03,3,1,2025,CALLAO AV. 337,-58.392133,-34.605181,Comuna 1,,Carriles Exclusivos,única,norte,8658
2025-01-10,10,1,2025,CALLAO AV. 337,-58.392133,-34.605181,Comuna 1,,Carriles Exclusivos,única,norte,8867
2025-01-17,17,1,2025,CALLAO AV. 337,-58.392133,-34.605181,Comuna 1,,Carriles Exclusivos,única,norte,8784
2025-01-24,24,1,2025,CALLAO AV. 337,-58.392133,-34.605181,Comuna 1,,Carriles Exclusivos,única,norte,4346
2025-01-31,31,1,2025,CALLAO AV. 337,-58.392133,-34.605181,Comuna 1,,Carriles Exclusivos,única,norte,6962
2025-02-07,7,2,2025,CALLAO AV. 337,-58.392133,-34.605181,Comuna 1,,Carriles Exclusivos,única,norte,8716
2025-02-14,14,2,2025,CALLAO AV. 337,-58.392133,-34.605181,Comuna 1,,Carriles Exclusivos,única,norte,9194
2025-02-21,21,2,2025,CALLAO AV. 337,-58.392133,-34.605181,Comuna 1,,Carriles Exclusivos,única,norte,8957
2025-02-28,28,2,2025,CALLAO AV. 337,-58.392133,-34.605181,Comuna 1,,Carriles Exclusivos,única,norte,9356
2025-03-06,6,3,2025,CALLAO AV. 337,-58.392133,-34.605181,Comuna 1,,Carriles Exclusivos,única,norte,8816
2025-03-13,13,3,2025,CALLAO AV. 337,-58.392133,-34.605181,Comuna 1,,Carriles Exclusivos,única,norte,8465
2025-03-20,20,3,2025,CALLAO AV. 337,-58.392133,-34.605181,Comuna 1,,Carriles Exclusivos,única,norte,7294
2025-03-27,27,3,2025,CALLAO AV. 337,-58.392133,-34.605181,Comuna 1,,Carriles Exclusivos,única,norte,8013
2025-04-03,3,4,2025,CALLAO AV. 337,-58.392133,-34.605181,Comuna 1,,Carriles Exclusivos,única,norte,4212
2025-04-10,10,4,2025,CALLAO AV. 337,-58.392133,-34.605181,Comuna 1,,Carriles Exclusivos,única,norte,8516
2025-04-17,17,4,2025,CALLAO AV. 337,-58.392133,-34.605181,Comuna 1,,Carriles Exclusivos,única,norte,8586
2025-04-24,24,4,2025,CALLAO AV. 337,-58.392133,-34.605181,Comuna 1,,Carriles Exclusivos,única,norte,8330
2025-05-01,1,5,2025,CALLAO AV. 337,-58.392133,-34.605181,Comuna 1,,Carriles Exclusivos,única,norte,5224
2025-05-08,8,5,2025,CALLAO AV. 337,-58.392133,-34.605181,Comuna 1,,Carriles Exclusivos,única,norte,9683
2025-05-15,15,5,2025,CALLAO AV. 337,-58.392133,-34.605181,Comuna 1,,Carriles Exclusivos,única,norte,9320
2025-05-22,22,5,2025,CALLAO AV. 337,-58.392133,-34.605181,Comuna 1,,Carriles Exclusivos,única,norte,8925
2025-05-29,29,5,2025,CALLAO AV. 337,-58.392133,-34.605181,Comuna 1,,Carriles Exclusivos,única,norte,8248
2025-06-05,5,6,2025,CALLAO AV. 337,-58.392133,-34.605181,Comuna 1,,Carriles Exclusivos,única,norte,8851
2025-06-12,12,6,2025,CALLAO AV. 337,-58.392133,-34.605181,Comuna 1,,Carriles Exclusivos,única,norte,4128
2025-06-19,19,6,2025,CALLAO AV. 337,-58.392133,-34.605181,Comuna 1,,Carriles Exclusivos,única,norte,9289
2025-06-26,26,6,2025,CALLAO AV. 337,-58.392133,-34.605181,Comuna 1,,Carriles Exclusivos,única,norte,8817
2025-07-03,3,7,2025,CALLAO AV. 337,-58.392133,-34.605181,Comuna 1,,Carriles Exclusivos,única,norte,8884
2025-07-10,10,7,2025,CALLAO AV. 337,-58.392133,-34.605181,Comuna 1,,Carriles Exclusivos,única,norte,8669
2025-07-17,17,7,2025,CALLAO AV. 337,-58.392133,-34.605181,Comuna 1,,Carriles Exclusivos,única,norte,9237
2025-07-24,24,7,2025,CALLAO AV. 337,-58.392133,-34.605181,Comuna 1,,Carriles Exclusivos,única,norte,9007
2025-07-31,31,7,2025,CALLAO AV. 337,-58.392133,-34.605181,Comuna 1,,Carriles Exclusivos,única,norte,8850
2025-01-03,3,1,2025,PUEYRREDON AV. 768,-58.404705,-34.601207,Comuna 3,,Carriles Exclusivos,doble,sur,4868
2025-01-10,10,1,2025,PUEYRREDON AV. 768,-58.404705,-34.601207,Comuna 3,,Carriles Exclusivos,doble,sur,6473
2025-01-17,17,1,2025,PUEYRREDON AV. 768,-58.404705,-34.601207,Comuna 3,,Carriles Exclusivos,doble,sur,5509
2025-01-24,24,1,2025,PUEYRREDON AV. 768,-58.404705,-34.601207,Comuna 3,,Carriles Exclusivos,doble,sur,5698
2025-01-31,31,1,2025,PUEYRREDON AV. 768,-58.404705,-34.601207,Comuna 3,,Carriles Exclusivos,doble,sur,5959
2025-02-07,7,2,2025,PUEYRREDON AV. 768,-58.404705,-34.601207,Comuna 3,,Carriles Exclusivos,doble,sur,6967
2025-02-14,14,2,2025,PUEYRREDON AV. 768,-58.404705,-34.601207,Comuna 3,,Carriles Exclusivos,doble,sur,7076
2025-02-21,21,2,2025,PUEYRREDON AV. 768,-58.404705,-34.601207,Comuna 3,,Carriles Exclusivos,doble,sur,7122
2025-02-28,28,2,2025,PUEYRREDON AV. 768,-58.404705,-34.601207,Comuna 3,,Carriles Exclusivos,doble,sur,6857
2025-03-06,6,3,2025,PUEYRREDON AV. 768,-58.404705,-34.601207,Comuna 3,,Carriles Exclusivos,doble,sur,6449
2025-03-13,13,3,2025,PUEYRREDON AV. 768,-58.404705,-34.601207,Comuna 3,,Carriles Exclusivos,doble,sur,6713
2025-03-20,20,3,2025,PUEYRREDON AV. 768,-58.404705,-34.601207,Comuna 3,,Carriles Exclusivos,doble,sur,5738
2025-03-27,27,3,2025,PUEYRREDON AV. 768,-58.404705,-34.601207,Comuna 3,,Carriles Exclusivos,doble,sur,7074
2025-04-03,3,4,2025,PUEYRREDON AV. 768,-58.404705,-34.601207,Comuna 3,,Carriles Exclusivos,doble,sur,6372
2025-04-10,10,4,2025,PUEYRREDON AV. 768,-58.404705,-34.601207,Comuna 3,,Carriles Exclusivos,doble,sur,6602
2025-05-22,22,5,2025,PUEYRREDON AV. 768,-58.404705,-34.601207,Comuna 3,,Carriles Exclusivos,doble,sur,6941
2025-05-29,29,5,2025,PUEYRREDON AV. 768,-58.404705,-34.601207,Comuna 3,,Carriles Exclusivos,doble,sur,6533
2025-06-05,5,6,2025,PUEYRREDON AV. 768,-58.404705,-34.601207,Comuna 3,,Carriles Exclusivos,doble,sur,6625
2025-06-12,12,6,2025,PUEYRREDON AV. 768,-58.404705,-34.601207,Comuna 3,,Carriles Exclusivos,doble,sur,6068
2025-06-19,19,6,2025,PUEYRREDON AV. 768,-58.404705,-34.601207,Comuna 3,,Carriles Exclusivos,doble,sur,7153
2025-06-26,26,6,2025,PUEYRREDON AV. 768,-58.404705,-34.601207,Comuna 3,,Carriles Exclusivos,doble,sur,6823
2025-07-03,3,7,2025,PUEYRREDON AV. 768,-58.404705,-34.601207,Comuna 3,,Carriles Exclusivos,doble,sur,2877
2025-07-10,10,7,2025,PUEYRREDON AV. 768,-58.404705,-34.601207,Comuna 3,,Carriles Exclusivos,doble,sur,2807
2025-07-17,17,7,2025,PUEYRREDON AV. 768,-58.404705,-34.601207,Comuna 3,,Carriles Exclusivos,doble,sur,3130
2025-07-24,24,7,2025,PUEYRREDON AV. 768,-58.404705,-34.601207,Comuna 3,,Carriles Exclusivos,doble,sur,4918
2025-07-31,31,7,2025,PUEYRREDON AV. 768,-58.404705,-34.601207,Comuna 3,,Carriles Exclusivos,doble,sur,5737
2025-01-03,3,1,2025,PUEYRREDON AV. 870,-58.404389,-34.600218,Comuna 3,,Carriles Exclusivos,doble,sur,5316
2025-01-10,10,1,2025,PUEYRREDON AV. 870,-58.404389,-34.600218,Comuna 3,,Carriles Exclusivos,doble,sur,5677
2025-01-17,17,1,2025,PUEYRREDON AV. 870,-58.404389,-34.600218,Comuna 3,,Carriles Exclusivos,doble,sur,5401
2025-01-24,24,1,2025,PUEYRREDON AV. 870,-58.404389,-34.600218,Comuna 3,,Carriles Exclusivos,doble,sur,5495
2025-01-31,31,1,2025,PUEYRREDON AV. 870,-58.404389,-34.600218,Comuna 3,,Carriles Exclusivos,doble,sur,5294
2025-02-07,7,2,2025,PUEYRREDON AV. 870,-58.404389,-34.600218,Comuna 3,,Carriles Exclusivos,doble,sur,5686
2025-02-21,21,2,2025,PUEYRREDON AV. 870,-58.404389,-34.600218,Comuna 3,,Carriles Exclusivos,doble,sur,5838
2025-02-28,28,2,2025,PUEYRREDON AV. 870,-58.404389,-34.600218,Comuna 3,,Carriles Exclusivos,doble,sur,5217
2025-03-06,6,3,2025,PUEYRREDON AV. 870,-58.404389,-34.600218,Comuna 3,,Carriles Exclusivos,doble,sur,4766
2025-03-13,13,3,2025,PUEYRREDON AV. 870,-58.404389,-34.600218,Comuna 3,,Carriles Exclusivos,doble,sur,5279
2025-03-20,20,3,2025,PUEYRREDON AV. 870,-58.404389,-34.600218,Comuna 3,,Carriles Exclusivos,doble,sur,4735
2025-03-27,27,3,2025,PUEYRREDON AV. 870,-58.404389,-34.600218,Comuna 3,,Carriles Exclusivos,doble,sur,5243
2025-04-03,3,4,2025,PUEYRREDON AV. 870,-58.404389,-34.600218,Comuna 3,,Carriles Exclusivos,doble,sur,4848
2025-04-10,10,4,2025,PUEYRREDON AV. 870,-58.404389,-34.600218,Comuna 3,,Carriles Exclusivos,doble,sur,5251
2025-04-17,17,4,2025,PUEYRREDON AV. 870,-58.404389,-34.600218,Comuna 3,,Carriles Exclusivos,doble,sur,5594
2025-04-24,24,4,2025,PUEYRREDON AV. 870,-58.404389,-34.600218,Comuna 3,,Carriles Exclusivos,doble,sur,5228
2025-05-01,1,5,2025,PUEYRREDON AV. 870,-58.404389,-34.600218,Comuna 3,,Carriles Exclusivos,doble,sur,5306
2025-05-08,8,5,2025,PUEYRREDON AV. 870,-58.404389,-34.600218,Comuna 3,,Carriles Exclusivos,doble,sur,5687
2025-05-15,15,5,2025,PUEYRREDON AV. 870,-58.404389,-34.600218,Comuna 3,,Carriles Exclusivos,doble,sur,5497
2025-05-22,22,5,2025,PUEYRREDON AV. 870,-58.404389,-34.600218,Comuna 3,,Carriles Exclusivos,doble,sur,5110
2025-05-29,29,5,2025,PUEYRREDON AV. 870,-58.404389,-34.600218,Comuna 3,,Carriles Exclusivos,doble,sur,4614
2025-06-05,5,6,2025,PUEYRREDON AV. 870,-58.404389,-34.600218,Comuna 3,,Carriles Exclusivos,doble,sur,5175
2025-06-12,12,6,2025,PUEYRREDON AV. 870,-58.404389,-34.600218,Comuna 3,,Carriles Exclusivos,doble,sur,4720
2025-06-19,19,6,2025,PUEYRREDON AV. 870,-58.404389,-34.600218,Comuna 3,,Carriles Exclusivos,doble,sur,5604
2025-06-26,26,6,2025,PUEYRREDON AV. 870,-58.404389,-34.600218,Comuna 3,,Carriles Exclusivos,doble,sur,5529
2025-07-03,3,7,2025,PUEYRREDON AV. 870,-58.404389,-34.600218,Comuna 3,,Carriles Exclusivos,doble,sur,5352
2025-07-10,10,7,2025,PUEYRREDON AV. 870,-58.404389,-34.600218,Comuna 3,,Carriles Exclusivos,doble,sur,5228
2025-07-17,17,7,2025,PUEYRREDON AV. 870,-58.404389,-34.600218,Comuna 3,,Carriles Exclusivos,doble,sur,5434
2025-07-24,24,7,2025,PUEYRREDON AV. 870,-58.404389,-34.600218,Comuna 3,,Carriles Exclusivos,doble,sur,5493
2025-07-31,31,7,2025,PUEYRREDON AV. 870,-58.404389,-34.600218,Comuna 3,,Carriles Exclusivos,doble,sur,5558
2025-01-03,3,1,2025,ROSARIO 21,-58.429075,-34.618311,Comuna 6,2,calle_avenida,única,este,10139
2025-01-10,10,1,2025,ROSARIO 21,-58.429075,-34.618311,Comuna 6,2,calle_avenida,única,este,10560
2025-01-17,17,1,2025,ROSARIO 21,-58.429075,-34.618311,Comuna 6,2,calle_avenida,única,este,9312
2025-01-24,24,1,2025,ROSARIO 21,-58.429075,-34.618311,Comuna 6,2,calle_avenida,única,este,7499
2025-01-31,31,1,2025,ROSARIO 21,-58.429075,-34.618311,Comuna 6,2,calle_avenida,única,este,9554
2025-02-07,7,2,2025,ROSARIO 21,-58.429075,-34.618311,Comuna 6,2,calle_avenida,única,este,11845
2025-02-14,14,2,2025,ROSARIO 21,-58.429075,-34.618311,Comuna 6,2,calle_avenida,única,este,10707
2025-02-21,21,2,2025,ROSARIO 21,-58.429075,-34.618311,Comuna 6,2,calle_avenida,única,este,10434
2025-02-28,28,2,2025,ROSARIO 21,-58.429075,-34.618311,Comuna 6,2,calle_avenida,única,este,11241
2025-03-06,6,3,2025,ROSARIO 21,-58.429075,-34.618311,Comuna 6,2,calle_avenida,única,este,10670
2025-03-13,13,3,2025,ROSARIO 21,-58.429075,-34.618311,Comuna 6,2,calle_avenida,única,este,13152
2025-03-20,20,3,2025,ROSARIO 21,-58.429075,-34.618311,Comuna 6,2,calle_avenida,única,este,180
2025-03-27,27,3,2025,ROSARIO 21,-58.429075,-34.618311,Comuna 6,2,calle_avenida,única,este,5347
2025-04-03,3,4,2025,ROSARIO 21,-58.429075,-34.618311,Comuna 6,2,calle_avenida,única,este,4873
2025-04-10,10,4,2025,ROSARIO 21,-58.429075,-34.618311,Comuna 6,2,calle_avenida,única,este,4612
2025-04-17,17,4,2025,ROSARIO 21,-58.429075,-34.618311,Comuna 6,2,calle_avenida,única,este,4463
2025-04-24,24,4,2025,ROSARIO 21,-58.429075,-34.618311,Comuna 6,2,calle_avenida,única,este,4252
2025-05-01,1,5,2025,ROSARIO 21,-58.429075,-34.618311,Comuna 6,2,calle_avenida,única,este,3245
2025-05-08,8,5,2025,ROSARIO 21,-58.429075,-34.618311,Comuna 6,2,calle_avenida,única,este,6118
2025-05-15,15,5,2025,ROSARIO 21,-58.429075,-34.618311,Comuna 6,2,calle_avenida,única,este,6246
2025-05-22,22,5,2025,ROSARIO 21,-58.429075,-34.618311,Comuna 6,2,calle_avenida,única,este,5965
2025-05-29,29,5,2025,ROSARIO 21,-58.429075,-34.618311,Comuna 6,2,calle_avenida,única,este,5955
2025-06-05,5,6,2025,ROSARIO 21,-58.429075,-34.618311,Comuna 6,2,calle_avenida,única,este,5250
2025-06-12,12,6,2025,ROSARIO 21,-58.429075,-34.618311,Comuna 6,2,calle_avenida,única,este,6372
2025-06-19,19,6,2025,ROSARIO 21,-58.429075,-34.618311,Comuna 6,2,calle_avenida,única,este,6986
2025-06-26,26,6,2025,ROSARIO 21,-58.429075,-34.618311,Comuna 6,2,calle_avenida,única,este,6701
2025-07-03,3,7,2025,ROSARIO 21,-58.429075,-34.618311,Comuna 6,2,calle_avenida,única,este,7130
2025-07-10,10,7,2025,ROSARIO 21,-58.429075,-34.618311,Comuna 6,2,calle_avenida,única,este,7188
2025-07-17,17,7,2025,ROSARIO 21,-58.429075,-34.618311,Comuna 6,2,calle_avenida,única,este,7368
2025-07-24,24,7,2025,ROSARIO 21,-58.429075,-34.618311,Comuna 6,2,calle_avenida,única,este,6603
2025-07-31,31,7,2025,ROSARIO 21,-58.429075,-34.618311,Comuna 6,2,calle_avenida,única,este,7008
2025-01-03,3,1,2025,CORDOBA AV. 2149,-58.398175,-34.599668,Comuna 2,,Carriles Exclusivos,única,oeste,9887
2025-01-10,10,1,2025,CORDOBA AV. 2149,-58.398175,-34.599668,Comuna 2,,Carriles Exclusivos,única,oeste,8932
2025-01-17,17,1,2025,CORDOBA AV. 2149,-58.398175,-34.599668,Comuna 2,,Carriles Exclusivos,única,oeste,8796
2025-01-24,24,1,2025,CORDOBA AV. 2149,-58.398175,-34.599668,Comuna 2,,Carriles Exclusivos,única,oeste,6939
2025-01-31,31,1,2025,CORDOBA AV. 2149,-58.398175,-34.599668,Comuna 2,,Carriles Exclusivos,única,oeste,9211
2025-02-07,7,2,2025,CORDOBA AV. 2149,-58.398175,-34.599668,Comuna 2,,Carriles Exclusivos,única,oeste,10233
2025-02-14,14,2,2025,CORDOBA AV. 2149,-58.398175,-34.599668,Comuna 2,,Carriles Exclusivos,única,oeste,10443
2025-02-21,21,2,2025,CORDOBA AV. 2149,-58.398175,-34.599668,Comuna 2,,Carriles Exclusivos,única,oeste,9610
2025-02-28,28,2,2025,CORDOBA AV. 2149,-58.398175,-34.599668,Comuna 2,,Carriles Exclusivos,única,oeste,9736
2025-03-06,6,3,2025,CORDOBA AV. 2149,-58.398175,-34.599668,Comuna 2,,Carriles Exclusivos,única,oeste,10081
2025-03-13,13,3,2025,CORDOBA AV. 2149,-58.398175,-34.599668,Comuna 2,,Carriles Exclusivos,única,oeste,9525
2025-03-20,20,3,2025,CORDOBA AV. 2149,-58.398175,-34.599668,Comuna 2,,Carriles Exclusivos,única,oeste,7728
2025-03-27,27,3,2025,CORDOBA AV. 2149,-58.398175,-34.599668,Comuna 2,,Carriles Exclusivos,única,oeste,9686
2025-04-03,3,4,2025,CORDOBA AV. 2149,-58.398175,-34.599668,Comuna 2,,Carriles Exclusivos,única,oeste,9130
2025-04-10,10,4,2025,CORDOBA AV. 2149,-58.398175,-34.599668,Comuna 2,,Carriles Exclusivos,única,oeste,9201
2025-04-17,17,4,2025,CORDOBA AV. 2149,-58.398175,-34.599668,Comuna 2,,Carriles Exclusivos,única,oeste,9838
2025-04-24,24,4,2025,CORDOBA AV. 2149,-58.398175,-34.599668,Comuna 2,,Carriles Exclusivos,única,oeste,10236
2025-05-01,1,5,2025,CORDOBA AV. 2149,-58.398175,-34.599668,Comuna 2,,Carriles Exclusivos,única,oeste,4649
2025-05-08,8,5,2025,CORDOBA AV. 2149,-58.398175,-34.599668,Comuna 2,,Carriles Exclusivos,única,oeste,10801
2025-05-15,15,5,2025,CORDOBA AV. 2149,-58.398175,-34.599668,Comuna 2,,Carriles Exclusivos,única,oeste,9473
2025-05-22,22,5,2025,CORDOBA AV. 2149,-58.398175,-34.599668,Comuna 2,,Carriles Exclusivos,única,oeste,9883
2025-05-29,29,5,2025,CORDOBA AV. 2149,-58.398175,-34.599668,Comuna 2,,Carriles Exclusivos,única,oeste,9047
2025-06-05,5,6,2025,CORDOBA AV. 2149,-58.398175,-34.599668,Comuna 2,,Carriles Exclusivos,única,oeste,9629
2025-06-12,12,6,2025,CORDOBA AV. 2149,-58.398175,-34.599668,Comuna 2,,Carriles Exclusivos,única,oeste,9257
2025-06-19,19,6,2025,CORDOBA AV. 2149,-58.398175,-34.599668,Comuna 2,,Carriles Exclusivos,única,oeste,9903
2025-06-26,26,6,2025,CORDOBA AV. 2149,-58.398175,-34.599668,Comuna 2,,Carriles Exclusivos,única,oeste,9802
2025-07-03,3,7,2025,CORDOBA AV. 2149,-58.398175,-34.599668,Comuna 2,,Carriles Exclusivos,única,oeste,9897
2025-07-10,10,7,2025,CORDOBA AV. 2149,-58.398175,-34.599668,Comuna 2,,Carriles Exclusivos,única,oeste,9907
2025-07-17,17,7,2025,CORDOBA AV. 2149,-58.398175,-34.599668,Comuna 2,,Carriles Exclusivos,única,oeste,11711
2025-07-24,24,7,2025,CORDOBA AV. 2149,-58.398175,-34.599668,Comuna 2,,Carriles Exclusivos,única,oeste,9298
2025-07-31,31,7,2025,CORDOBA AV. 2149,-58.398175,-34.599668,Comuna 2,,Carriles Exclusivos,única,oeste,9669
2025-01-03,3,1,2025,AU. 25 DE MAYO - SENTIDO PROVINCIA - PK 2+701,-58.439777,-34.631321,Comuna 7,,Autopista,doble,oeste,29247
2025-01-10,10,1,2025,AU. 25 DE MAYO - SENTIDO PROVINCIA - PK 2+701,-58.439777,-34.631321,Comuna 7,,Autopista,doble,oeste,20657
2025-01-17,17,1,2025,AU. 25 DE MAYO - SENTIDO PROVINCIA - PK 2+701,-58.439777,-34.631321,Comuna 7,,Autopista,doble,oeste,26411
2025-01-24,24,1,2025,AU. 25 DE MAYO - SENTIDO PROVINCIA - PK 2+701,-58.439777,-34.631321,Comuna 7,,Autopista,doble,oeste,24878
2025-01-31,31,1,2025,AU. 25 DE MAYO - SENTIDO PROVINCIA - PK 2+701,-58.439777,-34.631321,Comuna 7,,Autopista,doble,oeste,31445
2025-02-07,7,2,2025,AU. 25 DE MAYO - SENTIDO PROVINCIA - PK 2+701,-58.439777,-34.631321,Comuna 7,,Autopista,doble,oeste,28510
2025-02-14,14,2,2025,AU. 25 DE MAYO - SENTIDO PROVINCIA - PK 2+701,-58.439777,-34.631321,Comuna 7,,Autopista,doble,oeste,24488
2025-02-21,21,2,2025,AU. 25 DE MAYO - SENTIDO PROVINCIA - PK 2+701,-58.439777,-34.631321,Comuna 7,,Autopista,doble,oeste,32891
2025-02-28,28,2,2025,AU. 25 DE MAYO - SENTIDO PROVINCIA - PK 2+701,-58.439777,-34.631321,Comuna 7,,Autopista,doble,oeste,31086
2025-03-06,6,3,2025,AU. 25 DE MAYO - SENTIDO PROVINCIA - PK 2+701,-58.439777,-34.631321,Comuna 7,,Autopista,doble,oeste,30284
2025-03-13,13,3,2025,AU. 25 DE MAYO - SENTIDO PROVINCIA - PK 2+701,-58.439777,-34.631321,Comuna 7,,Autopista,doble,oeste,29263
2025-03-20,20,3,2025,AU. 25 DE MAYO - SENTIDO PROVINCIA - PK 2+701,-58.439777,-34.631321,Comuna 7,,Autopista,doble,oeste,26773
2025-03-27,27,3,2025,AU. 25 DE MAYO - SENTIDO PROVINCIA - PK 2+701,-58.439777,-34.631321,Comuna 7,,Autopista,doble,oeste,31677
2025-04-03,3,4,2025,AU. 25 DE MAYO - SENTIDO PROVINCIA - PK 2+701,-58.439777,-34.631321,Comuna 7,,Autopista,doble,oeste,34506
2025-04-10,10,4,2025,AU. 25 DE MAYO - SENTIDO PROVINCIA - PK 2+701,-58.439777,-34.631321,Comuna 7,,Autopista,doble,oeste,30552
2025-04-17,17,4,2025,AU. 25 DE MAYO - SENTIDO PROVINCIA - PK 2+701,-58.439777,-34.631321,Comuna 7,,Autopista,doble,oeste,27829
2025-04-24,24,4,2025,AU. 25 DE MAYO - SENTIDO PROVINCIA - PK 2+701,-58.439777,-34.631321,Comuna 7,,Autopista,doble,oeste,27210
2025-05-01,1,5,2025,AU. 25 DE MAYO - SENTIDO PROVINCIA - PK 2+701,-58.439777,-34.631321,Comuna 7,,Autopista,doble,oeste,18027
2025-05-08,8,5,2025,AU. 25 DE MAYO - SENTIDO PROVINCIA - PK 2+701,-58.439777,-34.631321,Comuna 7,,Autopista,doble,oeste,2194
2025-05-15,15,5,2025,AU. 25 DE MAYO - SENTIDO PROVINCIA - PK 2+701,-58.439777,-34.631321,Comuna 7,,Autopista,doble,oeste,21009
2025-05-22,22,5,2025,AU. 25 DE MAYO - SENTIDO PROVINCIA - PK 2+701,-58.439777,-34.631321,Comuna 7,,Autopista,doble,oeste,33752
2025-05-29,29,5,2025,AU. 25 DE MAYO - SENTIDO PROVINCIA - PK 2+701,-58.439777,-34.631321,Comuna 7,,Autopista,doble,oeste,34112
2025-06-05,5,6,2025,AU. 25 DE MAYO - SENTIDO PROVINCIA - PK 2+701,-58.439777,-34.631321,Comuna 7,,Autopista,doble,oeste,32979
2025-06-12,12,6,2025,AU. 25 DE MAYO - SENTIDO PROVINCIA - PK 2+701,-58.439777,-34.631321,Comuna 7,,Autopista,doble,oeste,33601
2025-06-19,19,6,2025,AU. 25 DE MAYO - SENTIDO PROVINCIA - PK 2+701,-58.439777,-34.631321,Comuna 7,,Autopista,doble,oeste,35386
2025-06-26,26,6,2025,AU. 25 DE MAYO - SENTIDO PROVINCIA - PK 2+701,-58.439777,-34.631321,Comuna 7,,Autopista,doble,oeste,31406
2025-07-03,3,7,2025,AU. 25 DE MAYO - SENTIDO PROVINCIA - PK 2+701,-58.439777,-34.631321,Comuna 7,,Autopista,doble,oeste,32326
2025-07-10,10,7,2025,AU. 25 DE MAYO - SENTIDO PROVINCIA - PK 2+701,-58.439777,-34.631321,Comuna 7,,Autopista,doble,oeste,20588
2025-07-17,17,7,2025,AU. 25 DE MAYO - SENTIDO PROVINCIA - PK 2+701,-58.439777,-34.631321,Comuna 7,,Autopista,doble,oeste,31335
2025-07-24,24,7,2025,AU. 25 DE MAYO - SENTIDO PROVINCIA - PK 2+701,-58.439777,-34.631321,Comuna 7,,Autopista,doble,oeste,32582
2025-07-31,31,7,2025,AU. 25 DE MAYO - SENTIDO PROVINCIA - PK 2+701,-58.439777,-34.631321,Comuna 7,,Autopista,doble,oeste,33901
2025-01-03,3,1,2025,PUEYRREDON AV. 459,-58.405495,-34.60505,Comuna 3,,Carriles Exclusivos,doble,norte,6177
2025-01-10,10,1,2025,PUEYRREDON AV. 459,-58.405495,-34.60505,Comuna 3,,Carriles Exclusivos,doble,norte,5929
2025-01-17,17,1,2025,PUEYRREDON AV. 459,-58.405495,-34.60505,Comuna 3,,Carriles Exclusivos,doble,norte,6101
2025-01-24,24,1,2025,PUEYRREDON AV. 459,-58.405495,-34.60505,Comuna 3,,Carriles Exclusivos,doble,norte,5530
2025-01-31,31,1,2025,PUEYRREDON AV. 459,-58.405495,-34.60505,Comuna 3,,Carriles Exclusivos,doble,norte,6207
2025-02-07,7,2,2025,PUEYRREDON AV. 459,-58.405495,-34.60505,Comuna 3,,Carriles Exclusivos,doble,norte,6111
2025-02-14,14,2,2025,PUEYRREDON AV. 459,-58.405495,-34.60505,Comuna 3,,Carriles Exclusivos,doble,norte,6307
2025-02-21,21,2,2025,PUEYRREDON AV. 459,-58.405495,-34.60505,Comuna 3,,Carriles Exclusivos,doble,norte,6401
2025-02-28,28,2,2025,PUEYRREDON AV. 459,-58.405495,-34.60505,Comuna 3,,Carriles Exclusivos,doble,norte,6457
2025-03-06,6,3,2025,PUEYRREDON AV. 459,-58.405495,-34.60505,Comuna 3,,Carriles Exclusivos,doble,norte,6822
2025-03-13,13,3,2025,PUEYRREDON AV. 459,-58.405495,-34.60505,Comuna 3,,Carriles Exclusivos,doble,norte,6286
2025-03-20,20,3,2025,PUEYRREDON AV. 459,-58.405495,-34.60505,Comuna 3,,Carriles Exclusivos,doble,norte,5520
2025-03-27,27,3,2025,PUEYRREDON AV. 459,-58.405495,-34.60505,Comuna 3,,Carriles Exclusivos,doble,norte,6615
2025-04-03,3,4,2025,PUEYRREDON AV. 459,-58.405495,-34.60505,Comuna 3,,Carriles Exclusivos,doble,norte,6356
2025-04-10,10,4,2025,PUEYRREDON AV. 459,-58.405495,-34.60505,Comuna 3,,Carriles Exclusivos,doble,norte,6780
2025-04-17,17,4,2025,PUEYRREDON AV. 459,-58.405495,-34.60505,Comuna 3,,Carriles Exclusivos,doble,norte,6781
2025-04-24,24,4,2025,PUEYRREDON AV. 459,-58.405495,-34.60505,Comuna 3,,Carriles Exclusivos,doble,norte,6698
2025-05-01,1,5,2025,PUEYRREDON AV. 459,-58.405495,-34.60505,Comuna 3,,Carriles Exclusivos,doble,norte,3862
2025-05-08,8,5,2025,PUEYRREDON AV. 459,-58.405495,-34.60505,Comuna 3,,Carriles Exclusivos,doble,norte,7042
2025-05-15,15,5,2025,PUEYRREDON AV. 459,-58.405495,-34.60505,Comuna 3,,Carriles Exclusivos,doble,norte,6612
2025-05-22,22,5,2025,PUEYRREDON AV. 459,-58.405495,-34.60505,Comuna 3,,Carriles Exclusivos,doble,norte,6794
2025-05-29,29,5,2025,PUEYRREDON AV. 459,-58.405495,-34.60505,Comuna 3,,Carriles Exclusivos,doble,norte,6293
2025-06-05,5,6,2025,PUEYRREDON AV. 459,-58.405495,-34.60505,Comuna 3,,Carriles Exclusivos,doble,norte,6506
2025-06-12,12,6,2025,PUEYRREDON AV. 459,-58.405495,-34.60505,Comuna 3,,Carriles Exclusivos,doble,norte,7174
2025-06-19,19,6,2025,PUEYRREDON AV. 459,-58.405495,-34.60505,Comuna 3,,Carriles Exclusivos,doble,norte,6779
2025-06-26,26,6,2025,PUEYRREDON AV. 459,-58.405495,-34.60505,Comuna 3,,Carriles Exclusivos,doble,norte,6409
2025-07-03,3,7,2025,PUEYRREDON AV. 459,-58.405495,-34.60505,Comuna 3,,Carriles Exclusivos,doble,norte,6323
2025-07-10,10,7,2025,PUEYRREDON AV. 459,-58.405495,-34.60505,Comuna 3,,Carriles Exclusivos,doble,norte,6405
2025-07-17,17,7,2025,PUEYRREDON AV. 459,-58.405495,-34.60505,Comuna 3,,Carriles Exclusivos,doble,norte,5910
2025-07-24,24,7,2025,PUEYRREDON AV. 459,-58.405495,-34.60505,Comuna 3,,Carriles Exclusivos,doble,norte,6118
2025-07-31,31,7,2025,PUEYRREDON AV. 459,-58.405495,-34.60505,Comuna 3,,Carriles Exclusivos,doble,norte,6263
2025-01-03,3,1,2025,CORDOBA AV. 1431,-58.387335,-34.599232,Comuna 2,,Carriles Exclusivos,única,oeste,6073
2025-01-10,10,1,2025,CORDOBA AV. 1431,-58.387335,-34.599232,Comuna 2,,Carriles Exclusivos,única,oeste,5698
2025-01-17,17,1,2025,CORDOBA AV. 1431,-58.387335,-34.599232,Comuna 2,,Carriles Exclusivos,única,oeste,5690
2025-01-24,24,1,2025,CORDOBA AV. 1431,-58.387335,-34.599232,Comuna 2,,Carriles Exclusivos,única,oeste,4729
2025-01-31,31,1,2025,CORDOBA AV. 1431,-58.387335,-34.599232,Comuna 2,,Carriles Exclusivos,única,oeste,6170
2025-02-07,7,2,2025,CORDOBA AV. 1431,-58.387335,-34.599232,Comuna 2,,Carriles Exclusivos,única,oeste,7271
2025-02-14,14,2,2025,CORDOBA AV. 1431,-58.387335,-34.599232,Comuna 2,,Carriles Exclusivos,única,oeste,5939
2025-02-21,21,2,2025,CORDOBA AV. 1431,-58.387335,-34.599232,Comuna 2,,Carriles Exclusivos,única,oeste,6858
2025-02-28,28,2,2025,CORDOBA AV. 1431,-58.387335,-34.599232,Comuna 2,,Carriles Exclusivos,única,oeste,6358
2025-03-06,6,3,2025,CORDOBA AV. 1431,-58.387335,-34.599232,Comuna 2,,Carriles Exclusivos,única,oeste,6702
2025-03-13,13,3,2025,CORDOBA AV. 1431,-58.387335,-34.599232,Comuna 2,,Carriles Exclusivos,única,oeste,6710
2025-03-20,20,3,2025,CORDOBA AV. 1431,-58.387335,-34.599232,Comuna 2,,Carriles Exclusivos,única,oeste,5269
2025-03-27,27,3,2025,CORDOBA AV. 1431,-58.387335,-34.599232,Comuna 2,,Carriles Exclusivos,única,oeste,6826
2025-04-03,3,4,2025,CORDOBA AV. 1431,-58.387335,-34.599232,Comuna 2,,Carriles Exclusivos,única,oeste,6989
2025-04-10,10,4,2025,CORDOBA AV. 1431,-58.387335,-34.599232,Comuna 2,,Carriles Exclusivos,única,oeste,6505
2025-04-17,17,4,2025,CORDOBA AV. 1431,-58.387335,-34.599232,Comuna 2,,Carriles Exclusivos,única,oeste,6861
2025-04-24,24,4,2025,CORDOBA AV. 1431,-58.387335,-34.599232,Comuna 2,,Carriles Exclusivos,única,oeste,6906
2025-05-01,1,5,2025,CORDOBA AV. 1431,-58.387335,-34.599232,Comuna 2,,Carriles Exclusivos,única,oeste,2982
2025-05-08,8,5,2025,CORDOBA AV. 1431,-58.387335,-34.599232,Comuna 2,,Carriles Exclusivos,única,oeste,6881
2025-05-15,15,5,2025,CORDOBA AV. 1431,-58.387335,-34.599232,Comuna 2,,Carriles Exclusivos,única,oeste,6364
2025-05-22,22,5,2025,CORDOBA AV. 1431,-58.387335,-34.599232,Comuna 2,,Carriles Exclusivos,única,oeste,6802
2025-05-29,29,5,2025,CORDOBA AV. 1431,-58.387335,-34.599232,Comuna 2,,Carriles Exclusivos,única,oeste,5834
2025-06-05,5,6,2025,CORDOBA AV. 1431,-58.387335,-34.599232,Comuna 2,,Carriles Exclusivos,única,oeste,6773
2025-06-12,12,6,2025,CORDOBA AV. 1431,-58.387335,-34.599232,Comuna 2,,Carriles Exclusivos,única,oeste,6965
2025-06-19,19,6,2025,CORDOBA AV. 1431,-58.387335,-34.599232,Comuna 2,,Carriles Exclusivos,única,oeste,6457
2025-06-26,26,6,2025,CORDOBA AV. 1431,-58.387335,-34.599232,Comuna 2,,Carriles Exclusivos,única,oeste,6699
2025-07-03,3,7,2025,CORDOBA AV. 1431,-58.387335,-34.599232,Comuna 2,,Carriles Exclusivos,única,oeste,6426
2025-07-10,10,7,2025,CORDOBA AV. 1431,-58.387335,-34.599232,Comuna 2,,Carriles Exclusivos,única,oeste,5929
2025-07-17,17,7,2025,CORDOBA AV. 1431,-58.387335,-34.599232,Comuna 2,,Carriles Exclusivos,única,oeste,6129
2025-07-24,24,7,2025,CORDOBA AV. 1431,-58.387335,-34.599232,Comuna 2,,Carriles Exclusivos,única,oeste,6337
2025-07-31,31,7,2025,CORDOBA AV. 1431,-58.387335,-34.599232,Comuna 2,,Carriles Exclusivos,única,oeste,6568
2025-01-03,3,1,2025,ENTRE RIOS AV. 678,-58.391572,-34.616551,Comuna 1,,Carriles Exclusivos,única,norte,3197
2025-01-10,10,1,2025,ENTRE RIOS AV. 678,-58.391572,-34.616551,Comuna 1,,Carriles Exclusivos,única,norte,3037
2025-01-17,17,1,2025,ENTRE RIOS AV. 678,-58.391572,-34.616551,Comuna 1,,Carriles Exclusivos,única,norte,3256
2025-01-24,24,1,2025,ENTRE RIOS AV. 678,-58.391572,-34.616551,Comuna 1,,Carriles Exclusivos,única,norte,2190
2025-01-31,31,1,2025,ENTRE RIOS AV. 678,-58.391572,-34.616551,Comuna 1,,Carriles Exclusivos,única,norte,2875
2025-02-07,7,2,2025,ENTRE RIOS AV. 678,-58.391572,-34.616551,Comuna 1,,Carriles Exclusivos,única,norte,3188
2025-02-14,14,2,2025,ENTRE RIOS AV. 678,-58.391572,-34.616551,Comuna 1,,Carriles Exclusivos,única,norte,3083
2025-02-21,21,2,2025,ENTRE RIOS AV. 678,-58.391572,-34.616551,Comuna 1,,Carriles Exclusivos,única,norte,3344
2025-02-28,28,2,2025,ENTRE RIOS AV. 678,-58.391572,-34.616551,Comuna 1,,Carriles Exclusivos,única,norte,3013
2025-03-06,6,3,2025,ENTRE RIOS AV. 678,-58.391572,-34.616551,Comuna 1,,Carriles Exclusivos,única,norte,3309
2025-03-13,13,3,2025,ENTRE RIOS AV. 678,-58.391572,-34.616551,Comuna 1,,Carriles Exclusivos,única,norte,2689
2025-03-20,20,3,2025,ENTRE RIOS AV. 678,-58.391572,-34.616551,Comuna 1,,Carriles Exclusivos,única,norte,2614
2025-03-27,27,3,2025,ENTRE RIOS AV. 678,-58.391572,-34.616551,Comuna 1,,Carriles Exclusivos,única,norte,2954
2025-04-03,3,4,2025,ENTRE RIOS AV. 678,-58.391572,-34.616551,Comuna 1,,Carriles Exclusivos,única,norte,2839
2025-04-10,10,4,2025,ENTRE RIOS AV. 678,-58.391572,-34.616551,Comuna 1,,Carriles Exclusivos,única,norte,3127
2025-04-17,17,4,2025,ENTRE RIOS AV. 678,-58.391572,-34.616551,Comuna 1,,Carriles Exclusivos,única,norte,2957
2025-04-24,24,4,2025,ENTRE RIOS AV. 678,-58.391572,-34.616551,Comuna 1,,Carriles Exclusivos,única,norte,3060
2025-05-01,1,5,2025,ENTRE RIOS AV. 678,-58.391572,-34.616551,Comuna 1,,Carriles Exclusivos,única,norte,1649
2025-05-08,8,5,2025,ENTRE RIOS AV. 678,-58.391572,-34.616551,Comuna 1,,Carriles Exclusivos,única,norte,2973
2025-05-15,15,5,2025,ENTRE RIOS AV. 678,-58.391572,-34.616551,Comuna 1,,Carriles Exclusivos,única,norte,3152
2025-05-22,22,5,2025,ENTRE RIOS AV. 678,-58.391572,-34.616551,Comuna 1,,Carriles Exclusivos,única,norte,3101
2025-05-29,29,5,2025,ENTRE RIOS AV. 678,-58.391572,-34.616551,Comuna 1,,Carriles Exclusivos,única,norte,2807
2025-06-05,5,6,2025,ENTRE RIOS AV. 678,-58.391572,-34.616551,Comuna 1,,Carriles Exclusivos,única,norte,3458
2025-06-12,12,6,2025,ENTRE RIOS AV. 678,-58.391572,-34.616551,Comuna 1,,Carriles Exclusivos,única,norte,1727
2025-06-19,19,6,2025,ENTRE RIOS AV. 678,-58.391572,-34.616551,Comuna 1,,Carriles Exclusivos,única,norte,3481
2025-06-26,26,6,2025,ENTRE RIOS AV. 678,-58.391572,-34.616551,Comuna 1,,Carriles Exclusivos,única,norte,3418
2025-07-03,3,7,2025,ENTRE RIOS AV. 678,-58.391572,-34.616551,Comuna 1,,Carriles Exclusivos,única,norte,3436
2025-07-10,10,7,2025,ENTRE RIOS AV. 678,-58.391572,-34.616551,Comuna 1,,Carriles Exclusivos,única,norte,3153
2025-07-17,17,7,2025,ENTRE RIOS AV. 678,-58.391572,-34.616551,Comuna 1,,Carriles Exclusivos,única,norte,3192
2025-07-24,24,7,2025,ENTRE RIOS AV. 678,-58.391572,-34.616551,Comuna 1,,Carriles Exclusivos,única,norte,3057
2025-07-31,31,7,2025,ENTRE RIOS AV. 678,-58.391572,-34.616551,Comuna 1,,Carriles Exclusivos,única,norte,3370
2025-01-03,3,1,2025,CORDOBA AV. 2801,-58.407164,-34.597965,Comuna 2,,Carriles Exclusivos,única,oeste,9723
2025-01-10,10,1,2025,CORDOBA AV. 2801,-58.407164,-34.597965,Comuna 2,,Carriles Exclusivos,única,oeste,9431
2025-01-17,17,1,2025,CORDOBA AV. 2801,-58.407164,-34.597965,Comuna 2,,Carriles Exclusivos,única,oeste,8678
2025-01-24,24,1,2025,CORDOBA AV. 2801,-58.407164,-34.597965,Comuna 2,,Carriles Exclusivos,única,oeste,6967
2025-01-31,31,1,2025,CORDOBA AV. 2801,-58.407164,-34.597965,Comuna 2,,Carriles Exclusivos,única,oeste,9119
2025-02-07,7,2,2025,CORDOBA AV. 2801,-58.407164,-34.597965,Comuna 2,,Carriles Exclusivos,única,oeste,10574
2025-02-14,14,2,2025,CORDOBA AV. 2801,-58.407164,-34.597965,Comuna 2,,Carriles Exclusivos,única,oeste,10129
2025-02-21,21,2,2025,CORDOBA AV. 2801,-58.407164,-34.597965,Comuna 2,,Carriles Exclusivos,única,oeste,9274
2025-02-28,28,2,2025,CORDOBA AV. 2801,-58.407164,-34.597965,Comuna 2,,Carriles Exclusivos,única,oeste,9626
2025-03-06,6,3,2025,CORDOBA AV. 2801,-58.407164,-34.597965,Comuna 2,,Carriles Exclusivos,única,oeste,10070
2025-03-13,13,3,2025,CORDOBA AV. 2801,-58.407164,-34.597965,Comuna 2,,Carriles Exclusivos,única,oeste,9138
2025-03-20,20,3,2025,CORDOBA AV. 2801,-58.407164,-34.597965,Comuna 2,,Carriles Exclusivos,única,oeste,7863
2025-03-27,27,3,2025,CORDOBA AV. 2801,-58.407164,-34.597965,Comuna 2,,Carriles Exclusivos,única,oeste,9441
2025-04-03,3,4,2025,CORDOBA AV. 2801,-58.407164,-34.597965,Comuna 2,,Carriles Exclusivos,única,oeste,9491
2025-04-10,10,4,2025,CORDOBA AV. 2801,-58.407164,-34.597965,Comuna 2,,Carriles Exclusivos,única,oeste,9849
2025-04-17,17,4,2025,CORDOBA AV. 2801,-58.407164,-34.597965,Comuna 2,,Carriles Exclusivos,única,oeste,9541
2025-04-24,24,4,2025,CORDOBA AV. 2801,-58.407164,-34.597965,Comuna 2,,Carriles Exclusivos,única,oeste,10161
2025-05-01,1,5,2025,CORDOBA AV. 2801,-58.407164,-34.597965,Comuna 2,,Carriles Exclusivos,única,oeste,4301
2025-05-08,8,5,2025,CORDOBA AV. 2801,-58.407164,-34.597965,Comuna 2,,Carriles Exclusivos,única,oeste,10095
2025-05-15,15,5,2025,CORDOBA AV. 2801,-58.407164,-34.597965,Comuna 2,,Carriles Exclusivos,única,oeste,9669
2025-05-22,22,5,2025,CORDOBA AV. 2801,-58.407164,-34.597965,Comuna 2,,Carriles Exclusivos,única,oeste,9926
2025-05-29,29,5,2025,CORDOBA AV. 2801,-58.407164,-34.597965,Comuna 2,,Carriles Exclusivos,única,oeste,8937
2025-06-05,5,6,2025,CORDOBA AV. 2801,-58.407164,-34.597965,Comuna 2,,Carriles Exclusivos,única,oeste,9553
2025-06-12,12,6,2025,CORDOBA AV. 2801,-58.407164,-34.597965,Comuna 2,,Carriles Exclusivos,única,oeste,9278
2025-06-19,19,6,2025,CORDOBA AV. 2801,-58.407164,-34.597965,Comuna 2,,Carriles Exclusivos,única,oeste,9646
2025-06-26,26,6,2025,CORDOBA AV. 2801,-58.407164,-34.597965,Comuna 2,,Carriles Exclusivos,única,oeste,9676
2025-07-03,3,7,2025,CORDOBA AV. 2801,-58.407164,-34.597965,Comuna 2,,Carriles Exclusivos,única,oeste,9775
2025-07-10,10,7,2025,CORDOBA AV. 2801,-58.407164,-34.597965,Comuna 2,,Carriles Exclusivos,única,oeste,9260
2025-07-17,17,7,2025,CORDOBA AV. 2801,-58.407164,-34.597965,Comuna 2,,Carriles Exclusivos,única,oeste,8543
2025-07-24,24,7,2025,CORDOBA AV. 2801,-58.407164,-34.597965,Comuna 2,,Carriles Exclusivos,única,oeste,8970
2025-07-31,31,7,2025,CORDOBA AV. 2801,-58.407164,-34.597965,Comuna 2,,Carriles Exclusivos,única,oeste,9455
2025-01-03,3,1,2025,AU. 25 DE MAYO - SENTIDO PROVINCIA - PK 1+261,-58.454008,-34.637039,Comuna 7,,Autopista,doble,oeste,30376
2025-01-10,10,1,2025,AU. 25 DE MAYO - SENTIDO PROVINCIA - PK 1+261,-58.454008,-34.637039,Comuna 7,,Autopista,doble,oeste,35621
2025-01-17,17,1,2025,AU. 25 DE MAYO - SENTIDO PROVINCIA - PK 1+261,-58.454008,-34.637039,Comuna 7,,Autopista,doble,oeste,25765
2025-01-24,24,1,2025,AU. 25 DE MAYO - SENTIDO PROVINCIA - PK 1+261,-58.454008,-34.637039,Comuna 7,,Autopista,doble,oeste,23503
2025-01-31,31,1,2025,AU. 25 DE MAYO - SENTIDO PROVINCIA - PK 1+261,-58.454008,-34.637039,Comuna 7,,Autopista,doble,oeste,32919
2025-02-07,7,2,2025,AU. 25 DE MAYO - SENTIDO PROVINCIA - PK 1+261,-58.454008,-34.637039,Comuna 7,,Autopista,doble,oeste,35714
2025-02-14,14,2,2025,AU. 25 DE MAYO - SENTIDO PROVINCIA - PK 1+261,-58.454008,-34.637039,Comuna 7,,Autopista,doble,oeste,37412
2025-02-21,21,2,2025,AU. 25 DE MAYO - SENTIDO PROVINCIA - PK 1+261,-58.454008,-34.637039,Comuna 7,,Autopista,doble,oeste,30800
2025-02-28,28,2,2025,AU. 25 DE MAYO - SENTIDO PROVINCIA - PK 1+261,-58.454008,-34.637039,Comuna 7,,Autopista,doble,oeste,31816
2025-03-06,6,3,2025,AU. 25 DE MAYO - SENTIDO PROVINCIA - PK 1+261,-58.454008,-34.637039,Comuna 7,,Autopista,doble,oeste,30429
2025-03-13,13,3,2025,AU. 25 DE MAYO - SENTIDO PROVINCIA - PK 1+261,-58.454008,-34.637039,Comuna 7,,Autopista,doble,oeste,31538
2025-03-20,20,3,2025,AU. 25 DE MAYO - SENTIDO PROVINCIA - PK 1+261,-58.454008,-34.637039,Comuna 7,,Autopista,doble,oeste,25195
2025-03-27,27,3,2025,AU. 25 DE MAYO - SENTIDO PROVINCIA - PK 1+261,-58.454008,-34.637039,Comuna 7,,Autopista,doble,oeste,34338
2025-04-03,3,4,2025,AU. 25 DE MAYO - SENTIDO PROVINCIA - PK 1+261,-58.454008,-34.637039,Comuna 7,,Autopista,doble,oeste,33589
2025-04-10,10,4,2025,AU. 25 DE MAYO - SENTIDO PROVINCIA - PK 1+261,-58.454008,-34.637039,Comuna 7,,Autopista,doble,oeste,30885
2025-04-17,17,4,2025,AU. 25 DE MAYO - SENTIDO PROVINCIA - PK 1+261,-58.454008,-34.637039,Comuna 7,,Autopista,doble,oeste,26027
2025-04-24,24,4,2025,AU. 25 DE MAYO - SENTIDO PROVINCIA - PK 1+261,-58.454008,-34.637039,Comuna 7,,Autopista,doble,oeste,26575
2025-05-01,1,5,2025,AU. 25 DE MAYO - SENTIDO PROVINCIA - PK 1+261,-58.454008,-34.637039,Comuna 7,,Autopista,doble,oeste,18914
2025-05-08,8,5,2025,AU. 25 DE MAYO - SENTIDO PROVINCIA - PK 1+261,-58.454008,-34.637039,Comuna 7,,Autopista,doble,oeste,32596
2025-05-15,15,5,2025,AU. 25 DE MAYO - SENTIDO PROVINCIA - PK 1+261,-58.454008,-34.637039,Comuna 7,,Autopista,doble,oeste,26358
2025-05-22,22,5,2025,AU. 25 DE MAYO - SENTIDO PROVINCIA - PK 1+261,-58.454008,-34.637039,Comuna 7,,Autopista,doble,oeste,33248
2025-05-29,29,5,2025,AU. 25 DE MAYO - SENTIDO PROVINCIA - PK 1+261,-58.454008,-34.637039,Comuna 7,,Autopista,doble,oeste,31983
2025-06-05,5,6,2025,AU. 25 DE MAYO - SENTIDO PROVINCIA - PK 1+261,-58.454008,-34.637039,Comuna 7,,Autopista,doble,oeste,31306
2025-06-12,12,6,2025,AU. 25 DE MAYO - SENTIDO PROVINCIA - PK 1+261,-58.454008,-34.637039,Comuna 7,,Autopista,doble,oeste,33870
2025-06-19,19,6,2025,AU. 25 DE MAYO - SENTIDO PROVINCIA - PK 1+261,-58.454008,-34.637039,Comuna 7,,Autopista,doble,oeste,29912
2025-06-26,26,6,2025,AU. 25 DE MAYO - SENTIDO PROVINCIA - PK 1+261,-58.454008,-34.637039,Comuna 7,,Autopista,doble,oeste,27764
2025-07-03,3,7,2025,AU. 25 DE MAYO - SENTIDO PROVINCIA - PK 1+261,-58.454008,-34.637039,Comuna 7,,Autopista,doble,oeste,28608
2025-07-10,10,7,2025,AU. 25 DE MAYO - SENTIDO PROVINCIA - PK 1+261,-58.454008,-34.637039,Comuna 7,,Autopista,doble,oeste,26850
2025-07-17,17,7,2025,AU. 25 DE MAYO - SENTIDO PROVINCIA - PK 1+261,-58.454008,-34.637039,Comuna 7,,Autopista,doble,oeste,25200
2025-07-24,24,7,2025,AU. 25 DE MAYO - SENTIDO PROVINCIA - PK 1+261,-58.454008,-34.637039,Comuna 7,,Autopista,doble,oeste,31281
2025-07-31,31,7,2025,AU. 25 DE MAYO - SENTIDO PROVINCIA - PK 1+261,-58.454008,-34.637039,Comuna 7,,Autopista,doble,oeste,29894
2025-01-03,3,1,2025,AU. PERITO MORENO - SENTIDO PROVINCIA - PK 0+701,-58.522022,-34.636805,Comuna 9,,Autopista,doble,oeste,16783
2025-01-10,10,1,2025,AU. PERITO MORENO - SENTIDO PROVINCIA - PK 0+701,-58.522022,-34.636805,Comuna 9,,Autopista,doble,oeste,15932
2025-01-17,17,1,2025,AU. PERITO MORENO - SENTIDO PROVINCIA - PK 0+701,-58.522022,-34.636805,Comuna 9,,Autopista,doble,oeste,8719
2025-01-24,24,1,2025,AU. PERITO MORENO - SENTIDO PROVINCIA - PK 0+701,-58.522022,-34.636805,Comuna 9,,Autopista,doble,oeste,8044
2025-01-31,31,1,2025,AU. PERITO MORENO - SENTIDO PROVINCIA - PK 0+701,-58.522022,-34.636805,Comuna 9,,Autopista,doble,oeste,12100
2025-02-07,7,2,2025,AU. PERITO MORENO - SENTIDO PROVINCIA - PK 0+701,-58.522022,-34.636805,Comuna 9,,Autopista,doble,oeste,14938
2025-02-14,14,2,2025,AU. PERITO MORENO - SENTIDO PROVINCIA - PK 0+701,-58.522022,-34.636805,Comuna 9,,Autopista,doble,oeste,11228
2025-02-21,21,2,2025,AU. PERITO MORENO - SENTIDO PROVINCIA - PK 0+701,-58.522022,-34.636805,Comuna 9,,Autopista,doble,oeste,12653
2025-02-28,28,2,2025,AU. PERITO MORENO - SENTIDO PROVINCIA - PK 0+701,-58.522022,-34.636805,Comuna 9,,Autopista,doble,oeste,11145
2025-03-06,6,3,2025,AU. PERITO MORENO - SENTIDO PROVINCIA - PK 0+701,-58.522022,-34.636805,Comuna 9,,Autopista,doble,oeste,10811
2025-03-13,13,3,2025,AU. PERITO MORENO - SENTIDO PROVINCIA - PK 0+701,-58.522022,-34.636805,Comuna 9,,Autopista,doble,oeste,10242
2025-03-20,20,3,2025,AU. PERITO MORENO - SENTIDO PROVINCIA - PK 0+701,-58.522022,-34.636805,Comuna 9,,Autopista,doble,oeste,7381
2025-03-27,27,3,2025,AU. PERITO MORENO - SENTIDO PROVINCIA - PK 0+701,-58.522022,-34.636805,Comuna 9,,Autopista,doble,oeste,14044
2025-04-03,3,4,2025,AU. PERITO MORENO - SENTIDO PROVINCIA - PK 0+701,-58.522022,-34.636805,Comuna 9,,Autopista,doble,oeste,11542
2025-04-10,10,4,2025,AU. PERITO MORENO - SENTIDO PROVINCIA - PK 0+701,-58.522022,-34.636805,Comuna 9,,Autopista,doble,oeste,12352
2025-04-17,17,4,2025,AU. PERITO MORENO - SENTIDO PROVINCIA - PK 0+701,-58.522022,-34.636805,Comuna 9,,Autopista,doble,oeste,10928
2025-04-24,24,4,2025,AU. PERITO MORENO - SENTIDO PROVINCIA - PK 0+701,-58.522022,-34.636805,Comuna 9,,Autopista,doble,oeste,11049
2025-05-01,1,5,2025,AU. PERITO MORENO - SENTIDO PROVINCIA - PK 0+701,-58.522022,-34.636805,Comuna 9,,Autopista,doble,oeste,7234
2025-05-08,8,5,2025,AU. PERITO MORENO - SENTIDO PROVINCIA - PK 0+701,-58.522022,-34.636805,Comuna 9,,Autopista,doble,oeste,12721
2025-05-15,15,5,2025,AU. PERITO MORENO - SENTIDO PROVINCIA - PK 0+701,-58.522022,-34.636805,Comuna 9,,Autopista,doble,oeste,7737
2025-05-22,22,5,2025,AU. PERITO MORENO - SENTIDO PROVINCIA - PK 0+701,-58.522022,-34.636805,Comuna 9,,Autopista,doble,oeste,11634
2025-05-29,29,5,2025,AU. PERITO MORENO - SENTIDO PROVINCIA - PK 0+701,-58.522022,-34.636805,Comuna 9,,Autopista,doble,oeste,12911
2025-06-05,5,6,2025,AU. PERITO MORENO - SENTIDO PROVINCIA - PK 0+701,-58.522022,-34.636805,Comuna 9,,Autopista,doble,oeste,10779
2025-06-12,12,6,2025,AU. PERITO MORENO - SENTIDO PROVINCIA - PK 0+701,-58.522022,-34.636805,Comuna 9,,Autopista,doble,oeste,13523
2025-06-19,19,6,2025,AU. PERITO MORENO - SENTIDO PROVINCIA - PK 0+701,-58.522022,-34.636805,Comuna 9,,Autopista,doble,oeste,12926
2025-06-26,26,6,2025,AU. PERITO MORENO - SENTIDO PROVINCIA - PK 0+701,-58.522022,-34.636805,Comuna 9,,Autopista,doble,oeste,12326
2025-07-10,10,7,2025,AU. PERITO MORENO - SENTIDO PROVINCIA - PK 0+701,-58.522022,-34.636805,Comuna 9,,Autopista,doble,oeste,9100
2025-07-17,17,7,2025,AU. PERITO MORENO - SENTIDO PROVINCIA - PK 0+701,-58.522022,-34.636805,Comuna 9,,Autopista,doble,oeste,11172
2025-07-24,24,7,2025,AU. PERITO MORENO - SENTIDO PROVINCIA - PK 0+701,-58.522022,-34.636805,Comuna 9,,Autopista,doble,oeste,11867
2025-07-31,31,7,2025,AU. PERITO MORENO - SENTIDO PROVINCIA - PK 0+701,-58.522022,-34.636805,Comuna 9,,Autopista,doble,oeste,11382
2025-01-03,3,1,2025,"BEIRO, FRANCISCO AV. 2875",-58.494038,-34.594803,Comuna 15,2,calle_avenida,doble,oeste,7959
2025-01-10,10,1,2025,"BEIRO, FRANCISCO AV. 2875",-58.494038,-34.594803,Comuna 15,2,calle_avenida,doble,oeste,7733
2025-01-17,17,1,2025,"BEIRO, FRANCISCO AV. 2875",-58.494038,-34.594803,Comuna 15,2,calle_avenida,doble,oeste,6802
2025-01-24,24,1,2025,"BEIRO, FRANCISCO AV. 2875",-58.494038,-34.594803,Comuna 15,2,calle_avenida,doble,oeste,6010
2025-01-31,31,1,2025,"BEIRO, FRANCISCO AV. 2875",-58.494038,-34.594803,Comuna 15,2,calle_avenida,doble,oeste,7973
2025-02-07,7,2,2025,"BEIRO, FRANCISCO AV. 2875",-58.494038,-34.594803,Comuna 15,2,calle_avenida,doble,oeste,7517
2025-02-14,14,2,2025,"BEIRO, FRANCISCO AV. 2875",-58.494038,-34.594803,Comuna 15,2,calle_avenida,doble,oeste,6870
2025-02-21,21,2,2025,"BEIRO, FRANCISCO AV. 2875",-58.494038,-34.594803,Comuna 15,2,calle_avenida,doble,oeste,6930
2025-02-28,28,2,2025,"BEIRO, FRANCISCO AV. 2875",-58.494038,-34.594803,Comuna 15,2,calle_avenida,doble,oeste,7093
2025-03-06,6,3,2025,"BEIRO, FRANCISCO AV. 2875",-58.494038,-34.594803,Comuna 15,2,calle_avenida,doble,oeste,7197
2025-03-13,13,3,2025,"BEIRO, FRANCISCO AV. 2875",-58.494038,-34.594803,Comuna 15,2,calle_avenida,doble,oeste,8509
2025-03-20,20,3,2025,"BEIRO, FRANCISCO AV. 2875",-58.494038,-34.594803,Comuna 15,2,calle_avenida,doble,oeste,6999
2025-03-27,27,3,2025,"BEIRO, FRANCISCO AV. 2875",-58.494038,-34.594803,Comuna 15,2,calle_avenida,doble,oeste,7624
2025-04-03,3,4,2025,"BEIRO, FRANCISCO AV. 2875",-58.494038,-34.594803,Comuna 15,2,calle_avenida,doble,oeste,7345
2025-04-10,10,4,2025,"BEIRO, FRANCISCO AV. 2875",-58.494038,-34.594803,Comuna 15,2,calle_avenida,doble,oeste,7976
2025-04-17,17,4,2025,"BEIRO, FRANCISCO AV. 2875",-58.494038,-34.594803,Comuna 15,2,calle_avenida,doble,oeste,6605
2025-04-24,24,4,2025,"BEIRO, FRANCISCO AV. 2875",-58.494038,-34.594803,Comuna 15,2,calle_avenida,doble,oeste,6907
2025-05-01,1,5,2025,"BEIRO, FRANCISCO AV. 2875",-58.494038,-34.594803,Comuna 15,2,calle_avenida,doble,oeste,5066
2025-05-08,8,5,2025,"BEIRO, FRANCISCO AV. 2875",-58.494038,-34.594803,Comuna 15,2,calle_avenida,doble,oeste,7484
2025-05-15,15,5,2025,"BEIRO, FRANCISCO AV. 2875",-58.494038,-34.594803,Comuna 15,2,calle_avenida,doble,oeste,7126
2025-05-22,22,5,2025,"BEIRO, FRANCISCO AV. 2875",-58.494038,-34.594803,Comuna 15,2,calle_avenida,doble,oeste,7822
2025-05-29,29,5,2025,"BEIRO, FRANCISCO AV. 2875",-58.494038,-34.594803,Comuna 15,2,calle_avenida,doble,oeste,7349
2025-06-05,5,6,2025,"BEIRO, FRANCISCO AV. 2875",-58.494038,-34.594803,Comuna 15,2,calle_avenida,doble,oeste,7555
2025-06-12,12,6,2025,"BEIRO, FRANCISCO AV. 2875",-58.494038,-34.594803,Comuna 15,2,calle_avenida,doble,oeste,7054
2025-06-19,19,6,2025,"BEIRO, FRANCISCO AV. 2875",-58.494038,-34.594803,Comuna 15,2,calle_avenida,doble,oeste,7106
2025-06-26,26,6,2025,"BEIRO, FRANCISCO AV. 2875",-58.494038,-34.594803,Comuna 15,2,calle_avenida,doble,oeste,7155
2025-07-03,3,7,2025,"BEIRO, FRANCISCO AV. 2875",-58.494038,-34.594803,Comuna 15,2,calle_avenida,doble,oeste,6904
2025-07-10,10,7,2025,"BEIRO, FRANCISCO AV. 2875",-58.494038,-34.594803,Comuna 15,2,calle_avenida,doble,oeste,6928
2025-07-17,17,7,2025,"BEIRO, FRANCISCO AV. 2875",-58.494038,-34.594803,Comuna 15,2,calle_avenida,doble,oeste,6742
2025-07-24,24,7,2025,"BEIRO, FRANCISCO AV. 2875",-58.494038,-34.594803,Comuna 15,2,calle_avenida,doble,oeste,6266
2025-07-31,31,7,2025,"BEIRO, FRANCISCO AV. 2875",-58.494038,-34.594803,Comuna 15,2,calle_avenida,doble,oeste,7419
2025-01-03,3,1,2025,CASEROS AV. 3020,-58.406358,-34.637334,Comuna 4,2,calle_avenida,doble,este,3823
2025-01-10,10,1,2025,CASEROS AV. 3020,-58.406358,-34.637334,Comuna 4,2,calle_avenida,doble,este,38
2025-01-17,17,1,2025,CASEROS AV. 3020,-58.406358,-34.637334,Comuna 4,2,calle_avenida,doble,este,3142
2025-01-31,31,1,2025,CASEROS AV. 3020,-58.406358,-34.637334,Comuna 4,2,calle_avenida,doble,este,2326
2025-02-07,7,2,2025,CASEROS AV. 3020,-58.406358,-34.637334,Comuna 4,2,calle_avenida,doble,este,3059
2025-02-14,14,2,2025,CASEROS AV. 3020,-58.406358,-34.637334,Comuna 4,2,calle_avenida,doble,este,595
2025-02-21,21,2,2025,CASEROS AV. 3020,-58.406358,-34.637334,Comuna 4,2,calle_avenida,doble,este,3870
2025-02-28,28,2,2025,CASEROS AV. 3020,-58.406358,-34.637334,Comuna 4,2,calle_avenida,doble,este,3989
2025-03-06,6,3,2025,CASEROS AV. 3020,-58.406358,-34.637334,Comuna 4,2,calle_avenida,doble,este,3940
2025-03-13,13,3,2025,CASEROS AV. 3020,-58.406358,-34.637334,Comuna 4,2,calle_avenida,doble,este,5033
2025-03-20,20,3,2025,CASEROS AV. 3020,-58.406358,-34.637334,Comuna 4,2,calle_avenida,doble,este,3458
2025-03-27,27,3,2025,CASEROS AV. 3020,-58.406358,-34.637334,Comuna 4,2,calle_avenida,doble,este,5448
2025-04-03,3,4,2025,CASEROS AV. 3020,-58.406358,-34.637334,Comuna 4,2,calle_avenida,doble,este,5309
2025-04-10,10,4,2025,CASEROS AV. 3020,-58.406358,-34.637334,Comuna 4,2,calle_avenida,doble,este,5000
2025-04-17,17,4,2025,CASEROS AV. 3020,-58.406358,-34.637334,Comuna 4,2,calle_avenida,doble,este,4412
2025-04-24,24,4,2025,CASEROS AV. 3020,-58.406358,-34.637334,Comuna 4,2,calle_avenida,doble,este,4143
2025-05-01,1,5,2025,CASEROS AV. 3020,-58.406358,-34.637334,Comuna 4,2,calle_avenida,doble,este,2474
2025-05-08,8,5,2025,CASEROS AV. 3020,-58.406358,-34.637334,Comuna 4,2,calle_avenida,doble,este,4766
2025-05-15,15,5,2025,CASEROS AV. 3020,-58.406358,-34.637334,Comuna 4,2,calle_avenida,doble,este,4557
2025-05-22,22,5,2025,CASEROS AV. 3020,-58.406358,-34.637334,Comuna 4,2,calle_avenida,doble,este,4724
2025-05-29,29,5,2025,CASEROS AV. 3020,-58.406358,-34.637334,Comuna 4,2,calle_avenida,doble,este,4725
2025-06-05,5,6,2025,CASEROS AV. 3020,-58.406358,-34.637334,Comuna 4,2,calle_avenida,doble,este,4790
2025-06-12,12,6,2025,CASEROS AV. 3020,-58.406358,-34.637334,Comuna 4,2,calle_avenida,doble,este,4860
2025-06-19,19,6,2025,CASEROS AV. 3020,-58.406358,-34.637334,Comuna 4,2,calle_avenida,doble,este,4716
2025-06-26,26,6,2025,CASEROS AV. 3020,-58.406358,-34.637334,Comuna 4,2,calle_avenida,doble,este,4437
2025-07-03,3,7,2025,CASEROS AV. 3020,-58.406358,-34.637334,Comuna 4,2,calle_avenida,doble,este,4549
2025-07-10,10,7,2025,CASEROS AV. 3020,-58.406358,-34.637334,Comuna 4,2,calle_avenida,doble,este,4298
2025-07-17,17,7,2025,CASEROS AV. 3020,-58.406358,-34.637334,Comuna 4,2,calle_avenida,doble,este,3600
2025-07-24,24,7,2025,CASEROS AV. 3020,-58.406358,-34.637334,Comuna 4,2,calle_avenida,doble,este,4258
2025-07-31,31,7,2025,CASEROS AV. 3020,-58.406358,-34.637334,Comuna 4,2,calle_avenida,doble,este,4920
2025-01-03,3,1,2025,GAONA AV. 2300,-58.459429,-34.613877,Comuna 6,4,calle_avenida,única,oeste,30659
2025-01-10,10,1,2025,GAONA AV. 2300,-58.459429,-34.613877,Comuna 6,4,calle_avenida,única,oeste,31958
2025-01-17,17,1,2025,GAONA AV. 2300,-58.459429,-34.613877,Comuna 6,4,calle_avenida,única,oeste,31066
2025-01-24,24,1,2025,GAONA AV. 2300,-58.459429,-34.613877,Comuna 6,4,calle_avenida,única,oeste,29924
2025-01-31,31,1,2025,GAONA AV. 2300,-58.459429,-34.613877,Comuna 6,4,calle_avenida,única,oeste,30467
2025-02-07,7,2,2025,GAONA AV. 2300,-58.459429,-34.613877,Comuna 6,4,calle_avenida,única,oeste,33052
2025-02-14,14,2,2025,GAONA AV. 2300,-58.459429,-34.613877,Comuna 6,4,calle_avenida,única,oeste,33422
2025-02-21,21,2,2025,GAONA AV. 2300,-58.459429,-34.613877,Comuna 6,4,calle_avenida,única,oeste,33677
2025-02-28,28,2,2025,GAONA AV. 2300,-58.459429,-34.613877,Comuna 6,4,calle_avenida,única,oeste,32286
2025-03-06,6,3,2025,GAONA AV. 2300,-58.459429,-34.613877,Comuna 6,4,calle_avenida,única,oeste,33953
2025-03-13,13,3,2025,GAONA AV. 2300,-58.459429,-34.613877,Comuna 6,4,calle_avenida,única,oeste,32323
2025-03-20,20,3,2025,GAONA AV. 2300,-58.459429,-34.613877,Comuna 6,4,calle_avenida,única,oeste,29496
2025-03-27,27,3,2025,GAONA AV. 2300,-58.459429,-34.613877,Comuna 6,4,calle_avenida,única,oeste,32617
2025-04-03,3,4,2025,GAONA AV. 2300,-58.459429,-34.613877,Comuna 6,4,calle_avenida,única,oeste,31618
2025-04-10,10,4,2025,GAONA AV. 2300,-58.459429,-34.613877,Comuna 6,4,calle_avenida,única,oeste,34009
2025-04-17,17,4,2025,GAONA AV. 2300,-58.459429,-34.613877,Comuna 6,4,calle_avenida,única,oeste,32550
2025-04-24,24,4,2025,GAONA AV. 2300,-58.459429,-34.613877,Comuna 6,4,calle_avenida,única,oeste,32106
2025-05-01,1,5,2025,GAONA AV. 2300,-58.459429,-34.613877,Comuna 6,4,calle_avenida,única,oeste,24830
2025-05-08,8,5,2025,GAONA AV. 2300,-58.459429,-34.613877,Comuna 6,4,calle_avenida,única,oeste,33186
2025-05-15,15,5,2025,GAONA AV. 2300,-58.459429,-34.613877,Comuna 6,4,calle_avenida,única,oeste,33281
2025-05-22,22,5,2025,GAONA AV. 2300,-58.459429,-34.613877,Comuna 6,4,calle_avenida,única,oeste,33690
2025-05-29,29,5,2025,GAONA AV. 2300,-58.459429,-34.613877,Comuna 6,4,calle_avenida,única,oeste,33877
2025-06-05,5,6,2025,GAONA AV. 2300,-58.459429,-34.613877,Comuna 6,4,calle_avenida,única,oeste,33169
2025-06-12,12,6,2025,GAONA AV. 2300,-58.459429,-34.613877,Comuna 6,4,calle_avenida,única,oeste,32639
2025-06-19,19,6,2025,GAONA AV. 2300,-58.459429,-34.613877,Comuna 6,4,calle_avenida,única,oeste,33418
2025-06-26,26,6,2025,GAONA AV. 2300,-58.459429,-34.613877,Comuna 6,4,calle_avenida,única,oeste,33461
2025-07-03,3,7,2025,GAONA AV. 2300,-58.459429,-34.613877,Comuna 6,4,calle_avenida,única,oeste,32957
2025-07-10,10,7,2025,GAONA AV. 2300,-58.459429,-34.613877,Comuna 6,4,calle_avenida,única,oeste,33236
2025-07-17,17,7,2025,GAONA AV. 2300,-58.459429,-34.613877,Comuna 6,4,calle_avenida,única,oeste,32147
2025-07-24,24,7,2025,GAONA AV. 2300,-58.459429,-34.613877,Comuna 6,4,calle_avenida,única,oeste,32001
2025-07-31,31,7,2025,GAONA AV. 2300,-58.459429,-34.613877,Comuna 6,4,calle_avenida,única,oeste,33345
2025-01-03,3,1,2025,"DE IRIGIOYEN, BERNARDO 1026",-58.3799,-34.62006,Comuna 1,4,calle_avenida,única,norte,7920
2025-01-10,10,1,2025,"DE IRIGIOYEN, BERNARDO 1026",-58.3799,-34.62006,Comuna 1,4,calle_avenida,única,norte,7959
2025-01-17,17,1,2025,"DE IRIGIOYEN, BERNARDO 1026",-58.3799,-34.62006,Comuna 1,4,calle_avenida,única,norte,8021
2025-01-24,24,1,2025,"DE IRIGIOYEN, BERNARDO 1026",-58.3799,-34.62006,Comuna 1,4,calle_avenida,única,norte,5320
2025-01-31,31,1,2025,"DE IRIGIOYEN, BERNARDO 1026",-58.3799,-34.62006,Comuna 1,4,calle_avenida,única,norte,8175
2025-02-07,7,2,2025,"DE IRIGIOYEN, BERNARDO 1026",-58.3799,-34.62006,Comuna 1,4,calle_avenida,única,norte,8213
2025-02-14,14,2,2025,"DE IRIGIOYEN, BERNARDO 1026",-58.3799,-34.62006,Comuna 1,4,calle_avenida,única,norte,8634
2025-02-21,21,2,2025,"DE IRIGIOYEN, BERNARDO 1026",-58.3799,-34.62006,Comuna 1,4,calle_avenida,única,norte,8454
2025-02-28,28,2,2025,"DE IRIGIOYEN, BERNARDO 1026",-58.3799,-34.62006,Comuna 1,4,calle_avenida,única,norte,8079
2025-03-06,6,3,2025,"DE IRIGIOYEN, BERNARDO 1026",-58.3799,-34.62006,Comuna 1,4,calle_avenida,única,norte,8239
2025-03-13,13,3,2025,"DE IRIGIOYEN, BERNARDO 1026",-58.3799,-34.62006,Comuna 1,4,calle_avenida,única,norte,4558
2025-03-20,20,3,2025,"DE IRIGIOYEN, BERNARDO 1026",-58.3799,-34.62006,Comuna 1,4,calle_avenida,única,norte,6147
2025-03-27,27,3,2025,"DE IRIGIOYEN, BERNARDO 1026",-58.3799,-34.62006,Comuna 1,4,calle_avenida,única,norte,9575
2025-04-03,3,4,2025,"DE IRIGIOYEN, BERNARDO 1026",-58.3799,-34.62006,Comuna 1,4,calle_avenida,única,norte,12119
2025-04-10,10,4,2025,"DE IRIGIOYEN, BERNARDO 1026",-58.3799,-34.62006,Comuna 1,4,calle_avenida,única,norte,12902
2025-04-17,17,4,2025,"DE IRIGIOYEN, BERNARDO 1026",-58.3799,-34.62006,Comuna 1,4,calle_avenida,única,norte,13316
2025-04-24,24,4,2025,"DE IRIGIOYEN, BERNARDO 1026",-58.3799,-34.62006,Comuna 1,4,calle_avenida,única,norte,13107
2025-05-01,1,5,2025,"DE IRIGIOYEN, BERNARDO 1026",-58.3799,-34.62006,Comuna 1,4,calle_avenida,única,norte,6806
2025-05-08,8,5,2025,"DE IRIGIOYEN, BERNARDO 1026",-58.3799,-34.62006,Comuna 1,4,calle_avenida,única,norte,13911
2025-05-15,15,5,2025,"DE IRIGIOYEN, BERNARDO 1026",-58.3799,-34.62006,Comuna 1,4,calle_avenida,única,norte,14328
2025-05-22,22,5,2025,"DE IRIGIOYEN, BERNARDO 1026",-58.3799,-34.62006,Comuna 1,4,calle_avenida,única,norte,13026
2025-05-29,29,5,2025,"DE IRIGIOYEN, BERNARDO 1026",-58.3799,-34.62006,Comuna 1,4,calle_avenida,única,norte,13775
2025-06-05,5,6,2025,"DE IRIGIOYEN, BERNARDO 1026",-58.3799,-34.62006,Comuna 1,4,calle_avenida,única,norte,12556
2025-06-12,12,6,2025,"DE IRIGIOYEN, BERNARDO 1026",-58.3799,-34.62006,Comuna 1,4,calle_avenida,única,norte,10850
2025-06-19,19,6,2025,"DE IRIGIOYEN, BERNARDO 1026",-58.3799,-34.62006,Comuna 1,4,calle_avenida,única,norte,11707
2025-06-26,26,6,2025,"DE IRIGIOYEN, BERNARDO 1026",-58.3799,-34.62006,Comuna 1,4,calle_avenida,única,norte,12873
2025-07-03,3,7,2025,"DE IRIGIOYEN, BERNARDO 1026",-58.3799,-34.62006,Comuna 1,4,calle_avenida,única,norte,12109
2025-07-17,17,7,2025,"DE IRIGIOYEN, BERNARDO 1026",-58.3799,-34.62006,Comuna 1,4,calle_avenida,única,norte,11873
2025-07-24,24,7,2025,"DE IRIGIOYEN, BERNARDO 1026",-58.3799,-34.62006,Comuna 1,4,calle_avenida,única,norte,11310
2025-01-03,3,1,2025,SAN JUAN AV. 1119,-58.381832,-34.622096,Comuna 1,4,calle_avenida,única,este,17220
2025-01-10,10,1,2025,SAN JUAN AV. 1119,-58.381832,-34.622096,Comuna 1,4,calle_avenida,única,este,15094
2025-01-17,17,1,2025,SAN JUAN AV. 1119,-58.381832,-34.622096,Comuna 1,4,calle_avenida,única,este,13942
2025-01-24,24,1,2025,SAN JUAN AV. 1119,-58.381832,-34.622096,Comuna 1,4,calle_avenida,única,este,9672
2025-01-31,31,1,2025,SAN JUAN AV. 1119,-58.381832,-34.622096,Comuna 1,4,calle_avenida,única,este,15293
2025-02-07,7,2,2025,SAN JUAN AV. 1119,-58.381832,-34.622096,Comuna 1,4,calle_avenida,única,este,18931
2025-02-14,14,2,2025,SAN JUAN AV. 1119,-58.381832,-34.622096,Comuna 1,4,calle_avenida,única,este,17395
2025-02-21,21,2,2025,SAN JUAN AV. 1119,-58.381832,-34.622096,Comuna 1,4,calle_avenida,única,este,13561
2025-02-28,28,2,2025,SAN JUAN AV. 1119,-58.381832,-34.622096,Comuna 1,4,calle_avenida,única,este,14267
2025-03-06,6,3,2025,SAN JUAN AV. 1119,-58.381832,-34.622096,Comuna 1,4,calle_avenida,única,este,14995
2025-03-13,13,3,2025,SAN JUAN AV. 1119,-58.381832,-34.622096,Comuna 1,4,calle_avenida,única,este,9138
2025-03-20,20,3,2025,SAN JUAN AV. 1119,-58.381832,-34.622096,Comuna 1,4,calle_avenida,única,este,9409
2025-03-27,27,3,2025,SAN JUAN AV. 1119,-58.381832,-34.622096,Comuna 1,4,calle_avenida,única,este,18993
2025-04-03,3,4,2025,SAN JUAN AV. 1119,-58.381832,-34.622096,Comuna 1,4,calle_avenida,única,este,
2025-04-10,10,4,2025,SAN JUAN AV. 1119,-58.381832,-34.622096,Comuna 1,4,calle_avenida,única,este,19269
2025-04-17,17,4,2025,SAN JUAN AV. 1119,-58.381832,-34.622096,Comuna 1,4,calle_avenida,única,este,17922
2025-04-24,24,4,2025,SAN JUAN AV. 1119,-58.381832,-34.622096,Comuna 1,4,calle_avenida,única,este,16373
2025-05-01,1,5,2025,SAN JUAN AV. 1119,-58.381832,-34.622096,Comuna 1,4,calle_avenida,única,este,9970
2025-05-08,8,5,2025,SAN JUAN AV. 1119,-58.381832,-34.622096,Comuna 1,4,calle_avenida,única,este,18416
2025-05-15,15,5,2025,SAN JUAN AV. 1119,-58.381832,-34.622096,Comuna 1,4,calle_avenida,única,este,18009
2025-05-22,22,5,2025,SAN JUAN AV. 1119,-58.381832,-34.622096,Comuna 1,4,calle_avenida,única,este,17118
2025-05-29,29,5,2025,SAN JUAN AV. 1119,-58.381832,-34.622096,Comuna 1,4,calle_avenida,única,este,16909
2025-06-05,5,6,2025,SAN JUAN AV. 1119,-58.381832,-34.622096,Comuna 1,4,calle_avenida,única,este,14868
2025-06-12,12,6,2025,SAN JUAN AV. 1119,-58.381832,-34.622096,Comuna 1,4,calle_avenida,única,este,15560
2025-06-19,19,6,2025,SAN JUAN AV. 1119,-58.381832,-34.622096,Comuna 1,4,calle_avenida,única,este,17188
2025-06-26,26,6,2025,SAN JUAN AV. 1119,-58.381832,-34.622096,Comuna 1,4,calle_avenida,única,este,17142
2025-07-03,3,7,2025,SAN JUAN AV. 1119,-58.381832,-34.622096,Comuna 1,4,calle_avenida,única,este,18004
2025-07-10,10,7,2025,SAN JUAN AV. 1119,-58.381832,-34.622096,Comuna 1,4,calle_avenida,única,este,17650
2025-07-17,17,7,2025,SAN JUAN AV. 1119,-58.381832,-34.622096,Comuna 1,4,calle_avenida,única,este,17351
2025-07-24,24,7,2025,SAN JUAN AV. 1119,-58.381832,-34.622096,Comuna 1,4,calle_avenida,única,este,15041
2025-07-31,31,7,2025,SAN JUAN AV. 1119,-58.381832,-34.622096,Comuna 1,4,calle_avenida,única,este,16679
2025-01-03,3,1,2025,"ALBERDI, JUAN BAUTISTA AV. 890",-58.440541,-34.623013,Comuna 6,4,calle_avenida,única,oeste,24426
2025-01-10,10,1,2025,"ALBERDI, JUAN BAUTISTA AV. 890",-58.440541,-34.623013,Comuna 6,4,calle_avenida,única,oeste,25402
2025-01-17,17,1,2025,"ALBERDI, JUAN BAUTISTA AV. 890",-58.440541,-34.623013,Comuna 6,4,calle_avenida,única,oeste,22678
2025-01-24,24,1,2025,"ALBERDI, JUAN BAUTISTA AV. 890",-58.440541,-34.623013,Comuna 6,4,calle_avenida,única,oeste,17320
2025-01-31,31,1,2025,"ALBERDI, JUAN BAUTISTA AV. 890",-58.440541,-34.623013,Comuna 6,4,calle_avenida,única,oeste,23523
2025-02-07,7,2,2025,"ALBERDI, JUAN BAUTISTA AV. 890",-58.440541,-34.623013,Comuna 6,4,calle_avenida,única,oeste,29199
2025-02-14,14,2,2025,"ALBERDI, JUAN BAUTISTA AV. 890",-58.440541,-34.623013,Comuna 6,4,calle_avenida,única,oeste,27578
2025-02-21,21,2,2025,"ALBERDI, JUAN BAUTISTA AV. 890",-58.440541,-34.623013,Comuna 6,4,calle_avenida,única,oeste,24116
2025-02-28,28,2,2025,"ALBERDI, JUAN BAUTISTA AV. 890",-58.440541,-34.623013,Comuna 6,4,calle_avenida,única,oeste,25056
2025-03-06,6,3,2025,"ALBERDI, JUAN BAUTISTA AV. 890",-58.440541,-34.623013,Comuna 6,4,calle_avenida,única,oeste,27240
2025-03-13,13,3,2025,"ALBERDI, JUAN BAUTISTA AV. 890",-58.440541,-34.623013,Comuna 6,4,calle_avenida,única,oeste,30813
2025-03-20,20,3,2025,"ALBERDI, JUAN BAUTISTA AV. 890",-58.440541,-34.623013,Comuna 6,4,calle_avenida,única,oeste,26354
2025-03-27,27,3,2025,"ALBERDI, JUAN BAUTISTA AV. 890",-58.440541,-34.623013,Comuna 6,4,calle_avenida,única,oeste,27065
2025-04-03,3,4,2025,"ALBERDI, JUAN BAUTISTA AV. 890",-58.440541,-34.623013,Comuna 6,4,calle_avenida,única,oeste,29312
2025-04-10,10,4,2025,"ALBERDI, JUAN BAUTISTA AV. 890",-58.440541,-34.623013,Comuna 6,4,calle_avenida,única,oeste,31727
2025-04-17,17,4,2025,"ALBERDI, JUAN BAUTISTA AV. 890",-58.440541,-34.623013,Comuna 6,4,calle_avenida,única,oeste,28748
2025-04-24,24,4,2025,"ALBERDI, JUAN BAUTISTA AV. 890",-58.440541,-34.623013,Comuna 6,4,calle_avenida,única,oeste,30086
2025-05-01,1,5,2025,"ALBERDI, JUAN BAUTISTA AV. 890",-58.440541,-34.623013,Comuna 6,4,calle_avenida,única,oeste,20360
2025-05-08,8,5,2025,"ALBERDI, JUAN BAUTISTA AV. 890",-58.440541,-34.623013,Comuna 6,4,calle_avenida,única,oeste,29916
2025-05-15,15,5,2025,"ALBERDI, JUAN BAUTISTA AV. 890",-58.440541,-34.623013,Comuna 6,4,calle_avenida,única,oeste,30443
2025-05-22,22,5,2025,"ALBERDI, JUAN BAUTISTA AV. 890",-58.440541,-34.623013,Comuna 6,4,calle_avenida,única,oeste,29276
2025-05-29,29,5,2025,"ALBERDI, JUAN BAUTISTA AV. 890",-58.440541,-34.623013,Comuna 6,4,calle_avenida,única,oeste,27153
2025-06-05,5,6,2025,"ALBERDI, JUAN BAUTISTA AV. 890",-58.440541,-34.623013,Comuna 6,4,calle_avenida,única,oeste,18011
2025-06-12,12,6,2025,"ALBERDI, JUAN BAUTISTA AV. 890",-58.440541,-34.623013,Comuna 6,4,calle_avenida,única,oeste,29913
2025-06-19,19,6,2025,"ALBERDI, JUAN BAUTISTA AV. 890",-58.440541,-34.623013,Comuna 6,4,calle_avenida,única,oeste,31490
2025-06-26,26,6,2025,"ALBERDI, JUAN BAUTISTA AV. 890",-58.440541,-34.623013,Comuna 6,4,calle_avenida,única,oeste,20364
2025-07-03,3,7,2025,"ALBERDI, JUAN BAUTISTA AV. 890",-58.440541,-34.623013,Comuna 6,4,calle_avenida,única,oeste,24213
2025-01-03,3,1,2025,AVELLANEDA AV. 1825,-58.456423,-34.621237,Comuna 7,4,calle_avenida,única,este,21746
2025-01-10,10,1,2025,AVELLANEDA AV. 1825,-58.456423,-34.621237,Comuna 7,4,calle_avenida,única,este,22917
2025-01-17,17,1,2025,AVELLANEDA AV. 1825,-58.456423,-34.621237,Comuna 7,4,calle_avenida,única,este,22613
2025-01-24,24,1,2025,AVELLANEDA AV. 1825,-58.456423,-34.621237,Comuna 7,4,calle_avenida,única,este,20981
2025-01-31,31,1,2025,AVELLANEDA AV. 1825,-58.456423,-34.621237,Comuna 7,4,calle_avenida,única,este,23355
2025-02-07,7,2,2025,AVELLANEDA AV. 1825,-58.456423,-34.621237,Comuna 7,4,calle_avenida,única,este,10997
2025-02-21,21,2,2025,AVELLANEDA AV. 1825,-58.456423,-34.621237,Comuna 7,4,calle_avenida,única,este,23156
2025-02-28,28,2,2025,AVELLANEDA AV. 1825,-58.456423,-34.621237,Comuna 7,4,calle_avenida,única,este,24181
2025-03-06,6,3,2025,AVELLANEDA AV. 1825,-58.456423,-34.621237,Comuna 7,4,calle_avenida,única,este,24520
2025-03-13,13,3,2025,AVELLANEDA AV. 1825,-58.456423,-34.621237,Comuna 7,4,calle_avenida,única,este,22703
2025-03-20,20,3,2025,AVELLANEDA AV. 1825,-58.456423,-34.621237,Comuna 7,4,calle_avenida,única,este,18694
2025-03-27,27,3,2025,AVELLANEDA AV. 1825,-58.456423,-34.621237,Comuna 7,4,calle_avenida,única,este,22770
2025-04-24,24,4,2025,AVELLANEDA AV. 1825,-58.456423,-34.621237,Comuna 7,4,calle_avenida,única,este,20256
2025-05-01,1,5,2025,AVELLANEDA AV. 1825,-58.456423,-34.621237,Comuna 7,4,calle_avenida,única,este,13702
2025-05-08,8,5,2025,AVELLANEDA AV. 1825,-58.456423,-34.621237,Comuna 7,4,calle_avenida,única,este,22198
2025-05-15,15,5,2025,AVELLANEDA AV. 1825,-58.456423,-34.621237,Comuna 7,4,calle_avenida,única,este,21297
2025-05-22,22,5,2025,AVELLANEDA AV. 1825,-58.456423,-34.621237,Comuna 7,4,calle_avenida,única,este,21528
2025-05-29,29,5,2025,AVELLANEDA AV. 1825,-58.456423,-34.621237,Comuna 7,4,calle_avenida,única,este,20373
2025-06-05,5,6,2025,AVELLANEDA AV. 1825,-58.456423,-34.621237,Comuna 7,4,calle_avenida,única,este,21169
2025-06-12,12,6,2025,AVELLANEDA AV. 1825,-58.456423,-34.621237,Comuna 7,4,calle_avenida,única,este,21546
2025-06-19,19,6,2025,AVELLANEDA AV. 1825,-58.456423,-34.621237,Comuna 7,4,calle_avenida,única,este,21800
2025-06-26,26,6,2025,AVELLANEDA AV. 1825,-58.456423,-34.621237,Comuna 7,4,calle_avenida,única,este,23356
2025-07-03,3,7,2025,AVELLANEDA AV. 1825,-58.456423,-34.621237,Comuna 7,4,calle_avenida,única,este,22444
2025-07-10,10,7,2025,AVELLANEDA AV. 1825,-58.456423,-34.621237,Comuna 7,4,calle_avenida,única,este,23117
2025-07-17,17,7,2025,AVELLANEDA AV. 1825,-58.456423,-34.621237,Comuna 7,4,calle_avenida,única,este,20817
2025-07-24,24,7,2025,AVELLANEDA AV. 1825,-58.456423,-34.621237,Comuna 7,4,calle_avenida,única,este,20730
2025-07-31,31,7,2025,AVELLANEDA AV. 1825,-58.456423,-34.621237,Comuna 7,4,calle_avenida,única,este,24853
2025-01-03,3,1,2025,CORRIENTES AV. 3022,-58.408125,-34.604302,Comuna 3,4,calle_avenida,única,este,22514
2025-01-10,10,1,2025,CORRIENTES AV. 3022,-58.408125,-34.604302,Comuna 3,4,calle_avenida,única,este,20814
2025-01-17,17,1,2025,CORRIENTES AV. 3022,-58.408125,-34.604302,Comuna 3,4,calle_avenida,única,este,20679
2025-01-24,24,1,2025,CORRIENTES AV. 3022,-58.408125,-34.604302,Comuna 3,4,calle_avenida,única,este,17167
2025-01-31,31,1,2025,CORRIENTES AV. 3022,-58.408125,-34.604302,Comuna 3,4,calle_avenida,única,este,22682
2025-02-07,7,2,2025,CORRIENTES AV. 3022,-58.408125,-34.604302,Comuna 3,4,calle_avenida,única,este,25000
2025-02-14,14,2,2025,CORRIENTES AV. 3022,-58.408125,-34.604302,Comuna 3,4,calle_avenida,única,este,16945
2025-02-21,21,2,2025,CORRIENTES AV. 3022,-58.408125,-34.604302,Comuna 3,4,calle_avenida,única,este,22047
2025-02-28,28,2,2025,CORRIENTES AV. 3022,-58.408125,-34.604302,Comuna 3,4,calle_avenida,única,este,21318
2025-03-06,6,3,2025,CORRIENTES AV. 3022,-58.408125,-34.604302,Comuna 3,4,calle_avenida,única,este,11979
2025-03-13,13,3,2025,CORRIENTES AV. 3022,-58.408125,-34.604302,Comuna 3,4,calle_avenida,única,este,11201
2025-03-20,20,3,2025,CORRIENTES AV. 3022,-58.408125,-34.604302,Comuna 3,4,calle_avenida,única,este,19691
2025-03-27,27,3,2025,CORRIENTES AV. 3022,-58.408125,-34.604302,Comuna 3,4,calle_avenida,única,este,21867
2025-04-03,3,4,2025,CORRIENTES AV. 3022,-58.408125,-34.604302,Comuna 3,4,calle_avenida,única,este,16602
2025-04-10,10,4,2025,CORRIENTES AV. 3022,-58.408125,-34.604302,Comuna 3,4,calle_avenida,única,este,22625
2025-04-17,17,4,2025,CORRIENTES AV. 3022,-58.408125,-34.604302,Comuna 3,4,calle_avenida,única,este,21741
2025-04-24,24,4,2025,CORRIENTES AV. 3022,-58.408125,-34.604302,Comuna 3,4,calle_avenida,única,este,20967
2025-05-01,1,5,2025,CORRIENTES AV. 3022,-58.408125,-34.604302,Comuna 3,4,calle_avenida,única,este,14991
2025-05-08,8,5,2025,CORRIENTES AV. 3022,-58.408125,-34.604302,Comuna 3,4,calle_avenida,única,este,20449
2025-05-15,15,5,2025,CORRIENTES AV. 3022,-58.408125,-34.604302,Comuna 3,4,calle_avenida,única,este,19537
2025-05-22,22,5,2025,CORRIENTES AV. 3022,-58.408125,-34.604302,Comuna 3,4,calle_avenida,única,este,20451
2025-05-29,29,5,2025,CORRIENTES AV. 3022,-58.408125,-34.604302,Comuna 3,4,calle_avenida,única,este,20384
2025-06-05,5,6,2025,CORRIENTES AV. 3022,-58.408125,-34.604302,Comuna 3,4,calle_avenida,única,este,22134
2025-06-12,12,6,2025,CORRIENTES AV. 3022,-58.408125,-34.604302,Comuna 3,4,calle_avenida,única,este,21284
2025-06-19,19,6,2025,CORRIENTES AV. 3022,-58.408125,-34.604302,Comuna 3,4,calle_avenida,única,este,21989
2025-06-26,26,6,2025,CORRIENTES AV. 3022,-58.408125,-34.604302,Comuna 3,4,calle_avenida,única,este,22523
2025-07-03,3,7,2025,CORRIENTES AV. 3022,-58.408125,-34.604302,Comuna 3,4,calle_avenida,única,este,21268
2025-07-10,10,7,2025,CORRIENTES AV. 3022,-58.408125,-34.604302,Comuna 3,4,calle_avenida,única,este,21297
2025-07-17,17,7,2025,CORRIENTES AV. 3022,-58.408125,-34.604302,Comuna 3,4,calle_avenida,única,este,17719
2025-07-24,24,7,2025,CORRIENTES AV. 3022,-58.408125,-34.604302,Comuna 3,4,calle_avenida,única,este,22736
2025-07-31,31,7,2025,CORRIENTES AV. 3022,-58.408125,-34.604302,Comuna 3,4,calle_avenida,única,este,22576
2025-01-03,3,1,2025,BOEDO AV. 965,-58.416231,-34.624996,Comuna 5,3,calle_avenida,única,sur,11982
2025-01-10,10,1,2025,BOEDO AV. 965,-58.416231,-34.624996,Comuna 5,3,calle_avenida,única,sur,11944
2025-01-17,17,1,2025,BOEDO AV. 965,-58.416231,-34.624996,Comuna 5,3,calle_avenida,única,sur,11086
2025-01-24,24,1,2025,BOEDO AV. 965,-58.416231,-34.624996,Comuna 5,3,calle_avenida,única,sur,10347
2025-01-31,31,1,2025,BOEDO AV. 965,-58.416231,-34.624996,Comuna 5,3,calle_avenida,única,sur,12875
2025-02-07,7,2,2025,BOEDO AV. 965,-58.416231,-34.624996,Comuna 5,3,calle_avenida,única,sur,14009
2025-02-14,14,2,2025,BOEDO AV. 965,-58.416231,-34.624996,Comuna 5,3,calle_avenida,única,sur,9286
2025-02-21,21,2,2025,BOEDO AV. 965,-58.416231,-34.624996,Comuna 5,3,calle_avenida,única,sur,9703
2025-02-28,28,2,2025,BOEDO AV. 965,-58.416231,-34.624996,Comuna 5,3,calle_avenida,única,sur,10258
2025-03-06,6,3,2025,BOEDO AV. 965,-58.416231,-34.624996,Comuna 5,3,calle_avenida,única,sur,10982
2025-03-13,13,3,2025,BOEDO AV. 965,-58.416231,-34.624996,Comuna 5,3,calle_avenida,única,sur,11460
2025-03-20,20,3,2025,BOEDO AV. 965,-58.416231,-34.624996,Comuna 5,3,calle_avenida,única,sur,13943
2025-03-27,27,3,2025,BOEDO AV. 965,-58.416231,-34.624996,Comuna 5,3,calle_avenida,única,sur,17976
2025-04-03,3,4,2025,BOEDO AV. 965,-58.416231,-34.624996,Comuna 5,3,calle_avenida,única,sur,16449
2025-04-10,10,4,2025,BOEDO AV. 965,-58.416231,-34.624996,Comuna 5,3,calle_avenida,única,sur,17511
2025-04-17,17,4,2025,BOEDO AV. 965,-58.416231,-34.624996,Comuna 5,3,calle_avenida,única,sur,17261
2025-04-24,24,4,2025,BOEDO AV. 965,-58.416231,-34.624996,Comuna 5,3,calle_avenida,única,sur,16861
2025-05-01,1,5,2025,BOEDO AV. 965,-58.416231,-34.624996,Comuna 5,3,calle_avenida,única,sur,11675
2025-05-08,8,5,2025,BOEDO AV. 965,-58.416231,-34.624996,Comuna 5,3,calle_avenida,única,sur,17456
2025-05-15,15,5,2025,BOEDO AV. 965,-58.416231,-34.624996,Comuna 5,3,calle_avenida,única,sur,16996
2025-05-22,22,5,2025,BOEDO AV. 965,-58.416231,-34.624996,Comuna 5,3,calle_avenida,única,sur,17228
2025-05-29,29,5,2025,BOEDO AV. 965,-58.416231,-34.624996,Comuna 5,3,calle_avenida,única,sur,15647
2025-06-05,5,6,2025,BOEDO AV. 965,-58.416231,-34.624996,Comuna 5,3,calle_avenida,única,sur,15565
2025-06-12,12,6,2025,BOEDO AV. 965,-58.416231,-34.624996,Comuna 5,3,calle_avenida,única,sur,15814
2025-06-19,19,6,2025,BOEDO AV. 965,-58.416231,-34.624996,Comuna 5,3,calle_avenida,única,sur,16310
2025-06-26,26,6,2025,BOEDO AV. 965,-58.416231,-34.624996,Comuna 5,3,calle_avenida,única,sur,15234
2025-07-03,3,7,2025,BOEDO AV. 965,-58.416231,-34.624996,Comuna 5,3,calle_avenida,única,sur,15897
2025-07-10,10,7,2025,BOEDO AV. 965,-58.416231,-34.624996,Comuna 5,3,calle_avenida,única,sur,15290
2025-07-17,17,7,2025,BOEDO AV. 965,-58.416231,-34.624996,Comuna 5,3,calle_avenida,única,sur,14952
2025-07-24,24,7,2025,BOEDO AV. 965,-58.416231,-34.624996,Comuna 5,3,calle_avenida,única,sur,14692
2025-07-31,31,7,2025,BOEDO AV. 965,-58.416231,-34.624996,Comuna 5,3,calle_avenida,única,sur,15660
2025-01-03,3,1,2025,CORDOBA AV. 1980,-58.395434,-34.599776,Comuna 3,4,calle_avenida,única,oeste,9344
2025-01-10,10,1,2025,CORDOBA AV. 1980,-58.395434,-34.599776,Comuna 3,4,calle_avenida,única,oeste,21366
2025-01-17,17,1,2025,CORDOBA AV. 1980,-58.395434,-34.599776,Comuna 3,4,calle_avenida,única,oeste,22067
2025-01-24,24,1,2025,CORDOBA AV. 1980,-58.395434,-34.599776,Comuna 3,4,calle_avenida,única,oeste,18204
2025-01-31,31,1,2025,CORDOBA AV. 1980,-58.395434,-34.599776,Comuna 3,4,calle_avenida,única,oeste,22893
2025-02-07,7,2,2025,CORDOBA AV. 1980,-58.395434,-34.599776,Comuna 3,4,calle_avenida,única,oeste,24542
2025-02-14,14,2,2025,CORDOBA AV. 1980,-58.395434,-34.599776,Comuna 3,4,calle_avenida,única,oeste,25433
2025-02-21,21,2,2025,CORDOBA AV. 1980,-58.395434,-34.599776,Comuna 3,4,calle_avenida,única,oeste,22633
2025-02-28,28,2,2025,CORDOBA AV. 1980,-58.395434,-34.599776,Comuna 3,4,calle_avenida,única,oeste,22136
2025-03-06,6,3,2025,CORDOBA AV. 1980,-58.395434,-34.599776,Comuna 3,4,calle_avenida,única,oeste,22240
2025-03-13,13,3,2025,CORDOBA AV. 1980,-58.395434,-34.599776,Comuna 3,4,calle_avenida,única,oeste,18055
2025-03-20,20,3,2025,CORDOBA AV. 1980,-58.395434,-34.599776,Comuna 3,4,calle_avenida,única,oeste,16193
2025-03-27,27,3,2025,CORDOBA AV. 1980,-58.395434,-34.599776,Comuna 3,4,calle_avenida,única,oeste,22838
2025-04-03,3,4,2025,CORDOBA AV. 1980,-58.395434,-34.599776,Comuna 3,4,calle_avenida,única,oeste,22147
2025-04-10,10,4,2025,CORDOBA AV. 1980,-58.395434,-34.599776,Comuna 3,4,calle_avenida,única,oeste,22875
2025-04-17,17,4,2025,CORDOBA AV. 1980,-58.395434,-34.599776,Comuna 3,4,calle_avenida,única,oeste,24049
2025-04-24,24,4,2025,CORDOBA AV. 1980,-58.395434,-34.599776,Comuna 3,4,calle_avenida,única,oeste,23922
2025-05-01,1,5,2025,CORDOBA AV. 1980,-58.395434,-34.599776,Comuna 3,4,calle_avenida,única,oeste,14203
2025-05-08,8,5,2025,CORDOBA AV. 1980,-58.395434,-34.599776,Comuna 3,4,calle_avenida,única,oeste,23416
2025-05-15,15,5,2025,CORDOBA AV. 1980,-58.395434,-34.599776,Comuna 3,4,calle_avenida,única,oeste,23056
2025-05-22,22,5,2025,CORDOBA AV. 1980,-58.395434,-34.599776,Comuna 3,4,calle_avenida,única,oeste,23637
2025-05-29,29,5,2025,CORDOBA AV. 1980,-58.395434,-34.599776,Comuna 3,4,calle_avenida,única,oeste,23326
2025-06-05,5,6,2025,CORDOBA AV. 1980,-58.395434,-34.599776,Comuna 3,4,calle_avenida,única,oeste,23108
2025-06-12,12,6,2025,CORDOBA AV. 1980,-58.395434,-34.599776,Comuna 3,4,calle_avenida,única,oeste,23404
2025-06-19,19,6,2025,CORDOBA AV. 1980,-58.395434,-34.599776,Comuna 3,4,calle_avenida,única,oeste,23180
2025-06-26,26,6,2025,CORDOBA AV. 1980,-58.395434,-34.599776,Comuna 3,4,calle_avenida,única,oeste,23155
2025-07-03,3,7,2025,CORDOBA AV. 1980,-58.395434,-34.599776,Comuna 3,4,calle_avenida,única,oeste,24369
2025-07-10,10,7,2025,CORDOBA AV. 1980,-58.395434,-34.599776,Comuna 3,4,calle_avenida,única,oeste,23338
2025-07-17,17,7,2025,CORDOBA AV. 1980,-58.395434,-34.599776,Comuna 3,4,calle_avenida,única,oeste,21107
2025-07-24,24,7,2025,CORDOBA AV. 1980,-58.395434,-34.599776,Comuna 3,4,calle_avenida,única,oeste,23190
2025-07-31,31,7,2025,CORDOBA AV. 1980,-58.395434,-34.599776,Comuna 3,4,calle_avenida,única,oeste,24005
2025-01-03,3,1,2025,RIVADAVIA AV. 7218,-58.467187,-34.630203,Comuna 7,2,calle_avenida,doble,este,12850
2025-01-10,10,1,2025,RIVADAVIA AV. 7218,-58.467187,-34.630203,Comuna 7,2,calle_avenida,doble,este,13031
2025-01-17,17,1,2025,RIVADAVIA AV. 7218,-58.467187,-34.630203,Comuna 7,2,calle_avenida,doble,este,8704
2025-01-24,24,1,2025,RIVADAVIA AV. 7218,-58.467187,-34.630203,Comuna 7,2,calle_avenida,doble,este,7820
2025-01-31,31,1,2025,RIVADAVIA AV. 7218,-58.467187,-34.630203,Comuna 7,2,calle_avenida,doble,este,11423
2025-02-07,7,2,2025,RIVADAVIA AV. 7218,-58.467187,-34.630203,Comuna 7,2,calle_avenida,doble,este,12319
2025-02-14,14,2,2025,RIVADAVIA AV. 7218,-58.467187,-34.630203,Comuna 7,2,calle_avenida,doble,este,13644
2025-02-21,21,2,2025,RIVADAVIA AV. 7218,-58.467187,-34.630203,Comuna 7,2,calle_avenida,doble,este,13100
2025-02-28,28,2,2025,RIVADAVIA AV. 7218,-58.467187,-34.630203,Comuna 7,2,calle_avenida,doble,este,13154
2025-03-06,6,3,2025,RIVADAVIA AV. 7218,-58.467187,-34.630203,Comuna 7,2,calle_avenida,doble,este,12635
2025-03-13,13,3,2025,RIVADAVIA AV. 7218,-58.467187,-34.630203,Comuna 7,2,calle_avenida,doble,este,12617
2025-03-20,20,3,2025,RIVADAVIA AV. 7218,-58.467187,-34.630203,Comuna 7,2,calle_avenida,doble,este,10134
2025-03-27,27,3,2025,RIVADAVIA AV. 7218,-58.467187,-34.630203,Comuna 7,2,calle_avenida,doble,este,13868
2025-04-03,3,4,2025,RIVADAVIA AV. 7218,-58.467187,-34.630203,Comuna 7,2,calle_avenida,doble,este,8164
2025-04-24,24,4,2025,RIVADAVIA AV. 7218,-58.467187,-34.630203,Comuna 7,2,calle_avenida,doble,este,12436
2025-05-01,1,5,2025,RIVADAVIA AV. 7218,-58.467187,-34.630203,Comuna 7,2,calle_avenida,doble,este,8356
2025-05-08,8,5,2025,RIVADAVIA AV. 7218,-58.467187,-34.630203,Comuna 7,2,calle_avenida,doble,este,14013
2025-05-15,15,5,2025,RIVADAVIA AV. 7218,-58.467187,-34.630203,Comuna 7,2,calle_avenida,doble,este,13046
2025-05-22,22,5,2025,RIVADAVIA AV. 7218,-58.467187,-34.630203,Comuna 7,2,calle_avenida,doble,este,13316
2025-05-29,29,5,2025,RIVADAVIA AV. 7218,-58.467187,-34.630203,Comuna 7,2,calle_avenida,doble,este,12455
2025-06-05,5,6,2025,RIVADAVIA AV. 7218,-58.467187,-34.630203,Comuna 7,2,calle_avenida,doble,este,11955
2025-06-12,12,6,2025,RIVADAVIA AV. 7218,-58.467187,-34.630203,Comuna 7,2,calle_avenida,doble,este,13127
2025-06-19,19,6,2025,RIVADAVIA AV. 7218,-58.467187,-34.630203,Comuna 7,2,calle_avenida,doble,este,13966
2025-06-26,26,6,2025,RIVADAVIA AV. 7218,-58.467187,-34.630203,Comuna 7,2,calle_avenida,doble,este,13111
2025-07-03,3,7,2025,RIVADAVIA AV. 7218,-58.467187,-34.630203,Comuna 7,2,calle_avenida,doble,este,13157
2025-07-10,10,7,2025,RIVADAVIA AV. 7218,-58.467187,-34.630203,Comuna 7,2,calle_avenida,doble,este,13173
2025-07-17,17,7,2025,RIVADAVIA AV. 7218,-58.467187,-34.630203,Comuna 7,2,calle_avenida,doble,este,13030
2025-07-24,24,7,2025,RIVADAVIA AV. 7218,-58.467187,-34.630203,Comuna 7,2,calle_avenida,doble,este,12783
2025-07-31,31,7,2025,RIVADAVIA AV. 7218,-58.467187,-34.630203,Comuna 7,2,calle_avenida,doble,este,12754
2025-01-03,3,1,2025,NAZCA AV. 479,-58.471328,-34.626678,Comuna 7,2,calle_avenida,doble,norte,11765
2025-01-10,10,1,2025,NAZCA AV. 479,-58.471328,-34.626678,Comuna 7,2,calle_avenida,doble,norte,11972
2025-01-17,17,1,2025,NAZCA AV. 479,-58.471328,-34.626678,Comuna 7,2,calle_avenida,doble,norte,12699
2025-01-24,24,1,2025,NAZCA AV. 479,-58.471328,-34.626678,Comuna 7,2,calle_avenida,doble,norte,11449
2025-01-31,31,1,2025,NAZCA AV. 479,-58.471328,-34.626678,Comuna 7,2,calle_avenida,doble,norte,12467
2025-02-07,7,2,2025,NAZCA AV. 479,-58.471328,-34.626678,Comuna 7,2,calle_avenida,doble,norte,12539
2025-02-14,14,2,2025,NAZCA AV. 479,-58.471328,-34.626678,Comuna 7,2,calle_avenida,doble,norte,13473
2025-02-21,21,2,2025,NAZCA AV. 479,-58.471328,-34.626678,Comuna 7,2,calle_avenida,doble,norte,12667
2025-02-28,28,2,2025,NAZCA AV. 479,-58.471328,-34.626678,Comuna 7,2,calle_avenida,doble,norte,13750
2025-03-06,6,3,2025,NAZCA AV. 479,-58.471328,-34.626678,Comuna 7,2,calle_avenida,doble,norte,13798
2025-03-13,13,3,2025,NAZCA AV. 479,-58.471328,-34.626678,Comuna 7,2,calle_avenida,doble,norte,12957
2025-03-20,20,3,2025,NAZCA AV. 479,-58.471328,-34.626678,Comuna 7,2,calle_avenida,doble,norte,11113
2025-03-27,27,3,2025,NAZCA AV. 479,-58.471328,-34.626678,Comuna 7,2,calle_avenida,doble,norte,14268
2025-04-03,3,4,2025,NAZCA AV. 479,-58.471328,-34.626678,Comuna 7,2,calle_avenida,doble,norte,13396
2025-04-10,10,4,2025,NAZCA AV. 479,-58.471328,-34.626678,Comuna 7,2,calle_avenida,doble,norte,14309
2025-04-17,17,4,2025,NAZCA AV. 479,-58.471328,-34.626678,Comuna 7,2,calle_avenida,doble,norte,13832
2025-04-24,24,4,2025,NAZCA AV. 479,-58.471328,-34.626678,Comuna 7,2,calle_avenida,doble,norte,13646
2025-05-01,1,5,2025,NAZCA AV. 479,-58.471328,-34.626678,Comuna 7,2,calle_avenida,doble,norte,9837
2025-05-08,8,5,2025,NAZCA AV. 479,-58.471328,-34.626678,Comuna 7,2,calle_avenida,doble,norte,13822
2025-05-15,15,5,2025,NAZCA AV. 479,-58.471328,-34.626678,Comuna 7,2,calle_avenida,doble,norte,13362
2025-05-22,22,5,2025,NAZCA AV. 479,-58.471328,-34.626678,Comuna 7,2,calle_avenida,doble,norte,12375
2025-05-29,29,5,2025,NAZCA AV. 479,-58.471328,-34.626678,Comuna 7,2,calle_avenida,doble,norte,12530
2025-06-05,5,6,2025,NAZCA AV. 479,-58.471328,-34.626678,Comuna 7,2,calle_avenida,doble,norte,12711
2025-06-12,12,6,2025,NAZCA AV. 479,-58.471328,-34.626678,Comuna 7,2,calle_avenida,doble,norte,12148
2025-06-19,19,6,2025,NAZCA AV. 479,-58.471328,-34.626678,Comuna 7,2,calle_avenida,doble,norte,12575
2025-06-26,26,6,2025,NAZCA AV. 479,-58.471328,-34.626678,Comuna 7,2,calle_avenida,doble,norte,10744
2025-07-10,10,7,2025,NAZCA AV. 479,-58.471328,-34.626678,Comuna 7,2,calle_avenida,doble,norte,12737
2025-07-17,17,7,2025,NAZCA AV. 479,-58.471328,-34.626678,Comuna 7,2,calle_avenida,doble,norte,12076
2025-07-24,24,7,2025,NAZCA AV. 479,-58.471328,-34.626678,Comuna 7,2,calle_avenida,doble,norte,11346
2025-01-03,3,1,2025,PUEYRREDON AV. 1418,-58.402311,-34.594121,Comuna 2,3,calle_avenida,doble,sur,14023
2025-01-10,10,1,2025,PUEYRREDON AV. 1418,-58.402311,-34.594121,Comuna 2,3,calle_avenida,doble,sur,14237
2025-01-17,17,1,2025,PUEYRREDON AV. 1418,-58.402311,-34.594121,Comuna 2,3,calle_avenida,doble,sur,14073
2025-01-24,24,1,2025,PUEYRREDON AV. 1418,-58.402311,-34.594121,Comuna 2,3,calle_avenida,doble,sur,13245
2025-01-31,31,1,2025,PUEYRREDON AV. 1418,-58.402311,-34.594121,Comuna 2,3,calle_avenida,doble,sur,14755
2025-02-07,7,2,2025,PUEYRREDON AV. 1418,-58.402311,-34.594121,Comuna 2,3,calle_avenida,doble,sur,17258
2025-02-14,14,2,2025,PUEYRREDON AV. 1418,-58.402311,-34.594121,Comuna 2,3,calle_avenida,doble,sur,16067
2025-02-21,21,2,2025,PUEYRREDON AV. 1418,-58.402311,-34.594121,Comuna 2,3,calle_avenida,doble,sur,16369
2025-02-28,28,2,2025,PUEYRREDON AV. 1418,-58.402311,-34.594121,Comuna 2,3,calle_avenida,doble,sur,16936
2025-03-06,6,3,2025,PUEYRREDON AV. 1418,-58.402311,-34.594121,Comuna 2,3,calle_avenida,doble,sur,16297
2025-03-13,13,3,2025,PUEYRREDON AV. 1418,-58.402311,-34.594121,Comuna 2,3,calle_avenida,doble,sur,15950
2025-03-20,20,3,2025,PUEYRREDON AV. 1418,-58.402311,-34.594121,Comuna 2,3,calle_avenida,doble,sur,14927
2025-03-27,27,3,2025,PUEYRREDON AV. 1418,-58.402311,-34.594121,Comuna 2,3,calle_avenida,doble,sur,16746
2025-04-03,3,4,2025,PUEYRREDON AV. 1418,-58.402311,-34.594121,Comuna 2,3,calle_avenida,doble,sur,16330
2025-04-10,10,4,2025,PUEYRREDON AV. 1418,-58.402311,-34.594121,Comuna 2,3,calle_avenida,doble,sur,17553
2025-04-17,17,4,2025,PUEYRREDON AV. 1418,-58.402311,-34.594121,Comuna 2,3,calle_avenida,doble,sur,17169
2025-04-24,24,4,2025,PUEYRREDON AV. 1418,-58.402311,-34.594121,Comuna 2,3,calle_avenida,doble,sur,17054
2025-05-01,1,5,2025,PUEYRREDON AV. 1418,-58.402311,-34.594121,Comuna 2,3,calle_avenida,doble,sur,13475
2025-05-08,8,5,2025,PUEYRREDON AV. 1418,-58.402311,-34.594121,Comuna 2,3,calle_avenida,doble,sur,17935
2025-05-15,15,5,2025,PUEYRREDON AV. 1418,-58.402311,-34.594121,Comuna 2,3,calle_avenida,doble,sur,10921
2025-05-22,22,5,2025,PUEYRREDON AV. 1418,-58.402311,-34.594121,Comuna 2,3,calle_avenida,doble,sur,15166
2025-05-29,29,5,2025,PUEYRREDON AV. 1418,-58.402311,-34.594121,Comuna 2,3,calle_avenida,doble,sur,6800
2025-06-05,5,6,2025,PUEYRREDON AV. 1418,-58.402311,-34.594121,Comuna 2,3,calle_avenida,doble,sur,14665
2025-06-12,12,6,2025,PUEYRREDON AV. 1418,-58.402311,-34.594121,Comuna 2,3,calle_avenida,doble,sur,15380
2025-06-19,19,6,2025,PUEYRREDON AV. 1418,-58.402311,-34.594121,Comuna 2,3,calle_avenida,doble,sur,15319
2025-06-26,26,6,2025,PUEYRREDON AV. 1418,-58.402311,-34.594121,Comuna 2,3,calle_avenida,doble,sur,14669
2025-07-03,3,7,2025,PUEYRREDON AV. 1418,-58.402311,-34.594121,Comuna 2,3,calle_avenida,doble,sur,
2025-07-10,10,7,2025,PUEYRREDON AV. 1418,-58.402311,-34.594121,Comuna 2,3,calle_avenida,doble,sur,13772
2025-07-17,17,7,2025,PUEYRREDON AV. 1418,-58.402311,-34.594121,Comuna 2,3,calle_avenida,doble,sur,14739
2025-07-24,24,7,2025,PUEYRREDON AV. 1418,-58.402311,-34.594121,Comuna 2,3,calle_avenida,doble,sur,14188
2025-07-31,31,7,2025,PUEYRREDON AV. 1418,-58.402311,-34.594121,Comuna 2,3,calle_avenida,doble,sur,14257
2025-01-03,3,1,2025,LARREA 477,-58.402156,-34.603736,Comuna 3,1,calle_avenida,única,norte,7284
2025-01-10,10,1,2025,LARREA 477,-58.402156,-34.603736,Comuna 3,1,calle_avenida,única,norte,7521
2025-01-17,17,1,2025,LARREA 477,-58.402156,-34.603736,Comuna 3,1,calle_avenida,única,norte,7596
2025-01-31,31,1,2025,LARREA 477,-58.402156,-34.603736,Comuna 3,1,calle_avenida,única,norte,6573
2025-02-07,7,2,2025,LARREA 477,-58.402156,-34.603736,Comuna 3,1,calle_avenida,única,norte,5339
2025-02-14,14,2,2025,LARREA 477,-58.402156,-34.603736,Comuna 3,1,calle_avenida,única,norte,7692
2025-02-21,21,2,2025,LARREA 477,-58.402156,-34.603736,Comuna 3,1,calle_avenida,única,norte,758
2025-02-28,28,2,2025,LARREA 477,-58.402156,-34.603736,Comuna 3,1,calle_avenida,única,norte,7763
2025-03-06,6,3,2025,LARREA 477,-58.402156,-34.603736,Comuna 3,1,calle_avenida,única,norte,7696
2025-03-13,13,3,2025,LARREA 477,-58.402156,-34.603736,Comuna 3,1,calle_avenida,única,norte,6747
2025-03-20,20,3,2025,LARREA 477,-58.402156,-34.603736,Comuna 3,1,calle_avenida,única,norte,6734
2025-03-27,27,3,2025,LARREA 477,-58.402156,-34.603736,Comuna 3,1,calle_avenida,única,norte,8697
2025-04-03,3,4,2025,LARREA 477,-58.402156,-34.603736,Comuna 3,1,calle_avenida,única,norte,7336
2025-04-10,10,4,2025,LARREA 477,-58.402156,-34.603736,Comuna 3,1,calle_avenida,única,norte,8127
2025-04-17,17,4,2025,LARREA 477,-58.402156,-34.603736,Comuna 3,1,calle_avenida,única,norte,7856
2025-04-24,24,4,2025,LARREA 477,-58.402156,-34.603736,Comuna 3,1,calle_avenida,única,norte,7229
2025-05-01,1,5,2025,LARREA 477,-58.402156,-34.603736,Comuna 3,1,calle_avenida,única,norte,5638
2025-05-08,8,5,2025,LARREA 477,-58.402156,-34.603736,Comuna 3,1,calle_avenida,única,norte,8254
2025-05-15,15,5,2025,LARREA 477,-58.402156,-34.603736,Comuna 3,1,calle_avenida,única,norte,8053
2025-05-22,22,5,2025,LARREA 477,-58.402156,-34.603736,Comuna 3,1,calle_avenida,única,norte,7926
2025-05-29,29,5,2025,LARREA 477,-58.402156,-34.603736,Comuna 3,1,calle_avenida,única,norte,7737
2025-06-05,5,6,2025,LARREA 477,-58.402156,-34.603736,Comuna 3,1,calle_avenida,única,norte,7536
2025-06-12,12,6,2025,LARREA 477,-58.402156,-34.603736,Comuna 3,1,calle_avenida,única,norte,7709
2025-06-19,19,6,2025,LARREA 477,-58.402156,-34.603736,Comuna 3,1,calle_avenida,única,norte,7657
2025-06-26,26,6,2025,LARREA 477,-58.402156,-34.603736,Comuna 3,1,calle_avenida,única,norte,7986
2025-07-03,3,7,2025,LARREA 477,-58.402156,-34.603736,Comuna 3,1,calle_avenida,única,norte,7785
2025-07-10,10,7,2025,LARREA 477,-58.402156,-34.603736,Comuna 3,1,calle_avenida,única,norte,7590
2025-07-17,17,7,2025,LARREA 477,-58.402156,-34.603736,Comuna 3,1,calle_avenida,única,norte,7770
2025-07-24,24,7,2025,LARREA 477,-58.402156,-34.603736,Comuna 3,1,calle_avenida,única,norte,7133
2025-07-31,31,7,2025,LARREA 477,-58.402156,-34.603736,Comuna 3,1,calle_avenida,única,norte,7049
2025-01-03,3,1,2025,TRIUNVIRATO AV. 4520,-58.4848,-34.575403,Comuna 12,4,calle_avenida,única,este,17057
2025-01-10,10,1,2025,TRIUNVIRATO AV. 4520,-58.4848,-34.575403,Comuna 12,4,calle_avenida,única,este,17362
2025-01-17,17,1,2025,TRIUNVIRATO AV. 4520,-58.4848,-34.575403,Comuna 12,4,calle_avenida,única,este,15851
2025-01-24,24,1,2025,TRIUNVIRATO AV. 4520,-58.4848,-34.575403,Comuna 12,4,calle_avenida,única,este,14899
2025-01-31,31,1,2025,TRIUNVIRATO AV. 4520,-58.4848,-34.575403,Comuna 12,4,calle_avenida,única,este,18637
2025-02-07,7,2,2025,TRIUNVIRATO AV. 4520,-58.4848,-34.575403,Comuna 12,4,calle_avenida,única,este,19555
2025-02-14,14,2,2025,TRIUNVIRATO AV. 4520,-58.4848,-34.575403,Comuna 12,4,calle_avenida,única,este,18122
2025-02-21,21,2,2025,TRIUNVIRATO AV. 4520,-58.4848,-34.575403,Comuna 12,4,calle_avenida,única,este,20291
2025-02-28,28,2,2025,TRIUNVIRATO AV. 4520,-58.4848,-34.575403,Comuna 12,4,calle_avenida,única,este,20375
2025-03-06,6,3,2025,TRIUNVIRATO AV. 4520,-58.4848,-34.575403,Comuna 12,4,calle_avenida,única,este,21289
2025-03-13,13,3,2025,TRIUNVIRATO AV. 4520,-58.4848,-34.575403,Comuna 12,4,calle_avenida,única,este,20581
2025-03-20,20,3,2025,TRIUNVIRATO AV. 4520,-58.4848,-34.575403,Comuna 12,4,calle_avenida,única,este,16448
2025-03-27,27,3,2025,TRIUNVIRATO AV. 4520,-58.4848,-34.575403,Comuna 12,4,calle_avenida,única,este,23351
2025-04-03,3,4,2025,TRIUNVIRATO AV. 4520,-58.4848,-34.575403,Comuna 12,4,calle_avenida,única,este,20262
2025-04-10,10,4,2025,TRIUNVIRATO AV. 4520,-58.4848,-34.575403,Comuna 12,4,calle_avenida,única,este,21571
2025-04-17,17,4,2025,TRIUNVIRATO AV. 4520,-58.4848,-34.575403,Comuna 12,4,calle_avenida,única,este,11930
2025-04-24,24,4,2025,TRIUNVIRATO AV. 4520,-58.4848,-34.575403,Comuna 12,4,calle_avenida,única,este,20752
2025-05-01,1,5,2025,TRIUNVIRATO AV. 4520,-58.4848,-34.575403,Comuna 12,4,calle_avenida,única,este,13203
2025-05-08,8,5,2025,TRIUNVIRATO AV. 4520,-58.4848,-34.575403,Comuna 12,4,calle_avenida,única,este,
2025-05-15,15,5,2025,TRIUNVIRATO AV. 4520,-58.4848,-34.575403,Comuna 12,4,calle_avenida,única,este,21711
2025-05-22,22,5,2025,TRIUNVIRATO AV. 4520,-58.4848,-34.575403,Comuna 12,4,calle_avenida,única,este,19740
2025-05-29,29,5,2025,TRIUNVIRATO AV. 4520,-58.4848,-34.575403,Comuna 12,4,calle_avenida,única,este,20319
2025-06-05,5,6,2025,TRIUNVIRATO AV. 4520,-58.4848,-34.575403,Comuna 12,4,calle_avenida,única,este,21204
2025-06-12,12,6,2025,TRIUNVIRATO AV. 4520,-58.4848,-34.575403,Comuna 12,4,calle_avenida,única,este,21143
2025-06-19,19,6,2025,TRIUNVIRATO AV. 4520,-58.4848,-34.575403,Comuna 12,4,calle_avenida,única,este,20852
2025-06-26,26,6,2025,TRIUNVIRATO AV. 4520,-58.4848,-34.575403,Comuna 12,4,calle_avenida,única,este,20754
2025-07-03,3,7,2025,TRIUNVIRATO AV. 4520,-58.4848,-34.575403,Comuna 12,4,calle_avenida,única,este,20401
2025-07-10,10,7,2025,TRIUNVIRATO AV. 4520,-58.4848,-34.575403,Comuna 12,4,calle_avenida,única,este,20664
2025-07-17,17,7,2025,TRIUNVIRATO AV. 4520,-58.4848,-34.575403,Comuna 12,4,calle_avenida,única,este,18825
2025-07-24,24,7,2025,TRIUNVIRATO AV. 4520,-58.4848,-34.575403,Comuna 12,4,calle_avenida,única,este,18531
2025-07-31,31,7,2025,TRIUNVIRATO AV. 4520,-58.4848,-34.575403,Comuna 12,4,calle_avenida,única,este,20685
2025-01-03,3,1,2025,LIMA 1365,-58.381495,-34.624262,Comuna 1,3,calle_avenida,única,sur,12624
2025-01-10,10,1,2025,LIMA 1365,-58.381495,-34.624262,Comuna 1,3,calle_avenida,única,sur,12786
2025-01-17,17,1,2025,LIMA 1365,-58.381495,-34.624262,Comuna 1,3,calle_avenida,única,sur,12509
2025-01-24,24,1,2025,LIMA 1365,-58.381495,-34.624262,Comuna 1,3,calle_avenida,única,sur,9215
2025-01-31,31,1,2025,LIMA 1365,-58.381495,-34.624262,Comuna 1,3,calle_avenida,única,sur,12491
2025-02-07,7,2,2025,LIMA 1365,-58.381495,-34.624262,Comuna 1,3,calle_avenida,única,sur,13115
2025-02-14,14,2,2025,LIMA 1365,-58.381495,-34.624262,Comuna 1,3,calle_avenida,única,sur,13535
2025-02-21,21,2,2025,LIMA 1365,-58.381495,-34.624262,Comuna 1,3,calle_avenida,única,sur,12335
2025-02-28,28,2,2025,LIMA 1365,-58.381495,-34.624262,Comuna 1,3,calle_avenida,única,sur,13080
2025-03-06,6,3,2025,LIMA 1365,-58.381495,-34.624262,Comuna 1,3,calle_avenida,única,sur,13588
2025-03-13,13,3,2025,LIMA 1365,-58.381495,-34.624262,Comuna 1,3,calle_avenida,única,sur,12495
2025-03-20,20,3,2025,LIMA 1365,-58.381495,-34.624262,Comuna 1,3,calle_avenida,única,sur,10776
2025-03-27,27,3,2025,LIMA 1365,-58.381495,-34.624262,Comuna 1,3,calle_avenida,única,sur,14548
2025-04-03,3,4,2025,LIMA 1365,-58.381495,-34.624262,Comuna 1,3,calle_avenida,única,sur,12806
2025-04-10,10,4,2025,LIMA 1365,-58.381495,-34.624262,Comuna 1,3,calle_avenida,única,sur,12868
2025-04-17,17,4,2025,LIMA 1365,-58.381495,-34.624262,Comuna 1,3,calle_avenida,única,sur,13387
2025-04-24,24,4,2025,LIMA 1365,-58.381495,-34.624262,Comuna 1,3,calle_avenida,única,sur,13746
2025-05-01,1,5,2025,LIMA 1365,-58.381495,-34.624262,Comuna 1,3,calle_avenida,única,sur,6678
2025-05-08,8,5,2025,LIMA 1365,-58.381495,-34.624262,Comuna 1,3,calle_avenida,única,sur,14086
2025-05-15,15,5,2025,LIMA 1365,-58.381495,-34.624262,Comuna 1,3,calle_avenida,única,sur,8842
2025-05-22,22,5,2025,LIMA 1365,-58.381495,-34.624262,Comuna 1,3,calle_avenida,única,sur,13500
2025-05-29,29,5,2025,LIMA 1365,-58.381495,-34.624262,Comuna 1,3,calle_avenida,única,sur,14203
2025-06-05,5,6,2025,LIMA 1365,-58.381495,-34.624262,Comuna 1,3,calle_avenida,única,sur,13485
2025-06-12,12,6,2025,LIMA 1365,-58.381495,-34.624262,Comuna 1,3,calle_avenida,única,sur,11632
2025-06-19,19,6,2025,LIMA 1365,-58.381495,-34.624262,Comuna 1,3,calle_avenida,única,sur,14391
2025-06-26,26,6,2025,LIMA 1365,-58.381495,-34.624262,Comuna 1,3,calle_avenida,única,sur,13609
2025-07-03,3,7,2025,LIMA 1365,-58.381495,-34.624262,Comuna 1,3,calle_avenida,única,sur,13745
2025-07-10,10,7,2025,LIMA 1365,-58.381495,-34.624262,Comuna 1,3,calle_avenida,única,sur,13446
2025-07-17,17,7,2025,LIMA 1365,-58.381495,-34.624262,Comuna 1,3,calle_avenida,única,sur,13476
2025-07-24,24,7,2025,LIMA 1365,-58.381495,-34.624262,Comuna 1,3,calle_avenida,única,sur,13573
2025-07-31,31,7,2025,LIMA 1365,-58.381495,-34.624262,Comuna 1,3,calle_avenida,única,sur,13921
2025-01-03,3,1,2025,PASEO COLON AV. 753,-58.369509,-34.616769,Comuna 1,4,calle_avenida,doble,sur,12504
2025-01-10,10,1,2025,PASEO COLON AV. 753,-58.369509,-34.616769,Comuna 1,4,calle_avenida,doble,sur,12280
2025-01-17,17,1,2025,PASEO COLON AV. 753,-58.369509,-34.616769,Comuna 1,4,calle_avenida,doble,sur,11462
2025-01-24,24,1,2025,PASEO COLON AV. 753,-58.369509,-34.616769,Comuna 1,4,calle_avenida,doble,sur,9279
2025-01-31,31,1,2025,PASEO COLON AV. 753,-58.369509,-34.616769,Comuna 1,4,calle_avenida,doble,sur,12350
2025-02-07,7,2,2025,PASEO COLON AV. 753,-58.369509,-34.616769,Comuna 1,4,calle_avenida,doble,sur,13633
2025-02-14,14,2,2025,PASEO COLON AV. 753,-58.369509,-34.616769,Comuna 1,4,calle_avenida,doble,sur,8922
2025-02-21,21,2,2025,PASEO COLON AV. 753,-58.369509,-34.616769,Comuna 1,4,calle_avenida,doble,sur,12046
2025-02-28,28,2,2025,PASEO COLON AV. 753,-58.369509,-34.616769,Comuna 1,4,calle_avenida,doble,sur,11477
2025-03-06,6,3,2025,PASEO COLON AV. 753,-58.369509,-34.616769,Comuna 1,4,calle_avenida,doble,sur,12845
2025-03-13,13,3,2025,PASEO COLON AV. 753,-58.369509,-34.616769,Comuna 1,4,calle_avenida,doble,sur,4191
2025-03-20,20,3,2025,PASEO COLON AV. 753,-58.369509,-34.616769,Comuna 1,4,calle_avenida,doble,sur,5145
2025-03-27,27,3,2025,PASEO COLON AV. 753,-58.369509,-34.616769,Comuna 1,4,calle_avenida,doble,sur,14494
2025-04-03,3,4,2025,PASEO COLON AV. 753,-58.369509,-34.616769,Comuna 1,4,calle_avenida,doble,sur,9522
2025-04-10,10,4,2025,PASEO COLON AV. 753,-58.369509,-34.616769,Comuna 1,4,calle_avenida,doble,sur,13411
2025-04-17,17,4,2025,PASEO COLON AV. 753,-58.369509,-34.616769,Comuna 1,4,calle_avenida,doble,sur,12426
2025-04-24,24,4,2025,PASEO COLON AV. 753,-58.369509,-34.616769,Comuna 1,4,calle_avenida,doble,sur,12214
2025-05-01,1,5,2025,PASEO COLON AV. 753,-58.369509,-34.616769,Comuna 1,4,calle_avenida,doble,sur,3122
2025-05-08,8,5,2025,PASEO COLON AV. 753,-58.369509,-34.616769,Comuna 1,4,calle_avenida,doble,sur,13715
2025-05-15,15,5,2025,PASEO COLON AV. 753,-58.369509,-34.616769,Comuna 1,4,calle_avenida,doble,sur,12418
2025-05-22,22,5,2025,PASEO COLON AV. 753,-58.369509,-34.616769,Comuna 1,4,calle_avenida,doble,sur,11226
2025-05-29,29,5,2025,PASEO COLON AV. 753,-58.369509,-34.616769,Comuna 1,4,calle_avenida,doble,sur,11483
2025-06-05,5,6,2025,PASEO COLON AV. 753,-58.369509,-34.616769,Comuna 1,4,calle_avenida,doble,sur,10695
2025-06-12,12,6,2025,PASEO COLON AV. 753,-58.369509,-34.616769,Comuna 1,4,calle_avenida,doble,sur,11544
2025-06-19,19,6,2025,PASEO COLON AV. 753,-58.369509,-34.616769,Comuna 1,4,calle_avenida,doble,sur,12988
2025-06-26,26,6,2025,PASEO COLON AV. 753,-58.369509,-34.616769,Comuna 1,4,calle_avenida,doble,sur,11780
2025-07-03,3,7,2025,PASEO COLON AV. 753,-58.369509,-34.616769,Comuna 1,4,calle_avenida,doble,sur,12221
2025-07-10,10,7,2025,PASEO COLON AV. 753,-58.369509,-34.616769,Comuna 1,4,calle_avenida,doble,sur,12209
2025-07-17,17,7,2025,PASEO COLON AV. 753,-58.369509,-34.616769,Comuna 1,4,calle_avenida,doble,sur,8967
2025-07-24,24,7,2025,PASEO COLON AV. 753,-58.369509,-34.616769,Comuna 1,4,calle_avenida,doble,sur,10481
2025-07-31,31,7,2025,PASEO COLON AV. 753,-58.369509,-34.616769,Comuna 1,4,calle_avenida,doble,sur,12091
2025-01-03,3,1,2025,"LIMA ESTE Y GARAY, JUAN DE",-58.382235,-34.626842,Comuna 1,2,calle_avenida,doble,sur,6746
2025-01-10,10,1,2025,"LIMA ESTE Y GARAY, JUAN DE",-58.382235,-34.626842,Comuna 1,2,calle_avenida,doble,sur,6609
2025-01-17,17,1,2025,"LIMA ESTE Y GARAY, JUAN DE",-58.382235,-34.626842,Comuna 1,2,calle_avenida,doble,sur,6360
2025-01-24,24,1,2025,"LIMA ESTE Y GARAY, JUAN DE",-58.382235,-34.626842,Comuna 1,2,calle_avenida,doble,sur,5008
2025-01-31,31,1,2025,"LIMA ESTE Y GARAY, JUAN DE",-58.382235,-34.626842,Comuna 1,2,calle_avenida,doble,sur,6955
2025-02-07,7,2,2025,"LIMA ESTE Y GARAY, JUAN DE",-58.382235,-34.626842,Comuna 1,2,calle_avenida,doble,sur,7574
2025-02-14,14,2,2025,"LIMA ESTE Y GARAY, JUAN DE",-58.382235,-34.626842,Comuna 1,2,calle_avenida,doble,sur,7791
2025-02-21,21,2,2025,"LIMA ESTE Y GARAY, JUAN DE",-58.382235,-34.626842,Comuna 1,2,calle_avenida,doble,sur,7082
2025-02-28,28,2,2025,"LIMA ESTE Y GARAY, JUAN DE",-58.382235,-34.626842,Comuna 1,2,calle_avenida,doble,sur,7178
2025-03-06,6,3,2025,"LIMA ESTE Y GARAY, JUAN DE",-58.382235,-34.626842,Comuna 1,2,calle_avenida,doble,sur,7304
2025-03-13,13,3,2025,"LIMA ESTE Y GARAY, JUAN DE",-58.382235,-34.626842,Comuna 1,2,calle_avenida,doble,sur,3062
2025-03-20,20,3,2025,"LIMA ESTE Y GARAY, JUAN DE",-58.382235,-34.626842,Comuna 1,2,calle_avenida,doble,sur,4518
2025-03-27,27,3,2025,"LIMA ESTE Y GARAY, JUAN DE",-58.382235,-34.626842,Comuna 1,2,calle_avenida,doble,sur,5690
2025-04-03,3,4,2025,"LIMA ESTE Y GARAY, JUAN DE",-58.382235,-34.626842,Comuna 1,2,calle_avenida,doble,sur,3724
2025-04-10,10,4,2025,"LIMA ESTE Y GARAY, JUAN DE",-58.382235,-34.626842,Comuna 1,2,calle_avenida,doble,sur,4400
2025-04-17,17,4,2025,"LIMA ESTE Y GARAY, JUAN DE",-58.382235,-34.626842,Comuna 1,2,calle_avenida,doble,sur,4528
2025-04-24,24,4,2025,"LIMA ESTE Y GARAY, JUAN DE",-58.382235,-34.626842,Comuna 1,2,calle_avenida,doble,sur,4179
2025-05-01,1,5,2025,"LIMA ESTE Y GARAY, JUAN DE",-58.382235,-34.626842,Comuna 1,2,calle_avenida,doble,sur,1811
2025-05-08,8,5,2025,"LIMA ESTE Y GARAY, JUAN DE",-58.382235,-34.626842,Comuna 1,2,calle_avenida,doble,sur,4608
2025-05-15,15,5,2025,"LIMA ESTE Y GARAY, JUAN DE",-58.382235,-34.626842,Comuna 1,2,calle_avenida,doble,sur,4608
2025-05-22,22,5,2025,"LIMA ESTE Y GARAY, JUAN DE",-58.382235,-34.626842,Comuna 1,2,calle_avenida,doble,sur,4429
2025-05-29,29,5,2025,"LIMA ESTE Y GARAY, JUAN DE",-58.382235,-34.626842,Comuna 1,2,calle_avenida,doble,sur,4495
2025-06-05,5,6,2025,"LIMA ESTE Y GARAY, JUAN DE",-58.382235,-34.626842,Comuna 1,2,calle_avenida,doble,sur,3912
2025-06-12,12,6,2025,"LIMA ESTE Y GARAY, JUAN DE",-58.382235,-34.626842,Comuna 1,2,calle_avenida,doble,sur,3437
2025-06-19,19,6,2025,"LIMA ESTE Y GARAY, JUAN DE",-58.382235,-34.626842,Comuna 1,2,calle_avenida,doble,sur,3968
2025-06-26,26,6,2025,"LIMA ESTE Y GARAY, JUAN DE",-58.382235,-34.626842,Comuna 1,2,calle_avenida,doble,sur,3981
2025-07-03,3,7,2025,"LIMA ESTE Y GARAY, JUAN DE",-58.382235,-34.626842,Comuna 1,2,calle_avenida,doble,sur,4019
2025-07-10,10,7,2025,"LIMA ESTE Y GARAY, JUAN DE",-58.382235,-34.626842,Comuna 1,2,calle_avenida,doble,sur,3979
2025-07-17,17,7,2025,"LIMA ESTE Y GARAY, JUAN DE",-58.382235,-34.626842,Comuna 1,2,calle_avenida,doble,sur,4040
2025-07-24,24,7,2025,"LIMA ESTE Y GARAY, JUAN DE",-58.382235,-34.626842,Comuna 1,2,calle_avenida,doble,sur,3551
2025-07-31,31,7,2025,"LIMA ESTE Y GARAY, JUAN DE",-58.382235,-34.626842,Comuna 1,2,calle_avenida,doble,sur,4406
2025-01-03,3,1,2025,SUAREZ 1635,-58.373758,-34.638502,Comuna 4,2,calle_avenida,única,este,9311
2025-01-10,10,1,2025,SUAREZ 1635,-58.373758,-34.638502,Comuna 4,2,calle_avenida,única,este,9998
2025-01-17,17,1,2025,SUAREZ 1635,-58.373758,-34.638502,Comuna 4,2,calle_avenida,única,este,9421
2025-01-24,24,1,2025,SUAREZ 1635,-58.373758,-34.638502,Comuna 4,2,calle_avenida,única,este,7250
2025-01-31,31,1,2025,SUAREZ 1635,-58.373758,-34.638502,Comuna 4,2,calle_avenida,única,este,9311
2025-02-07,7,2,2025,SUAREZ 1635,-58.373758,-34.638502,Comuna 4,2,calle_avenida,única,este,10033
2025-02-14,14,2,2025,SUAREZ 1635,-58.373758,-34.638502,Comuna 4,2,calle_avenida,única,este,11395
2025-02-21,21,2,2025,SUAREZ 1635,-58.373758,-34.638502,Comuna 4,2,calle_avenida,única,este,10306
2025-02-28,28,2,2025,SUAREZ 1635,-58.373758,-34.638502,Comuna 4,2,calle_avenida,única,este,10382
2025-03-06,6,3,2025,SUAREZ 1635,-58.373758,-34.638502,Comuna 4,2,calle_avenida,única,este,10816
2025-03-13,13,3,2025,SUAREZ 1635,-58.373758,-34.638502,Comuna 4,2,calle_avenida,única,este,9514
2025-03-20,20,3,2025,SUAREZ 1635,-58.373758,-34.638502,Comuna 4,2,calle_avenida,única,este,8089
2025-03-27,27,3,2025,SUAREZ 1635,-58.373758,-34.638502,Comuna 4,2,calle_avenida,única,este,11781
2025-04-03,3,4,2025,SUAREZ 1635,-58.373758,-34.638502,Comuna 4,2,calle_avenida,única,este,9651
2025-04-10,10,4,2025,SUAREZ 1635,-58.373758,-34.638502,Comuna 4,2,calle_avenida,única,este,12168
2025-04-17,17,4,2025,SUAREZ 1635,-58.373758,-34.638502,Comuna 4,2,calle_avenida,única,este,11262
2025-04-24,24,4,2025,SUAREZ 1635,-58.373758,-34.638502,Comuna 4,2,calle_avenida,única,este,11338
2025-05-01,1,5,2025,SUAREZ 1635,-58.373758,-34.638502,Comuna 4,2,calle_avenida,única,este,6318
2025-05-08,8,5,2025,SUAREZ 1635,-58.373758,-34.638502,Comuna 4,2,calle_avenida,única,este,11555
2025-05-15,15,5,2025,SUAREZ 1635,-58.373758,-34.638502,Comuna 4,2,calle_avenida,única,este,12387
2025-05-22,22,5,2025,SUAREZ 1635,-58.373758,-34.638502,Comuna 4,2,calle_avenida,única,este,10733
2025-05-29,29,5,2025,SUAREZ 1635,-58.373758,-34.638502,Comuna 4,2,calle_avenida,única,este,11907
2025-06-05,5,6,2025,SUAREZ 1635,-58.373758,-34.638502,Comuna 4,2,calle_avenida,única,este,11459
2025-06-12,12,6,2025,SUAREZ 1635,-58.373758,-34.638502,Comuna 4,2,calle_avenida,única,este,11047
2025-06-19,19,6,2025,SUAREZ 1635,-58.373758,-34.638502,Comuna 4,2,calle_avenida,única,este,12282
2025-06-26,26,6,2025,SUAREZ 1635,-58.373758,-34.638502,Comuna 4,2,calle_avenida,única,este,11158
2025-07-03,3,7,2025,SUAREZ 1635,-58.373758,-34.638502,Comuna 4,2,calle_avenida,única,este,11969
2025-07-10,10,7,2025,SUAREZ 1635,-58.373758,-34.638502,Comuna 4,2,calle_avenida,única,este,11816
2025-07-17,17,7,2025,SUAREZ 1635,-58.373758,-34.638502,Comuna 4,2,calle_avenida,única,este,11249
2025-07-24,24,7,2025,SUAREZ 1635,-58.373758,-34.638502,Comuna 4,2,calle_avenida,única,este,11682
2025-07-31,31,7,2025,SUAREZ 1635,-58.373758,-34.638502,Comuna 4,2,calle_avenida,única,este,12866
2025-01-03,3,1,2025,CALLAO AV. 858,-58.39311,-34.599002,Comuna 2,4,calle_avenida,única,norte,28285
2025-01-10,10,1,2025,CALLAO AV. 858,-58.39311,-34.599002,Comuna 2,4,calle_avenida,única,norte,27653
2025-01-17,17,1,2025,CALLAO AV. 858,-58.39311,-34.599002,Comuna 2,4,calle_avenida,única,norte,29944
2025-01-24,24,1,2025,CALLAO AV. 858,-58.39311,-34.599002,Comuna 2,4,calle_avenida,única,norte,20897
2025-01-31,31,1,2025,CALLAO AV. 858,-58.39311,-34.599002,Comuna 2,4,calle_avenida,única,norte,29766
2025-02-07,7,2,2025,CALLAO AV. 858,-58.39311,-34.599002,Comuna 2,4,calle_avenida,única,norte,32913
2025-02-14,14,2,2025,CALLAO AV. 858,-58.39311,-34.599002,Comuna 2,4,calle_avenida,única,norte,31714
2025-02-21,21,2,2025,CALLAO AV. 858,-58.39311,-34.599002,Comuna 2,4,calle_avenida,única,norte,30903
2025-02-28,28,2,2025,CALLAO AV. 858,-58.39311,-34.599002,Comuna 2,4,calle_avenida,única,norte,31076
2025-03-06,6,3,2025,CALLAO AV. 858,-58.39311,-34.599002,Comuna 2,4,calle_avenida,única,norte,30968
2025-03-13,13,3,2025,CALLAO AV. 858,-58.39311,-34.599002,Comuna 2,4,calle_avenida,única,norte,30676
2025-03-20,20,3,2025,CALLAO AV. 858,-58.39311,-34.599002,Comuna 2,4,calle_avenida,única,norte,27573
2025-03-27,27,3,2025,CALLAO AV. 858,-58.39311,-34.599002,Comuna 2,4,calle_avenida,única,norte,31013
2025-04-03,3,4,2025,CALLAO AV. 858,-58.39311,-34.599002,Comuna 2,4,calle_avenida,única,norte,30256
2025-04-10,10,4,2025,CALLAO AV. 858,-58.39311,-34.599002,Comuna 2,4,calle_avenida,única,norte,30817
2025-04-17,17,4,2025,CALLAO AV. 858,-58.39311,-34.599002,Comuna 2,4,calle_avenida,única,norte,31130
2025-04-24,24,4,2025,CALLAO AV. 858,-58.39311,-34.599002,Comuna 2,4,calle_avenida,única,norte,30850
2025-05-01,1,5,2025,CALLAO AV. 858,-58.39311,-34.599002,Comuna 2,4,calle_avenida,única,norte,21180
2025-05-08,8,5,2025,CALLAO AV. 858,-58.39311,-34.599002,Comuna 2,4,calle_avenida,única,norte,30556
2025-05-15,15,5,2025,CALLAO AV. 858,-58.39311,-34.599002,Comuna 2,4,calle_avenida,única,norte,27641
2025-05-22,22,5,2025,CALLAO AV. 858,-58.39311,-34.599002,Comuna 2,4,calle_avenida,única,norte,27926
2025-05-29,29,5,2025,CALLAO AV. 858,-58.39311,-34.599002,Comuna 2,4,calle_avenida,única,norte,27231
2025-06-05,5,6,2025,CALLAO AV. 858,-58.39311,-34.599002,Comuna 2,4,calle_avenida,única,norte,30445
2025-06-12,12,6,2025,CALLAO AV. 858,-58.39311,-34.599002,Comuna 2,4,calle_avenida,única,norte,24432
2025-06-19,19,6,2025,CALLAO AV. 858,-58.39311,-34.599002,Comuna 2,4,calle_avenida,única,norte,32203
2025-06-26,26,6,2025,CALLAO AV. 858,-58.39311,-34.599002,Comuna 2,4,calle_avenida,única,norte,32537
2025-07-03,3,7,2025,CALLAO AV. 858,-58.39311,-34.599002,Comuna 2,4,calle_avenida,única,norte,32254
2025-07-10,10,7,2025,CALLAO AV. 858,-58.39311,-34.599002,Comuna 2,4,calle_avenida,única,norte,33511
2025-07-17,17,7,2025,CALLAO AV. 858,-58.39311,-34.599002,Comuna 2,4,calle_avenida,única,norte,29775
2025-07-24,24,7,2025,CALLAO AV. 858,-58.39311,-34.599002,Comuna 2,4,calle_avenida,única,norte,32525
2025-07-31,31,7,2025,CALLAO AV. 858,-58.39311,-34.599002,Comuna 2,4,calle_avenida,única,norte,31513
2025-01-03,3,1,2025,ENTRE RIOS AV. 326,-58.391646,-34.613,Comuna 1,4,calle_avenida,única,norte,29903
2025-01-10,10,1,2025,ENTRE RIOS AV. 326,-58.391646,-34.613,Comuna 1,4,calle_avenida,única,norte,30009
2025-01-17,17,1,2025,ENTRE RIOS AV. 326,-58.391646,-34.613,Comuna 1,4,calle_avenida,única,norte,29472
2025-01-24,24,1,2025,ENTRE RIOS AV. 326,-58.391646,-34.613,Comuna 1,4,calle_avenida,única,norte,17140
2025-01-31,31,1,2025,ENTRE RIOS AV. 326,-58.391646,-34.613,Comuna 1,4,calle_avenida,única,norte,26514
2025-02-07,7,2,2025,ENTRE RIOS AV. 326,-58.391646,-34.613,Comuna 1,4,calle_avenida,única,norte,31863
2025-02-14,14,2,2025,ENTRE RIOS AV. 326,-58.391646,-34.613,Comuna 1,4,calle_avenida,única,norte,32908
2025-02-21,21,2,2025,ENTRE RIOS AV. 326,-58.391646,-34.613,Comuna 1,4,calle_avenida,única,norte,30776
2025-02-28,28,2,2025,ENTRE RIOS AV. 326,-58.391646,-34.613,Comuna 1,4,calle_avenida,única,norte,30761
2025-03-06,6,3,2025,ENTRE RIOS AV. 326,-58.391646,-34.613,Comuna 1,4,calle_avenida,única,norte,32069
2025-03-13,13,3,2025,ENTRE RIOS AV. 326,-58.391646,-34.613,Comuna 1,4,calle_avenida,única,norte,30688
2025-03-20,20,3,2025,ENTRE RIOS AV. 326,-58.391646,-34.613,Comuna 1,4,calle_avenida,única,norte,27472
2025-03-27,27,3,2025,ENTRE RIOS AV. 326,-58.391646,-34.613,Comuna 1,4,calle_avenida,única,norte,31809
2025-04-03,3,4,2025,ENTRE RIOS AV. 326,-58.391646,-34.613,Comuna 1,4,calle_avenida,única,norte,30941
2025-04-10,10,4,2025,ENTRE RIOS AV. 326,-58.391646,-34.613,Comuna 1,4,calle_avenida,única,norte,31725
2025-04-17,17,4,2025,ENTRE RIOS AV. 326,-58.391646,-34.613,Comuna 1,4,calle_avenida,única,norte,31650
2025-04-24,24,4,2025,ENTRE RIOS AV. 326,-58.391646,-34.613,Comuna 1,4,calle_avenida,única,norte,30597
2025-05-01,1,5,2025,ENTRE RIOS AV. 326,-58.391646,-34.613,Comuna 1,4,calle_avenida,única,norte,23770
2025-05-08,8,5,2025,ENTRE RIOS AV. 326,-58.391646,-34.613,Comuna 1,4,calle_avenida,única,norte,31169
2025-05-15,15,5,2025,ENTRE RIOS AV. 326,-58.391646,-34.613,Comuna 1,4,calle_avenida,única,norte,30691
2025-05-22,22,5,2025,ENTRE RIOS AV. 326,-58.391646,-34.613,Comuna 1,4,calle_avenida,única,norte,29650
2025-05-29,29,5,2025,ENTRE RIOS AV. 326,-58.391646,-34.613,Comuna 1,4,calle_avenida,única,norte,20141
2025-06-05,5,6,2025,ENTRE RIOS AV. 326,-58.391646,-34.613,Comuna 1,4,calle_avenida,única,norte,25681
2025-06-12,12,6,2025,ENTRE RIOS AV. 326,-58.391646,-34.613,Comuna 1,4,calle_avenida,única,norte,10671
2025-06-19,19,6,2025,ENTRE RIOS AV. 326,-58.391646,-34.613,Comuna 1,4,calle_avenida,única,norte,26717
2025-06-26,26,6,2025,ENTRE RIOS AV. 326,-58.391646,-34.613,Comuna 1,4,calle_avenida,única,norte,26378
2025-07-03,3,7,2025,ENTRE RIOS AV. 326,-58.391646,-34.613,Comuna 1,4,calle_avenida,única,norte,27308
2025-07-10,10,7,2025,ENTRE RIOS AV. 326,-58.391646,-34.613,Comuna 1,4,calle_avenida,única,norte,26580
2025-07-17,17,7,2025,ENTRE RIOS AV. 326,-58.391646,-34.613,Comuna 1,4,calle_avenida,única,norte,19911
2025-07-24,24,7,2025,ENTRE RIOS AV. 326,-58.391646,-34.613,Comuna 1,4,calle_avenida,única,norte,26759
2025-07-31,31,7,2025,ENTRE RIOS AV. 326,-58.391646,-34.613,Comuna 1,4,calle_avenida,única,norte,27936
2025-01-03,3,1,2025,PUEYRREDON AV. 214,-58.406212,-34.607467,Comuna 3,3,calle_avenida,doble,sur,19642
2025-01-10,10,1,2025,PUEYRREDON AV. 214,-58.406212,-34.607467,Comuna 3,3,calle_avenida,doble,sur,22501
2025-01-17,17,1,2025,PUEYRREDON AV. 214,-58.406212,-34.607467,Comuna 3,3,calle_avenida,doble,sur,20741
2025-01-24,24,1,2025,PUEYRREDON AV. 214,-58.406212,-34.607467,Comuna 3,3,calle_avenida,doble,sur,19263
2025-01-31,31,1,2025,PUEYRREDON AV. 214,-58.406212,-34.607467,Comuna 3,3,calle_avenida,doble,sur,22523
2025-02-07,7,2,2025,PUEYRREDON AV. 214,-58.406212,-34.607467,Comuna 3,3,calle_avenida,doble,sur,24877
2025-02-14,14,2,2025,PUEYRREDON AV. 214,-58.406212,-34.607467,Comuna 3,3,calle_avenida,doble,sur,22875
2025-02-21,21,2,2025,PUEYRREDON AV. 214,-58.406212,-34.607467,Comuna 3,3,calle_avenida,doble,sur,21547
2025-02-28,28,2,2025,PUEYRREDON AV. 214,-58.406212,-34.607467,Comuna 3,3,calle_avenida,doble,sur,20963
2025-03-06,6,3,2025,PUEYRREDON AV. 214,-58.406212,-34.607467,Comuna 3,3,calle_avenida,doble,sur,20761
2025-03-13,13,3,2025,PUEYRREDON AV. 214,-58.406212,-34.607467,Comuna 3,3,calle_avenida,doble,sur,22321
2025-03-20,20,3,2025,PUEYRREDON AV. 214,-58.406212,-34.607467,Comuna 3,3,calle_avenida,doble,sur,20439
2025-03-27,27,3,2025,PUEYRREDON AV. 214,-58.406212,-34.607467,Comuna 3,3,calle_avenida,doble,sur,24639
2025-04-03,3,4,2025,PUEYRREDON AV. 214,-58.406212,-34.607467,Comuna 3,3,calle_avenida,doble,sur,22581
2025-04-10,10,4,2025,PUEYRREDON AV. 214,-58.406212,-34.607467,Comuna 3,3,calle_avenida,doble,sur,24816
2025-04-17,17,4,2025,PUEYRREDON AV. 214,-58.406212,-34.607467,Comuna 3,3,calle_avenida,doble,sur,23034
2025-04-24,24,4,2025,PUEYRREDON AV. 214,-58.406212,-34.607467,Comuna 3,3,calle_avenida,doble,sur,23652
2025-05-01,1,5,2025,PUEYRREDON AV. 214,-58.406212,-34.607467,Comuna 3,3,calle_avenida,doble,sur,20954
2025-05-08,8,5,2025,PUEYRREDON AV. 214,-58.406212,-34.607467,Comuna 3,3,calle_avenida,doble,sur,24287
2025-05-15,15,5,2025,PUEYRREDON AV. 214,-58.406212,-34.607467,Comuna 3,3,calle_avenida,doble,sur,23873
2025-05-22,22,5,2025,PUEYRREDON AV. 214,-58.406212,-34.607467,Comuna 3,3,calle_avenida,doble,sur,23267
2025-05-29,29,5,2025,PUEYRREDON AV. 214,-58.406212,-34.607467,Comuna 3,3,calle_avenida,doble,sur,22843
2025-06-05,5,6,2025,PUEYRREDON AV. 214,-58.406212,-34.607467,Comuna 3,3,calle_avenida,doble,sur,23980
2025-06-12,12,6,2025,PUEYRREDON AV. 214,-58.406212,-34.607467,Comuna 3,3,calle_avenida,doble,sur,23773
2025-06-19,19,6,2025,PUEYRREDON AV. 214,-58.406212,-34.607467,Comuna 3,3,calle_avenida,doble,sur,870
2025-06-26,26,6,2025,PUEYRREDON AV. 214,-58.406212,-34.607467,Comuna 3,3,calle_avenida,doble,sur,24138
2025-07-03,3,7,2025,PUEYRREDON AV. 214,-58.406212,-34.607467,Comuna 3,3,calle_avenida,doble,sur,23066
2025-07-10,10,7,2025,PUEYRREDON AV. 214,-58.406212,-34.607467,Comuna 3,3,calle_avenida,doble,sur,23429
2025-07-17,17,7,2025,PUEYRREDON AV. 214,-58.406212,-34.607467,Comuna 3,3,calle_avenida,doble,sur,23173
2025-07-24,24,7,2025,PUEYRREDON AV. 214,-58.406212,-34.607467,Comuna 3,3,calle_avenida,doble,sur,23358
2025-07-31,31,7,2025,PUEYRREDON AV. 214,-58.406212,-34.607467,Comuna 3,3,calle_avenida,doble,sur,24163
2025-01-03,3,1,2025,"LACROZE, FEDERICO AV. 4199",-58.455081,-34.587105,Comuna 15,3,calle_avenida,doble,sur,15037
2025-01-10,10,1,2025,"LACROZE, FEDERICO AV. 4199",-58.455081,-34.587105,Comuna 15,3,calle_avenida,doble,sur,15750
2025-01-17,17,1,2025,"LACROZE, FEDERICO AV. 4199",-58.455081,-34.587105,Comuna 15,3,calle_avenida,doble,sur,14964
2025-01-24,24,1,2025,"LACROZE, FEDERICO AV. 4199",-58.455081,-34.587105,Comuna 15,3,calle_avenida,doble,sur,14126
2025-01-31,31,1,2025,"LACROZE, FEDERICO AV. 4199",-58.455081,-34.587105,Comuna 15,3,calle_avenida,doble,sur,15819
2025-02-07,7,2,2025,"LACROZE, FEDERICO AV. 4199",-58.455081,-34.587105,Comuna 15,3,calle_avenida,doble,sur,16049
2025-02-14,14,2,2025,"LACROZE, FEDERICO AV. 4199",-58.455081,-34.587105,Comuna 15,3,calle_avenida,doble,sur,15683
2025-02-21,21,2,2025,"LACROZE, FEDERICO AV. 4199",-58.455081,-34.587105,Comuna 15,3,calle_avenida,doble,sur,16680
2025-02-28,28,2,2025,"LACROZE, FEDERICO AV. 4199",-58.455081,-34.587105,Comuna 15,3,calle_avenida,doble,sur,16813
2025-03-06,6,3,2025,"LACROZE, FEDERICO AV. 4199",-58.455081,-34.587105,Comuna 15,3,calle_avenida,doble,sur,17569
2025-03-13,13,3,2025,"LACROZE, FEDERICO AV. 4199",-58.455081,-34.587105,Comuna 15,3,calle_avenida,doble,sur,16577
2025-03-20,20,3,2025,"LACROZE, FEDERICO AV. 4199",-58.455081,-34.587105,Comuna 15,3,calle_avenida,doble,sur,14624
2025-03-27,27,3,2025,"LACROZE, FEDERICO AV. 4199",-58.455081,-34.587105,Comuna 15,3,calle_avenida,doble,sur,18378
2025-04-03,3,4,2025,"LACROZE, FEDERICO AV. 4199",-58.455081,-34.587105,Comuna 15,3,calle_avenida,doble,sur,11579
2025-04-10,10,4,2025,"LACROZE, FEDERICO AV. 4199",-58.455081,-34.587105,Comuna 15,3,calle_avenida,doble,sur,16932
2025-04-17,17,4,2025,"LACROZE, FEDERICO AV. 4199",-58.455081,-34.587105,Comuna 15,3,calle_avenida,doble,sur,16227
2025-04-24,24,4,2025,"LACROZE, FEDERICO AV. 4199",-58.455081,-34.587105,Comuna 15,3,calle_avenida,doble,sur,16165
2025-05-01,1,5,2025,"LACROZE, FEDERICO AV. 4199",-58.455081,-34.587105,Comuna 15,3,calle_avenida,doble,sur,9267
2025-05-08,8,5,2025,"LACROZE, FEDERICO AV. 4199",-58.455081,-34.587105,Comuna 15,3,calle_avenida,doble,sur,17345
2025-05-15,15,5,2025,"LACROZE, FEDERICO AV. 4199",-58.455081,-34.587105,Comuna 15,3,calle_avenida,doble,sur,16944
2025-05-22,22,5,2025,"LACROZE, FEDERICO AV. 4199",-58.455081,-34.587105,Comuna 15,3,calle_avenida,doble,sur,16447
2025-05-29,29,5,2025,"LACROZE, FEDERICO AV. 4199",-58.455081,-34.587105,Comuna 15,3,calle_avenida,doble,sur,15290
2025-06-05,5,6,2025,"LACROZE, FEDERICO AV. 4199",-58.455081,-34.587105,Comuna 15,3,calle_avenida,doble,sur,16443
2025-06-12,12,6,2025,"LACROZE, FEDERICO AV. 4199",-58.455081,-34.587105,Comuna 15,3,calle_avenida,doble,sur,16545
2025-06-19,19,6,2025,"LACROZE, FEDERICO AV. 4199",-58.455081,-34.587105,Comuna 15,3,calle_avenida,doble,sur,17711
2025-06-26,26,6,2025,"LACROZE, FEDERICO AV. 4199",-58.455081,-34.587105,Comuna 15,3,calle_avenida,doble,sur,16699
2025-07-03,3,7,2025,"LACROZE, FEDERICO AV. 4199",-58.455081,-34.587105,Comuna 15,3,calle_avenida,doble,sur,17251
2025-07-10,10,7,2025,"LACROZE, FEDERICO AV. 4199",-58.455081,-34.587105,Comuna 15,3,calle_avenida,doble,sur,17009
2025-07-17,17,7,2025,"LACROZE, FEDERICO AV. 4199",-58.455081,-34.587105,Comuna 15,3,calle_avenida,doble,sur,16148
2025-07-24,24,7,2025,"LACROZE, FEDERICO AV. 4199",-58.455081,-34.587105,Comuna 15,3,calle_avenida,doble,sur,16037
2025-07-31,31,7,2025,"LACROZE, FEDERICO AV. 4199",-58.455081,-34.587105,Comuna 15,3,calle_avenida,doble,sur,17031
2025-01-03,3,1,2025,CALLAO AV. 1588,-58.391201,-34.591009,Comuna 2,4,calle_avenida,única,norte,21032
2025-01-10,10,1,2025,CALLAO AV. 1588,-58.391201,-34.591009,Comuna 2,4,calle_avenida,única,norte,20287
2025-01-17,17,1,2025,CALLAO AV. 1588,-58.391201,-34.591009,Comuna 2,4,calle_avenida,única,norte,20710
2025-01-24,24,1,2025,CALLAO AV. 1588,-58.391201,-34.591009,Comuna 2,4,calle_avenida,única,norte,15745
2025-01-31,31,1,2025,CALLAO AV. 1588,-58.391201,-34.591009,Comuna 2,4,calle_avenida,única,norte,21297
2025-02-07,7,2,2025,CALLAO AV. 1588,-58.391201,-34.591009,Comuna 2,4,calle_avenida,única,norte,24929
2025-02-14,14,2,2025,CALLAO AV. 1588,-58.391201,-34.591009,Comuna 2,4,calle_avenida,única,norte,22937
2025-02-21,21,2,2025,CALLAO AV. 1588,-58.391201,-34.591009,Comuna 2,4,calle_avenida,única,norte,23358
2025-02-28,28,2,2025,CALLAO AV. 1588,-58.391201,-34.591009,Comuna 2,4,calle_avenida,única,norte,22900
2025-03-06,6,3,2025,CALLAO AV. 1588,-58.391201,-34.591009,Comuna 2,4,calle_avenida,única,norte,24024
2025-03-13,13,3,2025,CALLAO AV. 1588,-58.391201,-34.591009,Comuna 2,4,calle_avenida,única,norte,24152
2025-03-20,20,3,2025,CALLAO AV. 1588,-58.391201,-34.591009,Comuna 2,4,calle_avenida,única,norte,20217
2025-03-27,27,3,2025,CALLAO AV. 1588,-58.391201,-34.591009,Comuna 2,4,calle_avenida,única,norte,24064
2025-04-03,3,4,2025,CALLAO AV. 1588,-58.391201,-34.591009,Comuna 2,4,calle_avenida,única,norte,25894
2025-04-10,10,4,2025,CALLAO AV. 1588,-58.391201,-34.591009,Comuna 2,4,calle_avenida,única,norte,29539
2025-04-17,17,4,2025,CALLAO AV. 1588,-58.391201,-34.591009,Comuna 2,4,calle_avenida,única,norte,29123
2025-04-24,24,4,2025,CALLAO AV. 1588,-58.391201,-34.591009,Comuna 2,4,calle_avenida,única,norte,28312
2025-05-01,1,5,2025,CALLAO AV. 1588,-58.391201,-34.591009,Comuna 2,4,calle_avenida,única,norte,18205
2025-05-08,8,5,2025,CALLAO AV. 1588,-58.391201,-34.591009,Comuna 2,4,calle_avenida,única,norte,29166
2025-05-15,15,5,2025,CALLAO AV. 1588,-58.391201,-34.591009,Comuna 2,4,calle_avenida,única,norte,27949
2025-05-22,22,5,2025,CALLAO AV. 1588,-58.391201,-34.591009,Comuna 2,4,calle_avenida,única,norte,28170
2025-05-29,29,5,2025,CALLAO AV. 1588,-58.391201,-34.591009,Comuna 2,4,calle_avenida,única,norte,27533
2025-06-05,5,6,2025,CALLAO AV. 1588,-58.391201,-34.591009,Comuna 2,4,calle_avenida,única,norte,28265
2025-06-12,12,6,2025,CALLAO AV. 1588,-58.391201,-34.591009,Comuna 2,4,calle_avenida,única,norte,25396
2025-06-19,19,6,2025,CALLAO AV. 1588,-58.391201,-34.591009,Comuna 2,4,calle_avenida,única,norte,27306
2025-06-26,26,6,2025,CALLAO AV. 1588,-58.391201,-34.591009,Comuna 2,4,calle_avenida,única,norte,28020
2025-07-03,3,7,2025,CALLAO AV. 1588,-58.391201,-34.591009,Comuna 2,4,calle_avenida,única,norte,28166
2025-07-10,10,7,2025,CALLAO AV. 1588,-58.391201,-34.591009,Comuna 2,4,calle_avenida,única,norte,26976
2025-07-17,17,7,2025,CALLAO AV. 1588,-58.391201,-34.591009,Comuna 2,4,calle_avenida,única,norte,24964
2025-07-24,24,7,2025,CALLAO AV. 1588,-58.391201,-34.591009,Comuna 2,4,calle_avenida,única,norte,26112
2025-07-31,31,7,2025,CALLAO AV. 1588,-58.391201,-34.591009,Comuna 2,4,calle_avenida,única,norte,26621
2025-01-03,3,1,2025,"SCALABRINI ORTIZ, RAUL AV. 1385",-58.427003,-34.592379,Comuna 14,2,calle_avenida,doble,este,15419
2025-01-10,10,1,2025,"SCALABRINI ORTIZ, RAUL AV. 1385",-58.427003,-34.592379,Comuna 14,2,calle_avenida,doble,este,15866
2025-01-17,17,1,2025,"SCALABRINI ORTIZ, RAUL AV. 1385",-58.427003,-34.592379,Comuna 14,2,calle_avenida,doble,este,15941
2025-01-24,24,1,2025,"SCALABRINI ORTIZ, RAUL AV. 1385",-58.427003,-34.592379,Comuna 14,2,calle_avenida,doble,este,14411
2025-01-31,31,1,2025,"SCALABRINI ORTIZ, RAUL AV. 1385",-58.427003,-34.592379,Comuna 14,2,calle_avenida,doble,este,16778
2025-02-07,7,2,2025,"SCALABRINI ORTIZ, RAUL AV. 1385",-58.427003,-34.592379,Comuna 14,2,calle_avenida,doble,este,17494
2025-02-21,21,2,2025,"SCALABRINI ORTIZ, RAUL AV. 1385",-58.427003,-34.592379,Comuna 14,2,calle_avenida,doble,este,18837
2025-02-28,28,2,2025,"SCALABRINI ORTIZ, RAUL AV. 1385",-58.427003,-34.592379,Comuna 14,2,calle_avenida,doble,este,18603
2025-03-06,6,3,2025,"SCALABRINI ORTIZ, RAUL AV. 1385",-58.427003,-34.592379,Comuna 14,2,calle_avenida,doble,este,20587
2025-03-13,13,3,2025,"SCALABRINI ORTIZ, RAUL AV. 1385",-58.427003,-34.592379,Comuna 14,2,calle_avenida,doble,este,18076
2025-03-20,20,3,2025,"SCALABRINI ORTIZ, RAUL AV. 1385",-58.427003,-34.592379,Comuna 14,2,calle_avenida,doble,este,15792
2025-04-24,24,4,2025,"SCALABRINI ORTIZ, RAUL AV. 1385",-58.427003,-34.592379,Comuna 14,2,calle_avenida,doble,este,19005
2025-05-01,1,5,2025,"SCALABRINI ORTIZ, RAUL AV. 1385",-58.427003,-34.592379,Comuna 14,2,calle_avenida,doble,este,13145
2025-05-08,8,5,2025,"SCALABRINI ORTIZ, RAUL AV. 1385",-58.427003,-34.592379,Comuna 14,2,calle_avenida,doble,este,19944
2025-05-15,15,5,2025,"SCALABRINI ORTIZ, RAUL AV. 1385",-58.427003,-34.592379,Comuna 14,2,calle_avenida,doble,este,18956
2025-05-22,22,5,2025,"SCALABRINI ORTIZ, RAUL AV. 1385",-58.427003,-34.592379,Comuna 14,2,calle_avenida,doble,este,19839
2025-05-29,29,5,2025,"SCALABRINI ORTIZ, RAUL AV. 1385",-58.427003,-34.592379,Comuna 14,2,calle_avenida,doble,este,18847
2025-06-05,5,6,2025,"SCALABRINI ORTIZ, RAUL AV. 1385",-58.427003,-34.592379,Comuna 14,2,calle_avenida,doble,este,19556
2025-06-12,12,6,2025,"SCALABRINI ORTIZ, RAUL AV. 1385",-58.427003,-34.592379,Comuna 14,2,calle_avenida,doble,este,19823
2025-06-19,19,6,2025,"SCALABRINI ORTIZ, RAUL AV. 1385",-58.427003,-34.592379,Comuna 14,2,calle_avenida,doble,este,21281
2025-06-26,26,6,2025,"SCALABRINI ORTIZ, RAUL AV. 1385",-58.427003,-34.592379,Comuna 14,2,calle_avenida,doble,este,19562
2025-07-03,3,7,2025,"SCALABRINI ORTIZ, RAUL AV. 1385",-58.427003,-34.592379,Comuna 14,2,calle_avenida,doble,este,19326
2025-07-10,10,7,2025,"SCALABRINI ORTIZ, RAUL AV. 1385",-58.427003,-34.592379,Comuna 14,2,calle_avenida,doble,este,18925
2025-07-17,17,7,2025,"SCALABRINI ORTIZ, RAUL AV. 1385",-58.427003,-34.592379,Comuna 14,2,calle_avenida,doble,este,19099
2025-07-24,24,7,2025,"SCALABRINI ORTIZ, RAUL AV. 1385",-58.427003,-34.592379,Comuna 14,2,calle_avenida,doble,este,18537
2025-07-31,31,7,2025,"SCALABRINI ORTIZ, RAUL AV. 1385",-58.427003,-34.592379,Comuna 14,2,calle_avenida,doble,este,19588
2025-01-03,3,1,2025,FOREST AV. 634,-58.454309,-34.584925,Comuna 15,3,calle_avenida,única,sur,26507
2025-01-10,10,1,2025,FOREST AV. 634,-58.454309,-34.584925,Comuna 15,3,calle_avenida,única,sur,28619
2025-01-17,17,1,2025,FOREST AV. 634,-58.454309,-34.584925,Comuna 15,3,calle_avenida,única,sur,27615
2025-01-24,24,1,2025,FOREST AV. 634,-58.454309,-34.584925,Comuna 15,3,calle_avenida,única,sur,24685
2025-01-31,31,1,2025,FOREST AV. 634,-58.454309,-34.584925,Comuna 15,3,calle_avenida,única,sur,21461
2025-02-07,7,2,2025,FOREST AV. 634,-58.454309,-34.584925,Comuna 15,3,calle_avenida,única,sur,31076
2025-02-14,14,2,2025,FOREST AV. 634,-58.454309,-34.584925,Comuna 15,3,calle_avenida,única,sur,26813
2025-02-21,21,2,2025,FOREST AV. 634,-58.454309,-34.584925,Comuna 15,3,calle_avenida,única,sur,30052
2025-02-28,28,2,2025,FOREST AV. 634,-58.454309,-34.584925,Comuna 15,3,calle_avenida,única,sur,30696
2025-03-06,6,3,2025,FOREST AV. 634,-58.454309,-34.584925,Comuna 15,3,calle_avenida,única,sur,26964
2025-03-13,13,3,2025,FOREST AV. 634,-58.454309,-34.584925,Comuna 15,3,calle_avenida,única,sur,31273
2025-03-20,20,3,2025,FOREST AV. 634,-58.454309,-34.584925,Comuna 15,3,calle_avenida,única,sur,27041
2025-03-27,27,3,2025,FOREST AV. 634,-58.454309,-34.584925,Comuna 15,3,calle_avenida,única,sur,34210
2025-04-03,3,4,2025,FOREST AV. 634,-58.454309,-34.584925,Comuna 15,3,calle_avenida,única,sur,30906
2025-04-10,10,4,2025,FOREST AV. 634,-58.454309,-34.584925,Comuna 15,3,calle_avenida,única,sur,32506
2025-04-17,17,4,2025,FOREST AV. 634,-58.454309,-34.584925,Comuna 15,3,calle_avenida,única,sur,33875
2025-04-24,24,4,2025,FOREST AV. 634,-58.454309,-34.584925,Comuna 15,3,calle_avenida,única,sur,33882
2025-05-01,1,5,2025,FOREST AV. 634,-58.454309,-34.584925,Comuna 15,3,calle_avenida,única,sur,21119
2025-05-08,8,5,2025,FOREST AV. 634,-58.454309,-34.584925,Comuna 15,3,calle_avenida,única,sur,35965
2025-05-15,15,5,2025,FOREST AV. 634,-58.454309,-34.584925,Comuna 15,3,calle_avenida,única,sur,36301
2025-05-22,22,5,2025,FOREST AV. 634,-58.454309,-34.584925,Comuna 15,3,calle_avenida,única,sur,34339
2025-05-29,29,5,2025,FOREST AV. 634,-58.454309,-34.584925,Comuna 15,3,calle_avenida,única,sur,34489
2025-06-05,5,6,2025,FOREST AV. 634,-58.454309,-34.584925,Comuna 15,3,calle_avenida,única,sur,34271
2025-06-12,12,6,2025,FOREST AV. 634,-58.454309,-34.584925,Comuna 15,3,calle_avenida,única,sur,33552
2025-06-19,19,6,2025,FOREST AV. 634,-58.454309,-34.584925,Comuna 15,3,calle_avenida,única,sur,36556
2025-06-26,26,6,2025,FOREST AV. 634,-58.454309,-34.584925,Comuna 15,3,calle_avenida,única,sur,35019
2025-07-03,3,7,2025,FOREST AV. 634,-58.454309,-34.584925,Comuna 15,3,calle_avenida,única,sur,34936
2025-07-10,10,7,2025,FOREST AV. 634,-58.454309,-34.584925,Comuna 15,3,calle_avenida,única,sur,35518
2025-07-17,17,7,2025,FOREST AV. 634,-58.454309,-34.584925,Comuna 15,3,calle_avenida,única,sur,33787
2025-07-24,24,7,2025,FOREST AV. 634,-58.454309,-34.584925,Comuna 15,3,calle_avenida,única,sur,31845
2025-07-31,31,7,2025,FOREST AV. 634,-58.454309,-34.584925,Comuna 15,3,calle_avenida,única,sur,34540
2025-01-03,3,1,2025,SANTA FE AV. 4650,-58.425858,-34.578448,Comuna 14,3,calle_avenida,doble,este,5367
2025-01-10,10,1,2025,SANTA FE AV. 4650,-58.425858,-34.578448,Comuna 14,3,calle_avenida,doble,este,4212
2025-01-17,17,1,2025,SANTA FE AV. 4650,-58.425858,-34.578448,Comuna 14,3,calle_avenida,doble,este,145
2025-01-24,24,1,2025,SANTA FE AV. 4650,-58.425858,-34.578448,Comuna 14,3,calle_avenida,doble,este,4289
2025-01-31,31,1,2025,SANTA FE AV. 4650,-58.425858,-34.578448,Comuna 14,3,calle_avenida,doble,este,6321
2025-02-07,7,2,2025,SANTA FE AV. 4650,-58.425858,-34.578448,Comuna 14,3,calle_avenida,doble,este,8684
2025-02-14,14,2,2025,SANTA FE AV. 4650,-58.425858,-34.578448,Comuna 14,3,calle_avenida,doble,este,5362
2025-02-21,21,2,2025,SANTA FE AV. 4650,-58.425858,-34.578448,Comuna 14,3,calle_avenida,doble,este,5285
2025-02-28,28,2,2025,SANTA FE AV. 4650,-58.425858,-34.578448,Comuna 14,3,calle_avenida,doble,este,5092
2025-03-06,6,3,2025,SANTA FE AV. 4650,-58.425858,-34.578448,Comuna 14,3,calle_avenida,doble,este,5962
2025-03-13,13,3,2025,SANTA FE AV. 4650,-58.425858,-34.578448,Comuna 14,3,calle_avenida,doble,este,6040
2025-03-20,20,3,2025,SANTA FE AV. 4650,-58.425858,-34.578448,Comuna 14,3,calle_avenida,doble,este,5776
2025-03-27,27,3,2025,SANTA FE AV. 4650,-58.425858,-34.578448,Comuna 14,3,calle_avenida,doble,este,6106
2025-04-03,3,4,2025,SANTA FE AV. 4650,-58.425858,-34.578448,Comuna 14,3,calle_avenida,doble,este,6185
2025-04-24,24,4,2025,SANTA FE AV. 4650,-58.425858,-34.578448,Comuna 14,3,calle_avenida,doble,este,5120
2025-05-01,1,5,2025,SANTA FE AV. 4650,-58.425858,-34.578448,Comuna 14,3,calle_avenida,doble,este,3888
2025-05-08,8,5,2025,SANTA FE AV. 4650,-58.425858,-34.578448,Comuna 14,3,calle_avenida,doble,este,6189
2025-05-15,15,5,2025,SANTA FE AV. 4650,-58.425858,-34.578448,Comuna 14,3,calle_avenida,doble,este,6039
2025-05-22,22,5,2025,SANTA FE AV. 4650,-58.425858,-34.578448,Comuna 14,3,calle_avenida,doble,este,6813
2025-05-29,29,5,2025,SANTA FE AV. 4650,-58.425858,-34.578448,Comuna 14,3,calle_avenida,doble,este,6205
2025-06-05,5,6,2025,SANTA FE AV. 4650,-58.425858,-34.578448,Comuna 14,3,calle_avenida,doble,este,6217
2025-06-12,12,6,2025,SANTA FE AV. 4650,-58.425858,-34.578448,Comuna 14,3,calle_avenida,doble,este,6274
2025-06-19,19,6,2025,SANTA FE AV. 4650,-58.425858,-34.578448,Comuna 14,3,calle_avenida,doble,este,5546
2025-06-26,26,6,2025,SANTA FE AV. 4650,-58.425858,-34.578448,Comuna 14,3,calle_avenida,doble,este,5928
2025-07-03,3,7,2025,SANTA FE AV. 4650,-58.425858,-34.578448,Comuna 14,3,calle_avenida,doble,este,6753
2025-07-10,10,7,2025,SANTA FE AV. 4650,-58.425858,-34.578448,Comuna 14,3,calle_avenida,doble,este,6548
2025-07-17,17,7,2025,SANTA FE AV. 4650,-58.425858,-34.578448,Comuna 14,3,calle_avenida,doble,este,6320
2025-07-24,24,7,2025,SANTA FE AV. 4650,-58.425858,-34.578448,Comuna 14,3,calle_avenida,doble,este,5887
2025-07-31,31,7,2025,SANTA FE AV. 4650,-58.425858,-34.578448,Comuna 14,3,calle_avenida,doble,este,7324
2025-01-03,3,1,2025,"PERON, JUAN DOMINGO, TTE. GENERAL 2687",-58.404461,-34.607561,Comuna 3,2,calle_avenida,única,oeste,5393
2025-01-10,10,1,2025,"PERON, JUAN DOMINGO, TTE. GENERAL 2687",-58.404461,-34.607561,Comuna 3,2,calle_avenida,única,oeste,5421
2025-01-17,17,1,2025,"PERON, JUAN DOMINGO, TTE. GENERAL 2687",-58.404461,-34.607561,Comuna 3,2,calle_avenida,única,oeste,129
2025-01-24,24,1,2025,"PERON, JUAN DOMINGO, TTE. GENERAL 2687",-58.404461,-34.607561,Comuna 3,2,calle_avenida,única,oeste,4330
2025-01-31,31,1,2025,"PERON, JUAN DOMINGO, TTE. GENERAL 2687",-58.404461,-34.607561,Comuna 3,2,calle_avenida,única,oeste,5422
2025-02-07,7,2,2025,"PERON, JUAN DOMINGO, TTE. GENERAL 2687",-58.404461,-34.607561,Comuna 3,2,calle_avenida,única,oeste,3517
2025-02-14,14,2,2025,"PERON, JUAN DOMINGO, TTE. GENERAL 2687",-58.404461,-34.607561,Comuna 3,2,calle_avenida,única,oeste,3498
2025-02-21,21,2,2025,"PERON, JUAN DOMINGO, TTE. GENERAL 2687",-58.404461,-34.607561,Comuna 3,2,calle_avenida,única,oeste,3537
2025-02-28,28,2,2025,"PERON, JUAN DOMINGO, TTE. GENERAL 2687",-58.404461,-34.607561,Comuna 3,2,calle_avenida,única,oeste,3256
2025-03-06,6,3,2025,"PERON, JUAN DOMINGO, TTE. GENERAL 2687",-58.404461,-34.607561,Comuna 3,2,calle_avenida,única,oeste,3355
2025-03-13,13,3,2025,"PERON, JUAN DOMINGO, TTE. GENERAL 2687",-58.404461,-34.607561,Comuna 3,2,calle_avenida,única,oeste,4006
2025-03-20,20,3,2025,"PERON, JUAN DOMINGO, TTE. GENERAL 2687",-58.404461,-34.607561,Comuna 3,2,calle_avenida,única,oeste,991
2025-03-27,27,3,2025,"PERON, JUAN DOMINGO, TTE. GENERAL 2687",-58.404461,-34.607561,Comuna 3,2,calle_avenida,única,oeste,6596
2025-04-03,3,4,2025,"PERON, JUAN DOMINGO, TTE. GENERAL 2687",-58.404461,-34.607561,Comuna 3,2,calle_avenida,única,oeste,6022
2025-04-10,10,4,2025,"PERON, JUAN DOMINGO, TTE. GENERAL 2687",-58.404461,-34.607561,Comuna 3,2,calle_avenida,única,oeste,6595
2025-04-17,17,4,2025,"PERON, JUAN DOMINGO, TTE. GENERAL 2687",-58.404461,-34.607561,Comuna 3,2,calle_avenida,única,oeste,6591
2025-04-24,24,4,2025,"PERON, JUAN DOMINGO, TTE. GENERAL 2687",-58.404461,-34.607561,Comuna 3,2,calle_avenida,única,oeste,6240
2025-05-08,8,5,2025,"PERON, JUAN DOMINGO, TTE. GENERAL 2687",-58.404461,-34.607561,Comuna 3,2,calle_avenida,única,oeste,6619
2025-05-15,15,5,2025,"PERON, JUAN DOMINGO, TTE. GENERAL 2687",-58.404461,-34.607561,Comuna 3,2,calle_avenida,única,oeste,6330
2025-05-22,22,5,2025,"PERON, JUAN DOMINGO, TTE. GENERAL 2687",-58.404461,-34.607561,Comuna 3,2,calle_avenida,única,oeste,6367
2025-05-29,29,5,2025,"PERON, JUAN DOMINGO, TTE. GENERAL 2687",-58.404461,-34.607561,Comuna 3,2,calle_avenida,única,oeste,4838
2025-06-05,5,6,2025,"PERON, JUAN DOMINGO, TTE. GENERAL 2687",-58.404461,-34.607561,Comuna 3,2,calle_avenida,única,oeste,6071
2025-06-12,12,6,2025,"PERON, JUAN DOMINGO, TTE. GENERAL 2687",-58.404461,-34.607561,Comuna 3,2,calle_avenida,única,oeste,5988
2025-06-19,19,6,2025,"PERON, JUAN DOMINGO, TTE. GENERAL 2687",-58.404461,-34.607561,Comuna 3,2,calle_avenida,única,oeste,6279
2025-06-26,26,6,2025,"PERON, JUAN DOMINGO, TTE. GENERAL 2687",-58.404461,-34.607561,Comuna 3,2,calle_avenida,única,oeste,6176
2025-07-03,3,7,2025,"PERON, JUAN DOMINGO, TTE. GENERAL 2687",-58.404461,-34.607561,Comuna 3,2,calle_avenida,única,oeste,685
2025-07-10,10,7,2025,"PERON, JUAN DOMINGO, TTE. GENERAL 2687",-58.404461,-34.607561,Comuna 3,2,calle_avenida,única,oeste,6186
2025-07-17,17,7,2025,"PERON, JUAN DOMINGO, TTE. GENERAL 2687",-58.404461,-34.607561,Comuna 3,2,calle_avenida,única,oeste,2734
2025-07-24,24,7,2025,"PERON, JUAN DOMINGO, TTE. GENERAL 2687",-58.404461,-34.607561,Comuna 3,2,calle_avenida,única,oeste,3881
2025-07-31,31,7,2025,"PERON, JUAN DOMINGO, TTE. GENERAL 2687",-58.404461,-34.607561,Comuna 3,2,calle_avenida,única,oeste,5857
2025-01-03,3,1,2025,"LACROZE, FEDERICO AV. 2462",-58.445413,-34.571098,Comuna 13,2,calle_avenida,doble,norte,12126
2025-01-10,10,1,2025,"LACROZE, FEDERICO AV. 2462",-58.445413,-34.571098,Comuna 13,2,calle_avenida,doble,norte,12953
2025-01-17,17,1,2025,"LACROZE, FEDERICO AV. 2462",-58.445413,-34.571098,Comuna 13,2,calle_avenida,doble,norte,12674
2025-01-24,24,1,2025,"LACROZE, FEDERICO AV. 2462",-58.445413,-34.571098,Comuna 13,2,calle_avenida,doble,norte,11206
2025-01-31,31,1,2025,"LACROZE, FEDERICO AV. 2462",-58.445413,-34.571098,Comuna 13,2,calle_avenida,doble,norte,13080
2025-02-07,7,2,2025,"LACROZE, FEDERICO AV. 2462",-58.445413,-34.571098,Comuna 13,2,calle_avenida,doble,norte,14191
2025-02-14,14,2,2025,"LACROZE, FEDERICO AV. 2462",-58.445413,-34.571098,Comuna 13,2,calle_avenida,doble,norte,13176
2025-02-21,21,2,2025,"LACROZE, FEDERICO AV. 2462",-58.445413,-34.571098,Comuna 13,2,calle_avenida,doble,norte,13239
2025-02-28,28,2,2025,"LACROZE, FEDERICO AV. 2462",-58.445413,-34.571098,Comuna 13,2,calle_avenida,doble,norte,13355
2025-03-06,6,3,2025,"LACROZE, FEDERICO AV. 2462",-58.445413,-34.571098,Comuna 13,2,calle_avenida,doble,norte,13728
2025-03-13,13,3,2025,"LACROZE, FEDERICO AV. 2462",-58.445413,-34.571098,Comuna 13,2,calle_avenida,doble,norte,13682
2025-03-20,20,3,2025,"LACROZE, FEDERICO AV. 2462",-58.445413,-34.571098,Comuna 13,2,calle_avenida,doble,norte,11796
2025-03-27,27,3,2025,"LACROZE, FEDERICO AV. 2462",-58.445413,-34.571098,Comuna 13,2,calle_avenida,doble,norte,13694
2025-04-03,3,4,2025,"LACROZE, FEDERICO AV. 2462",-58.445413,-34.571098,Comuna 13,2,calle_avenida,doble,norte,13058
2025-04-10,10,4,2025,"LACROZE, FEDERICO AV. 2462",-58.445413,-34.571098,Comuna 13,2,calle_avenida,doble,norte,13579
2025-04-17,17,4,2025,"LACROZE, FEDERICO AV. 2462",-58.445413,-34.571098,Comuna 13,2,calle_avenida,doble,norte,12941
2025-04-24,24,4,2025,"LACROZE, FEDERICO AV. 2462",-58.445413,-34.571098,Comuna 13,2,calle_avenida,doble,norte,13200
2025-05-01,1,5,2025,"LACROZE, FEDERICO AV. 2462",-58.445413,-34.571098,Comuna 13,2,calle_avenida,doble,norte,11371
2025-05-08,8,5,2025,"LACROZE, FEDERICO AV. 2462",-58.445413,-34.571098,Comuna 13,2,calle_avenida,doble,norte,13477
2025-05-15,15,5,2025,"LACROZE, FEDERICO AV. 2462",-58.445413,-34.571098,Comuna 13,2,calle_avenida,doble,norte,13106
2025-05-22,22,5,2025,"LACROZE, FEDERICO AV. 2462",-58.445413,-34.571098,Comuna 13,2,calle_avenida,doble,norte,13913
2025-05-29,29,5,2025,"LACROZE, FEDERICO AV. 2462",-58.445413,-34.571098,Comuna 13,2,calle_avenida,doble,norte,13128
2025-06-05,5,6,2025,"LACROZE, FEDERICO AV. 2462",-58.445413,-34.571098,Comuna 13,2,calle_avenida,doble,norte,12915
2025-06-12,12,6,2025,"LACROZE, FEDERICO AV. 2462",-58.445413,-34.571098,Comuna 13,2,calle_avenida,doble,norte,11138
2025-06-19,19,6,2025,"LACROZE, FEDERICO AV. 2462",-58.445413,-34.571098,Comuna 13,2,calle_avenida,doble,norte,9673
2025-06-26,26,6,2025,"LACROZE, FEDERICO AV. 2462",-58.445413,-34.571098,Comuna 13,2,calle_avenida,doble,norte,9803
2025-07-03,3,7,2025,"LACROZE, FEDERICO AV. 2462",-58.445413,-34.571098,Comuna 13,2,calle_avenida,doble,norte,9962
2025-07-10,10,7,2025,"LACROZE, FEDERICO AV. 2462",-58.445413,-34.571098,Comuna 13,2,calle_avenida,doble,norte,9643
2025-07-17,17,7,2025,"LACROZE, FEDERICO AV. 2462",-58.445413,-34.571098,Comuna 13,2,calle_avenida,doble,norte,9599
2025-07-24,24,7,2025,"LACROZE, FEDERICO AV. 2462",-58.445413,-34.571098,Comuna 13,2,calle_avenida,doble,norte,9271
2025-07-31,31,7,2025,"LACROZE, FEDERICO AV. 2462",-58.445413,-34.571098,Comuna 13,2,calle_avenida,doble,norte,9796
2025-01-03,3,1,2025,MOSCONI GENERAL AV. 3000,-58.50334,-34.587077,Comuna 12,4,calle_avenida,única,norte,5366
2025-01-10,10,1,2025,MOSCONI GENERAL AV. 3000,-58.50334,-34.587077,Comuna 12,4,calle_avenida,única,norte,5622
2025-01-17,17,1,2025,MOSCONI GENERAL AV. 3000,-58.50334,-34.587077,Comuna 12,4,calle_avenida,única,norte,5393
2025-01-24,24,1,2025,MOSCONI GENERAL AV. 3000,-58.50334,-34.587077,Comuna 12,4,calle_avenida,única,norte,3721
2025-01-31,31,1,2025,MOSCONI GENERAL AV. 3000,-58.50334,-34.587077,Comuna 12,4,calle_avenida,única,norte,6801
2025-02-07,7,2,2025,MOSCONI GENERAL AV. 3000,-58.50334,-34.587077,Comuna 12,4,calle_avenida,única,norte,6134
2025-02-14,14,2,2025,MOSCONI GENERAL AV. 3000,-58.50334,-34.587077,Comuna 12,4,calle_avenida,única,norte,6802
2025-02-21,21,2,2025,MOSCONI GENERAL AV. 3000,-58.50334,-34.587077,Comuna 12,4,calle_avenida,única,norte,6119
2025-02-28,28,2,2025,MOSCONI GENERAL AV. 3000,-58.50334,-34.587077,Comuna 12,4,calle_avenida,única,norte,4586
2025-03-06,6,3,2025,MOSCONI GENERAL AV. 3000,-58.50334,-34.587077,Comuna 12,4,calle_avenida,única,norte,4899
2025-03-13,13,3,2025,MOSCONI GENERAL AV. 3000,-58.50334,-34.587077,Comuna 12,4,calle_avenida,única,norte,3560
2025-03-20,20,3,2025,MOSCONI GENERAL AV. 3000,-58.50334,-34.587077,Comuna 12,4,calle_avenida,única,norte,3126
2025-03-27,27,3,2025,MOSCONI GENERAL AV. 3000,-58.50334,-34.587077,Comuna 12,4,calle_avenida,única,norte,6626
2025-04-03,3,4,2025,MOSCONI GENERAL AV. 3000,-58.50334,-34.587077,Comuna 12,4,calle_avenida,única,norte,5001
2025-04-24,24,4,2025,MOSCONI GENERAL AV. 3000,-58.50334,-34.587077,Comuna 12,4,calle_avenida,única,norte,4747
2025-05-01,1,5,2025,MOSCONI GENERAL AV. 3000,-58.50334,-34.587077,Comuna 12,4,calle_avenida,única,norte,4047
2025-05-08,8,5,2025,MOSCONI GENERAL AV. 3000,-58.50334,-34.587077,Comuna 12,4,calle_avenida,única,norte,5863
2025-05-15,15,5,2025,MOSCONI GENERAL AV. 3000,-58.50334,-34.587077,Comuna 12,4,calle_avenida,única,norte,4977
2025-05-22,22,5,2025,MOSCONI GENERAL AV. 3000,-58.50334,-34.587077,Comuna 12,4,calle_avenida,única,norte,4739
2025-05-29,29,5,2025,MOSCONI GENERAL AV. 3000,-58.50334,-34.587077,Comuna 12,4,calle_avenida,única,norte,5605
2025-06-05,5,6,2025,MOSCONI GENERAL AV. 3000,-58.50334,-34.587077,Comuna 12,4,calle_avenida,única,norte,5111
2025-06-12,12,6,2025,MOSCONI GENERAL AV. 3000,-58.50334,-34.587077,Comuna 12,4,calle_avenida,única,norte,5844
2025-06-19,19,6,2025,MOSCONI GENERAL AV. 3000,-58.50334,-34.587077,Comuna 12,4,calle_avenida,única,norte,5819
2025-06-26,26,6,2025,MOSCONI GENERAL AV. 3000,-58.50334,-34.587077,Comuna 12,4,calle_avenida,única,norte,5693
2025-07-03,3,7,2025,MOSCONI GENERAL AV. 3000,-58.50334,-34.587077,Comuna 12,4,calle_avenida,única,norte,5656
2025-07-10,10,7,2025,MOSCONI GENERAL AV. 3000,-58.50334,-34.587077,Comuna 12,4,calle_avenida,única,norte,4916
2025-07-17,17,7,2025,MOSCONI GENERAL AV. 3000,-58.50334,-34.587077,Comuna 12,4,calle_avenida,única,norte,5486
2025-07-24,24,7,2025,MOSCONI GENERAL AV. 3000,-58.50334,-34.587077,Comuna 12,4,calle_avenida,única,norte,5070
2025-07-31,31,7,2025,MOSCONI GENERAL AV. 3000,-58.50334,-34.587077,Comuna 12,4,calle_avenida,única,norte,6283
2025-01-03,3,1,2025,RIVADAVIA AV. 4987,-58.43608,-34.618047,Comuna 6,4,calle_avenida,única,oeste,10006
2025-01-10,10,1,2025,RIVADAVIA AV. 4987,-58.43608,-34.618047,Comuna 6,4,calle_avenida,única,oeste,8791
2025-01-17,17,1,2025,RIVADAVIA AV. 4987,-58.43608,-34.618047,Comuna 6,4,calle_avenida,única,oeste,9055
2025-01-24,24,1,2025,RIVADAVIA AV. 4987,-58.43608,-34.618047,Comuna 6,4,calle_avenida,única,oeste,8544
2025-01-31,31,1,2025,RIVADAVIA AV. 4987,-58.43608,-34.618047,Comuna 6,4,calle_avenida,única,oeste,10544
2025-02-07,7,2,2025,RIVADAVIA AV. 4987,-58.43608,-34.618047,Comuna 6,4,calle_avenida,única,oeste,13038
2025-02-14,14,2,2025,RIVADAVIA AV. 4987,-58.43608,-34.618047,Comuna 6,4,calle_avenida,única,oeste,12054
2025-02-21,21,2,2025,RIVADAVIA AV. 4987,-58.43608,-34.618047,Comuna 6,4,calle_avenida,única,oeste,11111
2025-02-28,28,2,2025,RIVADAVIA AV. 4987,-58.43608,-34.618047,Comuna 6,4,calle_avenida,única,oeste,11244
2025-03-06,6,3,2025,RIVADAVIA AV. 4987,-58.43608,-34.618047,Comuna 6,4,calle_avenida,única,oeste,9943
2025-03-13,13,3,2025,RIVADAVIA AV. 4987,-58.43608,-34.618047,Comuna 6,4,calle_avenida,única,oeste,4807
2025-03-20,20,3,2025,RIVADAVIA AV. 4987,-58.43608,-34.618047,Comuna 6,4,calle_avenida,única,oeste,3767
2025-03-27,27,3,2025,RIVADAVIA AV. 4987,-58.43608,-34.618047,Comuna 6,4,calle_avenida,única,oeste,10415
2025-04-03,3,4,2025,RIVADAVIA AV. 4987,-58.43608,-34.618047,Comuna 6,4,calle_avenida,única,oeste,5608
2025-04-10,10,4,2025,RIVADAVIA AV. 4987,-58.43608,-34.618047,Comuna 6,4,calle_avenida,única,oeste,9579
2025-04-17,17,4,2025,RIVADAVIA AV. 4987,-58.43608,-34.618047,Comuna 6,4,calle_avenida,única,oeste,9599
2025-04-24,24,4,2025,RIVADAVIA AV. 4987,-58.43608,-34.618047,Comuna 6,4,calle_avenida,única,oeste,8195
2025-05-01,1,5,2025,RIVADAVIA AV. 4987,-58.43608,-34.618047,Comuna 6,4,calle_avenida,única,oeste,6025
2025-05-08,8,5,2025,RIVADAVIA AV. 4987,-58.43608,-34.618047,Comuna 6,4,calle_avenida,única,oeste,8025
2025-05-15,15,5,2025,RIVADAVIA AV. 4987,-58.43608,-34.618047,Comuna 6,4,calle_avenida,única,oeste,7837
2025-05-22,22,5,2025,RIVADAVIA AV. 4987,-58.43608,-34.618047,Comuna 6,4,calle_avenida,única,oeste,6409
2025-05-29,29,5,2025,RIVADAVIA AV. 4987,-58.43608,-34.618047,Comuna 6,4,calle_avenida,única,oeste,7263
2025-06-05,5,6,2025,RIVADAVIA AV. 4987,-58.43608,-34.618047,Comuna 6,4,calle_avenida,única,oeste,5481
2025-06-12,12,6,2025,RIVADAVIA AV. 4987,-58.43608,-34.618047,Comuna 6,4,calle_avenida,única,oeste,6937
2025-06-19,19,6,2025,RIVADAVIA AV. 4987,-58.43608,-34.618047,Comuna 6,4,calle_avenida,única,oeste,7033
2025-06-26,26,6,2025,RIVADAVIA AV. 4987,-58.43608,-34.618047,Comuna 6,4,calle_avenida,única,oeste,8237
2025-07-03,3,7,2025,RIVADAVIA AV. 4987,-58.43608,-34.618047,Comuna 6,4,calle_avenida,única,oeste,11526
2025-07-10,10,7,2025,RIVADAVIA AV. 4987,-58.43608,-34.618047,Comuna 6,4,calle_avenida,única,oeste,11540
2025-07-17,17,7,2025,RIVADAVIA AV. 4987,-58.43608,-34.618047,Comuna 6,4,calle_avenida,única,oeste,11241
2025-07-24,24,7,2025,RIVADAVIA AV. 4987,-58.43608,-34.618047,Comuna 6,4,calle_avenida,única,oeste,9222
2025-07-31,31,7,2025,RIVADAVIA AV. 4987,-58.43608,-34.618047,Comuna 6,4,calle_avenida,única,oeste,10487
2025-01-03,3,1,2025,LIMA 281,-58.381872,-34.611723,Comuna 1,3,calle_avenida,única,sur,11787
2025-01-10,10,1,2025,LIMA 281,-58.381872,-34.611723,Comuna 1,3,calle_avenida,única,sur,12408
2025-01-17,17,1,2025,LIMA 281,-58.381872,-34.611723,Comuna 1,3,calle_avenida,única,sur,10950
2025-01-24,24,1,2025,LIMA 281,-58.381872,-34.611723,Comuna 1,3,calle_avenida,única,sur,6073
2025-01-31,31,1,2025,LIMA 281,-58.381872,-34.611723,Comuna 1,3,calle_avenida,única,sur,12407
2025-02-07,7,2,2025,LIMA 281,-58.381872,-34.611723,Comuna 1,3,calle_avenida,única,sur,13798
2025-02-14,14,2,2025,LIMA 281,-58.381872,-34.611723,Comuna 1,3,calle_avenida,única,sur,12997
2025-02-21,21,2,2025,LIMA 281,-58.381872,-34.611723,Comuna 1,3,calle_avenida,única,sur,11605
2025-02-28,28,2,2025,LIMA 281,-58.381872,-34.611723,Comuna 1,3,calle_avenida,única,sur,11384
2025-03-06,6,3,2025,LIMA 281,-58.381872,-34.611723,Comuna 1,3,calle_avenida,única,sur,11912
2025-03-13,13,3,2025,LIMA 281,-58.381872,-34.611723,Comuna 1,3,calle_avenida,única,sur,10011
2025-03-20,20,3,2025,LIMA 281,-58.381872,-34.611723,Comuna 1,3,calle_avenida,única,sur,8563
2025-03-27,27,3,2025,LIMA 281,-58.381872,-34.611723,Comuna 1,3,calle_avenida,única,sur,14465
2025-04-03,3,4,2025,LIMA 281,-58.381872,-34.611723,Comuna 1,3,calle_avenida,única,sur,10486
2025-04-10,10,4,2025,LIMA 281,-58.381872,-34.611723,Comuna 1,3,calle_avenida,única,sur,10229
2025-04-17,17,4,2025,LIMA 281,-58.381872,-34.611723,Comuna 1,3,calle_avenida,única,sur,12848
2025-04-24,24,4,2025,LIMA 281,-58.381872,-34.611723,Comuna 1,3,calle_avenida,única,sur,12208
2025-05-01,1,5,2025,LIMA 281,-58.381872,-34.611723,Comuna 1,3,calle_avenida,única,sur,4677
2025-05-08,8,5,2025,LIMA 281,-58.381872,-34.611723,Comuna 1,3,calle_avenida,única,sur,13334
2025-05-15,15,5,2025,LIMA 281,-58.381872,-34.611723,Comuna 1,3,calle_avenida,única,sur,12997
2025-05-22,22,5,2025,LIMA 281,-58.381872,-34.611723,Comuna 1,3,calle_avenida,única,sur,11487
2025-05-29,29,5,2025,LIMA 281,-58.381872,-34.611723,Comuna 1,3,calle_avenida,única,sur,11279
2025-06-05,5,6,2025,LIMA 281,-58.381872,-34.611723,Comuna 1,3,calle_avenida,única,sur,10945
2025-06-12,12,6,2025,LIMA 281,-58.381872,-34.611723,Comuna 1,3,calle_avenida,única,sur,6316
2025-06-19,19,6,2025,LIMA 281,-58.381872,-34.611723,Comuna 1,3,calle_avenida,única,sur,11470
2025-06-26,26,6,2025,LIMA 281,-58.381872,-34.611723,Comuna 1,3,calle_avenida,única,sur,11399
2025-07-03,3,7,2025,LIMA 281,-58.381872,-34.611723,Comuna 1,3,calle_avenida,única,sur,11111
2025-07-10,10,7,2025,LIMA 281,-58.381872,-34.611723,Comuna 1,3,calle_avenida,única,sur,11229
2025-07-17,17,7,2025,LIMA 281,-58.381872,-34.611723,Comuna 1,3,calle_avenida,única,sur,11120
2025-07-24,24,7,2025,LIMA 281,-58.381872,-34.611723,Comuna 1,3,calle_avenida,única,sur,10221
2025-07-31,31,7,2025,LIMA 281,-58.381872,-34.611723,Comuna 1,3,calle_avenida,única,sur,11170
2025-01-03,3,1,2025,LAS HERAS GENERAL AV. 2289,-58.396838,-34.587651,Comuna 2,3,calle_avenida,doble,oeste,12163
2025-01-10,10,1,2025,LAS HERAS GENERAL AV. 2289,-58.396838,-34.587651,Comuna 2,3,calle_avenida,doble,oeste,12457
2025-01-17,17,1,2025,LAS HERAS GENERAL AV. 2289,-58.396838,-34.587651,Comuna 2,3,calle_avenida,doble,oeste,12328
2025-01-24,24,1,2025,LAS HERAS GENERAL AV. 2289,-58.396838,-34.587651,Comuna 2,3,calle_avenida,doble,oeste,8740
2025-01-31,31,1,2025,LAS HERAS GENERAL AV. 2289,-58.396838,-34.587651,Comuna 2,3,calle_avenida,doble,oeste,12687
2025-02-07,7,2,2025,LAS HERAS GENERAL AV. 2289,-58.396838,-34.587651,Comuna 2,3,calle_avenida,doble,oeste,14882
2025-02-14,14,2,2025,LAS HERAS GENERAL AV. 2289,-58.396838,-34.587651,Comuna 2,3,calle_avenida,doble,oeste,13225
2025-02-21,21,2,2025,LAS HERAS GENERAL AV. 2289,-58.396838,-34.587651,Comuna 2,3,calle_avenida,doble,oeste,12710
2025-02-28,28,2,2025,LAS HERAS GENERAL AV. 2289,-58.396838,-34.587651,Comuna 2,3,calle_avenida,doble,oeste,12000
2025-03-06,6,3,2025,LAS HERAS GENERAL AV. 2289,-58.396838,-34.587651,Comuna 2,3,calle_avenida,doble,oeste,12611
2025-03-13,13,3,2025,LAS HERAS GENERAL AV. 2289,-58.396838,-34.587651,Comuna 2,3,calle_avenida,doble,oeste,13285
2025-03-20,20,3,2025,LAS HERAS GENERAL AV. 2289,-58.396838,-34.587651,Comuna 2,3,calle_avenida,doble,oeste,10300
2025-03-27,27,3,2025,LAS HERAS GENERAL AV. 2289,-58.396838,-34.587651,Comuna 2,3,calle_avenida,doble,oeste,12788
2025-04-03,3,4,2025,LAS HERAS GENERAL AV. 2289,-58.396838,-34.587651,Comuna 2,3,calle_avenida,doble,oeste,11703
2025-04-10,10,4,2025,LAS HERAS GENERAL AV. 2289,-58.396838,-34.587651,Comuna 2,3,calle_avenida,doble,oeste,10841
2025-04-17,17,4,2025,LAS HERAS GENERAL AV. 2289,-58.396838,-34.587651,Comuna 2,3,calle_avenida,doble,oeste,11421
2025-04-24,24,4,2025,LAS HERAS GENERAL AV. 2289,-58.396838,-34.587651,Comuna 2,3,calle_avenida,doble,oeste,9758
2025-05-01,1,5,2025,LAS HERAS GENERAL AV. 2289,-58.396838,-34.587651,Comuna 2,3,calle_avenida,doble,oeste,8820
2025-05-08,8,5,2025,LAS HERAS GENERAL AV. 2289,-58.396838,-34.587651,Comuna 2,3,calle_avenida,doble,oeste,11982
2025-05-15,15,5,2025,LAS HERAS GENERAL AV. 2289,-58.396838,-34.587651,Comuna 2,3,calle_avenida,doble,oeste,11682
2025-05-22,22,5,2025,LAS HERAS GENERAL AV. 2289,-58.396838,-34.587651,Comuna 2,3,calle_avenida,doble,oeste,12747
2025-05-29,29,5,2025,LAS HERAS GENERAL AV. 2289,-58.396838,-34.587651,Comuna 2,3,calle_avenida,doble,oeste,12276
2025-06-05,5,6,2025,LAS HERAS GENERAL AV. 2289,-58.396838,-34.587651,Comuna 2,3,calle_avenida,doble,oeste,12273
2025-06-12,12,6,2025,LAS HERAS GENERAL AV. 2289,-58.396838,-34.587651,Comuna 2,3,calle_avenida,doble,oeste,11587
2025-06-19,19,6,2025,LAS HERAS GENERAL AV. 2289,-58.396838,-34.587651,Comuna 2,3,calle_avenida,doble,oeste,11843
2025-06-26,26,6,2025,LAS HERAS GENERAL AV. 2289,-58.396838,-34.587651,Comuna 2,3,calle_avenida,doble,oeste,12875
2025-07-03,3,7,2025,LAS HERAS GENERAL AV. 2289,-58.396838,-34.587651,Comuna 2,3,calle_avenida,doble,oeste,11658
2025-07-10,10,7,2025,LAS HERAS GENERAL AV. 2289,-58.396838,-34.587651,Comuna 2,3,calle_avenida,doble,oeste,11645
2025-07-17,17,7,2025,LAS HERAS GENERAL AV. 2289,-58.396838,-34.587651,Comuna 2,3,calle_avenida,doble,oeste,11265
2025-07-24,24,7,2025,LAS HERAS GENERAL AV. 2289,-58.396838,-34.587651,Comuna 2,3,calle_avenida,doble,oeste,11359
2025-07-31,31,7,2025,LAS HERAS GENERAL AV. 2289,-58.396838,-34.587651,Comuna 2,3,calle_avenida,doble,oeste,13107
2025-01-03,3,1,2025,LIMA OESTE 1524,-58.382189,-34.626200,Comuna 1,3,calle_avenida,doble,norte,1742
2025-01-10,10,1,2025,LIMA OESTE 1524,-58.382189,-34.626200,Comuna 1,3,calle_avenida,doble,norte,1818
2025-01-17,17,1,2025,LIMA OESTE 1524,-58.382189,-34.626200,Comuna 1,3,calle_avenida,doble,norte,1852
2025-01-24,24,1,2025,LIMA OESTE 1524,-58.382189,-34.626200,Comuna 1,3,calle_avenida,doble,norte,1554
2025-01-31,31,1,2025,LIMA OESTE 1524,-58.382189,-34.626200,Comuna 1,3,calle_avenida,doble,norte,1958
2025-02-07,7,2,2025,LIMA OESTE 1524,-58.382189,-34.626200,Comuna 1,3,calle_avenida,doble,norte,2127
2025-02-14,14,2,2025,LIMA OESTE 1524,-58.382189,-34.626200,Comuna 1,3,calle_avenida,doble,norte,1933
2025-02-21,21,2,2025,LIMA OESTE 1524,-58.382189,-34.626200,Comuna 1,3,calle_avenida,doble,norte,1912
2025-02-28,28,2,2025,LIMA OESTE 1524,-58.382189,-34.626200,Comuna 1,3,calle_avenida,doble,norte,1947
2025-03-06,6,3,2025,LIMA OESTE 1524,-58.382189,-34.626200,Comuna 1,3,calle_avenida,doble,norte,2120
2025-03-13,13,3,2025,LIMA OESTE 1524,-58.382189,-34.626200,Comuna 1,3,calle_avenida,doble,norte,2307
2025-03-20,20,3,2025,LIMA OESTE 1524,-58.382189,-34.626200,Comuna 1,3,calle_avenida,doble,norte,2153
2025-03-27,27,3,2025,LIMA OESTE 1524,-58.382189,-34.626200,Comuna 1,3,calle_avenida,doble,norte,2224
2025-04-03,3,4,2025,LIMA OESTE 1524,-58.382189,-34.626200,Comuna 1,3,calle_avenida,doble,norte,2309
2025-04-10,10,4,2025,LIMA OESTE 1524,-58.382189,-34.626200,Comuna 1,3,calle_avenida,doble,norte,2187
2025-04-17,17,4,2025,LIMA OESTE 1524,-58.382189,-34.626200,Comuna 1,3,calle_avenida,doble,norte,2007
2025-04-24,24,4,2025,LIMA OESTE 1524,-58.382189,-34.626200,Comuna 1,3,calle_avenida,doble,norte,2034
2025-05-01,1,5,2025,LIMA OESTE 1524,-58.382189,-34.626200,Comuna 1,3,calle_avenida,doble,norte,883
2025-05-08,8,5,2025,LIMA OESTE 1524,-58.382189,-34.626200,Comuna 1,3,calle_avenida,doble,norte,2059
2025-05-15,15,5,2025,LIMA OESTE 1524,-58.382189,-34.626200,Comuna 1,3,calle_avenida,doble,norte,1939
2025-05-22,22,5,2025,LIMA OESTE 1524,-58.382189,-34.626200,Comuna 1,3,calle_avenida,doble,norte,2257
2025-05-29,29,5,2025,LIMA OESTE 1524,-58.382189,-34.626200,Comuna 1,3,calle_avenida,doble,norte,2101
2025-06-05,5,6,2025,LIMA OESTE 1524,-58.382189,-34.626200,Comuna 1,3,calle_avenida,doble,norte,2185
2025-06-12,12,6,2025,LIMA OESTE 1524,-58.382189,-34.626200,Comuna 1,3,calle_avenida,doble,norte,2233
2025-06-19,19,6,2025,LIMA OESTE 1524,-58.382189,-34.626200,Comuna 1,3,calle_avenida,doble,norte,1876
2025-06-26,26,6,2025,LIMA OESTE 1524,-58.382189,-34.626200,Comuna 1,3,calle_avenida,doble,norte,2008
2025-07-03,3,7,2025,LIMA OESTE 1524,-58.382189,-34.626200,Comuna 1,3,calle_avenida,doble,norte,1846
2025-07-10,10,7,2025,LIMA OESTE 1524,-58.382189,-34.626200,Comuna 1,3,calle_avenida,doble,norte,1803
2025-07-17,17,7,2025,LIMA OESTE 1524,-58.382189,-34.626200,Comuna 1,3,calle_avenida,doble,norte,1733
2025-07-24,24,7,2025,LIMA OESTE 1524,-58.382189,-34.626200,Comuna 1,3,calle_avenida,doble,norte,1899
2025-07-31,31,7,2025,LIMA OESTE 1524,-58.382189,-34.626200,Comuna 1,3,calle_avenida,doble,norte,2111
2025-01-03,3,1,2025,"RABANAL, FRANCISCO, INTENDENTE AV. 1323",-58.417658,-34.654886,Comuna 4,3,calle_avenida,doble,oeste,8772
2025-01-10,10,1,2025,"RABANAL, FRANCISCO, INTENDENTE AV. 1323",-58.417658,-34.654886,Comuna 4,3,calle_avenida,doble,oeste,9146
2025-01-17,17,1,2025,"RABANAL, FRANCISCO, INTENDENTE AV. 1323",-58.417658,-34.654886,Comuna 4,3,calle_avenida,doble,oeste,8458
2025-01-24,24,1,2025,"RABANAL, FRANCISCO, INTENDENTE AV. 1323",-58.417658,-34.654886,Comuna 4,3,calle_avenida,doble,oeste,6914
2025-01-31,31,1,2025,"RABANAL, FRANCISCO, INTENDENTE AV. 1323",-58.417658,-34.654886,Comuna 4,3,calle_avenida,doble,oeste,9374
2025-02-07,7,2,2025,"RABANAL, FRANCISCO, INTENDENTE AV. 1323",-58.417658,-34.654886,Comuna 4,3,calle_avenida,doble,oeste,9608
2025-02-14,14,2,2025,"RABANAL, FRANCISCO, INTENDENTE AV. 1323",-58.417658,-34.654886,Comuna 4,3,calle_avenida,doble,oeste,8986
2025-02-21,21,2,2025,"RABANAL, FRANCISCO, INTENDENTE AV. 1323",-58.417658,-34.654886,Comuna 4,3,calle_avenida,doble,oeste,8521
2025-02-28,28,2,2025,"RABANAL, FRANCISCO, INTENDENTE AV. 1323",-58.417658,-34.654886,Comuna 4,3,calle_avenida,doble,oeste,9172
2025-03-06,6,3,2025,"RABANAL, FRANCISCO, INTENDENTE AV. 1323",-58.417658,-34.654886,Comuna 4,3,calle_avenida,doble,oeste,9387
2025-03-13,13,3,2025,"RABANAL, FRANCISCO, INTENDENTE AV. 1323",-58.417658,-34.654886,Comuna 4,3,calle_avenida,doble,oeste,9090
2025-03-20,20,3,2025,"RABANAL, FRANCISCO, INTENDENTE AV. 1323",-58.417658,-34.654886,Comuna 4,3,calle_avenida,doble,oeste,7950
2025-03-27,27,3,2025,"RABANAL, FRANCISCO, INTENDENTE AV. 1323",-58.417658,-34.654886,Comuna 4,3,calle_avenida,doble,oeste,10934
2025-04-03,3,4,2025,"RABANAL, FRANCISCO, INTENDENTE AV. 1323",-58.417658,-34.654886,Comuna 4,3,calle_avenida,doble,oeste,10139
2025-04-10,10,4,2025,"RABANAL, FRANCISCO, INTENDENTE AV. 1323",-58.417658,-34.654886,Comuna 4,3,calle_avenida,doble,oeste,10629
2025-04-17,17,4,2025,"RABANAL, FRANCISCO, INTENDENTE AV. 1323",-58.417658,-34.654886,Comuna 4,3,calle_avenida,doble,oeste,9726
2025-04-24,24,4,2025,"RABANAL, FRANCISCO, INTENDENTE AV. 1323",-58.417658,-34.654886,Comuna 4,3,calle_avenida,doble,oeste,10041
2025-05-01,1,5,2025,"RABANAL, FRANCISCO, INTENDENTE AV. 1323",-58.417658,-34.654886,Comuna 4,3,calle_avenida,doble,oeste,4348
2025-05-08,8,5,2025,"RABANAL, FRANCISCO, INTENDENTE AV. 1323",-58.417658,-34.654886,Comuna 4,3,calle_avenida,doble,oeste,10643
2025-05-15,15,5,2025,"RABANAL, FRANCISCO, INTENDENTE AV. 1323",-58.417658,-34.654886,Comuna 4,3,calle_avenida,doble,oeste,9473
2025-05-22,22,5,2025,"RABANAL, FRANCISCO, INTENDENTE AV. 1323",-58.417658,-34.654886,Comuna 4,3,calle_avenida,doble,oeste,9423
2025-05-29,29,5,2025,"RABANAL, FRANCISCO, INTENDENTE AV. 1323",-58.417658,-34.654886,Comuna 4,3,calle_avenida,doble,oeste,10384
2025-06-05,5,6,2025,"RABANAL, FRANCISCO, INTENDENTE AV. 1323",-58.417658,-34.654886,Comuna 4,3,calle_avenida,doble,oeste,9867
2025-06-12,12,6,2025,"RABANAL, FRANCISCO, INTENDENTE AV. 1323",-58.417658,-34.654886,Comuna 4,3,calle_avenida,doble,oeste,10167
2025-06-19,19,6,2025,"RABANAL, FRANCISCO, INTENDENTE AV. 1323",-58.417658,-34.654886,Comuna 4,3,calle_avenida,doble,oeste,11248
2025-06-26,26,6,2025,"RABANAL, FRANCISCO, INTENDENTE AV. 1323",-58.417658,-34.654886,Comuna 4,3,calle_avenida,doble,oeste,10573
2025-07-03,3,7,2025,"RABANAL, FRANCISCO, INTENDENTE AV. 1323",-58.417658,-34.654886,Comuna 4,3,calle_avenida,doble,oeste,9851
2025-07-10,10,7,2025,"RABANAL, FRANCISCO, INTENDENTE AV. 1323",-58.417658,-34.654886,Comuna 4,3,calle_avenida,doble,oeste,9926
2025-07-17,17,7,2025,"RABANAL, FRANCISCO, INTENDENTE AV. 1323",-58.417658,-34.654886,Comuna 4,3,calle_avenida,doble,oeste,9308
2025-07-24,24,7,2025,"RABANAL, FRANCISCO, INTENDENTE AV. 1323",-58.417658,-34.654886,Comuna 4,3,calle_avenida,doble,oeste,8943
2025-07-31,31,7,2025,"RABANAL, FRANCISCO, INTENDENTE AV. 1323",-58.417658,-34.654886,Comuna 4,3,calle_avenida,doble,oeste,10068
2025-01-03,3,1,2025,CORDOBA AV. 4570,-58.429776,-34.594591,Comuna 15,4,calle_avenida,única,oeste,33602
2025-01-10,10,1,2025,CORDOBA AV. 4570,-58.429776,-34.594591,Comuna 15,4,calle_avenida,única,oeste,34195
2025-01-17,17,1,2025,CORDOBA AV. 4570,-58.429776,-34.594591,Comuna 15,4,calle_avenida,única,oeste,32495
2025-01-24,24,1,2025,CORDOBA AV. 4570,-58.429776,-34.594591,Comuna 15,4,calle_avenida,única,oeste,28948
2025-01-31,31,1,2025,CORDOBA AV. 4570,-58.429776,-34.594591,Comuna 15,4,calle_avenida,única,oeste,35469
2025-02-07,7,2,2025,CORDOBA AV. 4570,-58.429776,-34.594591,Comuna 15,4,calle_avenida,única,oeste,39141
2025-02-14,14,2,2025,CORDOBA AV. 4570,-58.429776,-34.594591,Comuna 15,4,calle_avenida,única,oeste,35397
2025-02-21,21,2,2025,CORDOBA AV. 4570,-58.429776,-34.594591,Comuna 15,4,calle_avenida,única,oeste,34271
2025-02-28,28,2,2025,CORDOBA AV. 4570,-58.429776,-34.594591,Comuna 15,4,calle_avenida,única,oeste,33847
2025-03-06,6,3,2025,CORDOBA AV. 4570,-58.429776,-34.594591,Comuna 15,4,calle_avenida,única,oeste,34233
2025-03-13,13,3,2025,CORDOBA AV. 4570,-58.429776,-34.594591,Comuna 15,4,calle_avenida,única,oeste,31724
2025-03-20,20,3,2025,CORDOBA AV. 4570,-58.429776,-34.594591,Comuna 15,4,calle_avenida,única,oeste,29375
2025-03-27,27,3,2025,CORDOBA AV. 4570,-58.429776,-34.594591,Comuna 15,4,calle_avenida,única,oeste,36001
2025-04-03,3,4,2025,CORDOBA AV. 4570,-58.429776,-34.594591,Comuna 15,4,calle_avenida,única,oeste,32627
2025-04-10,10,4,2025,CORDOBA AV. 4570,-58.429776,-34.594591,Comuna 15,4,calle_avenida,única,oeste,41754
2025-04-17,17,4,2025,CORDOBA AV. 4570,-58.429776,-34.594591,Comuna 15,4,calle_avenida,única,oeste,37555
2025-04-24,24,4,2025,CORDOBA AV. 4570,-58.429776,-34.594591,Comuna 15,4,calle_avenida,única,oeste,37232
2025-05-01,1,5,2025,CORDOBA AV. 4570,-58.429776,-34.594591,Comuna 15,4,calle_avenida,única,oeste,32205
2025-05-08,8,5,2025,CORDOBA AV. 4570,-58.429776,-34.594591,Comuna 15,4,calle_avenida,única,oeste,37207
2025-05-15,15,5,2025,CORDOBA AV. 4570,-58.429776,-34.594591,Comuna 15,4,calle_avenida,única,oeste,38088
2025-05-22,22,5,2025,CORDOBA AV. 4570,-58.429776,-34.594591,Comuna 15,4,calle_avenida,única,oeste,38579
2025-05-29,29,5,2025,CORDOBA AV. 4570,-58.429776,-34.594591,Comuna 15,4,calle_avenida,única,oeste,38731
2025-06-05,5,6,2025,CORDOBA AV. 4570,-58.429776,-34.594591,Comuna 15,4,calle_avenida,única,oeste,30204
2025-06-12,12,6,2025,CORDOBA AV. 4570,-58.429776,-34.594591,Comuna 15,4,calle_avenida,única,oeste,32732
2025-06-19,19,6,2025,CORDOBA AV. 4570,-58.429776,-34.594591,Comuna 15,4,calle_avenida,única,oeste,29771
2025-06-26,26,6,2025,CORDOBA AV. 4570,-58.429776,-34.594591,Comuna 15,4,calle_avenida,única,oeste,31586
2025-07-03,3,7,2025,CORDOBA AV. 4570,-58.429776,-34.594591,Comuna 15,4,calle_avenida,única,oeste,29137
2025-07-10,10,7,2025,CORDOBA AV. 4570,-58.429776,-34.594591,Comuna 15,4,calle_avenida,única,oeste,28320
2025-07-17,17,7,2025,CORDOBA AV. 4570,-58.429776,-34.594591,Comuna 15,4,calle_avenida,única,oeste,29461
2025-07-24,24,7,2025,CORDOBA AV. 4570,-58.429776,-34.594591,Comuna 15,4,calle_avenida,única,oeste,31283
2025-07-31,31,7,2025,CORDOBA AV. 4570,-58.429776,-34.594591,Comuna 15,4,calle_avenida,única,oeste,32377
2025-01-03,3,1,2025,RIVADAVIA AV. 2775,-58.405518,-34.610013,Comuna 3,4,calle_avenida,única,oeste,13918
2025-01-10,10,1,2025,RIVADAVIA AV. 2775,-58.405518,-34.610013,Comuna 3,4,calle_avenida,única,oeste,14380
2025-01-17,17,1,2025,RIVADAVIA AV. 2775,-58.405518,-34.610013,Comuna 3,4,calle_avenida,única,oeste,12196
2025-01-24,24,1,2025,RIVADAVIA AV. 2775,-58.405518,-34.610013,Comuna 3,4,calle_avenida,única,oeste,8031
2025-01-31,31,1,2025,RIVADAVIA AV. 2775,-58.405518,-34.610013,Comuna 3,4,calle_avenida,única,oeste,12058
2025-02-07,7,2,2025,RIVADAVIA AV. 2775,-58.405518,-34.610013,Comuna 3,4,calle_avenida,única,oeste,17874
2025-02-14,14,2,2025,RIVADAVIA AV. 2775,-58.405518,-34.610013,Comuna 3,4,calle_avenida,única,oeste,15022
2025-02-21,21,2,2025,RIVADAVIA AV. 2775,-58.405518,-34.610013,Comuna 3,4,calle_avenida,única,oeste,12215
2025-02-28,28,2,2025,RIVADAVIA AV. 2775,-58.405518,-34.610013,Comuna 3,4,calle_avenida,única,oeste,12776
2025-03-06,6,3,2025,RIVADAVIA AV. 2775,-58.405518,-34.610013,Comuna 3,4,calle_avenida,única,oeste,13270
2025-03-13,13,3,2025,RIVADAVIA AV. 2775,-58.405518,-34.610013,Comuna 3,4,calle_avenida,única,oeste,14576
2025-03-20,20,3,2025,RIVADAVIA AV. 2775,-58.405518,-34.610013,Comuna 3,4,calle_avenida,única,oeste,8835
2025-03-27,27,3,2025,RIVADAVIA AV. 2775,-58.405518,-34.610013,Comuna 3,4,calle_avenida,única,oeste,14634
2025-04-03,3,4,2025,RIVADAVIA AV. 2775,-58.405518,-34.610013,Comuna 3,4,calle_avenida,única,oeste,14802
2025-04-10,10,4,2025,RIVADAVIA AV. 2775,-58.405518,-34.610013,Comuna 3,4,calle_avenida,única,oeste,16725
2025-04-17,17,4,2025,RIVADAVIA AV. 2775,-58.405518,-34.610013,Comuna 3,4,calle_avenida,única,oeste,15283
2025-04-24,24,4,2025,RIVADAVIA AV. 2775,-58.405518,-34.610013,Comuna 3,4,calle_avenida,única,oeste,15358
2025-05-01,1,5,2025,RIVADAVIA AV. 2775,-58.405518,-34.610013,Comuna 3,4,calle_avenida,única,oeste,8434
2025-05-08,8,5,2025,RIVADAVIA AV. 2775,-58.405518,-34.610013,Comuna 3,4,calle_avenida,única,oeste,14590
2025-05-15,15,5,2025,RIVADAVIA AV. 2775,-58.405518,-34.610013,Comuna 3,4,calle_avenida,única,oeste,15634
2025-05-22,22,5,2025,RIVADAVIA AV. 2775,-58.405518,-34.610013,Comuna 3,4,calle_avenida,única,oeste,15610
2025-05-29,29,5,2025,RIVADAVIA AV. 2775,-58.405518,-34.610013,Comuna 3,4,calle_avenida,única,oeste,15020
2025-06-05,5,6,2025,RIVADAVIA AV. 2775,-58.405518,-34.610013,Comuna 3,4,calle_avenida,única,oeste,17020
2025-06-12,12,6,2025,RIVADAVIA AV. 2775,-58.405518,-34.610013,Comuna 3,4,calle_avenida,única,oeste,11791
2025-06-19,19,6,2025,RIVADAVIA AV. 2775,-58.405518,-34.610013,Comuna 3,4,calle_avenida,única,oeste,16793
2025-06-26,26,6,2025,RIVADAVIA AV. 2775,-58.405518,-34.610013,Comuna 3,4,calle_avenida,única,oeste,16736
2025-07-03,3,7,2025,RIVADAVIA AV. 2775,-58.405518,-34.610013,Comuna 3,4,calle_avenida,única,oeste,16596
2025-07-10,10,7,2025,RIVADAVIA AV. 2775,-58.405518,-34.610013,Comuna 3,4,calle_avenida,única,oeste,16237
2025-07-17,17,7,2025,RIVADAVIA AV. 2775,-58.405518,-34.610013,Comuna 3,4,calle_avenida,única,oeste,15490
2025-07-24,24,7,2025,RIVADAVIA AV. 2775,-58.405518,-34.610013,Comuna 3,4,calle_avenida,única,oeste,14753
2025-07-31,31,7,2025,RIVADAVIA AV. 2775,-58.405518,-34.610013,Comuna 3,4,calle_avenida,única,oeste,17126
2025-01-03,3,1,2025,SANTA FE AV. 2622,-58.403884,-34.594047,Comuna 2,3,calle_avenida,doble,este,3957
2025-01-10,10,1,2025,SANTA FE AV. 2622,-58.403884,-34.594047,Comuna 2,3,calle_avenida,doble,este,3734
2025-01-17,17,1,2025,SANTA FE AV. 2622,-58.403884,-34.594047,Comuna 2,3,calle_avenida,doble,este,3934
2025-01-24,24,1,2025,SANTA FE AV. 2622,-58.403884,-34.594047,Comuna 2,3,calle_avenida,doble,este,3703
2025-01-31,31,1,2025,SANTA FE AV. 2622,-58.403884,-34.594047,Comuna 2,3,calle_avenida,doble,este,4119
2025-02-07,7,2,2025,SANTA FE AV. 2622,-58.403884,-34.594047,Comuna 2,3,calle_avenida,doble,este,4035
2025-02-14,14,2,2025,SANTA FE AV. 2622,-58.403884,-34.594047,Comuna 2,3,calle_avenida,doble,este,4976
2025-02-21,21,2,2025,SANTA FE AV. 2622,-58.403884,-34.594047,Comuna 2,3,calle_avenida,doble,este,4207
2025-02-28,28,2,2025,SANTA FE AV. 2622,-58.403884,-34.594047,Comuna 2,3,calle_avenida,doble,este,4100
2025-03-06,6,3,2025,SANTA FE AV. 2622,-58.403884,-34.594047,Comuna 2,3,calle_avenida,doble,este,4298
2025-03-13,13,3,2025,SANTA FE AV. 2622,-58.403884,-34.594047,Comuna 2,3,calle_avenida,doble,este,4138
2025-03-20,20,3,2025,SANTA FE AV. 2622,-58.403884,-34.594047,Comuna 2,3,calle_avenida,doble,este,2603
2025-03-27,27,3,2025,SANTA FE AV. 2622,-58.403884,-34.594047,Comuna 2,3,calle_avenida,doble,este,12249
2025-04-03,3,4,2025,SANTA FE AV. 2622,-58.403884,-34.594047,Comuna 2,3,calle_avenida,doble,este,13396
2025-04-10,10,4,2025,SANTA FE AV. 2622,-58.403884,-34.594047,Comuna 2,3,calle_avenida,doble,este,15991
2025-04-17,17,4,2025,SANTA FE AV. 2622,-58.403884,-34.594047,Comuna 2,3,calle_avenida,doble,este,15143
2025-04-24,24,4,2025,SANTA FE AV. 2622,-58.403884,-34.594047,Comuna 2,3,calle_avenida,doble,este,14144
2025-05-01,1,5,2025,SANTA FE AV. 2622,-58.403884,-34.594047,Comuna 2,3,calle_avenida,doble,este,10548
2025-05-08,8,5,2025,SANTA FE AV. 2622,-58.403884,-34.594047,Comuna 2,3,calle_avenida,doble,este,15119
2025-05-15,15,5,2025,SANTA FE AV. 2622,-58.403884,-34.594047,Comuna 2,3,calle_avenida,doble,este,15161
2025-05-22,22,5,2025,SANTA FE AV. 2622,-58.403884,-34.594047,Comuna 2,3,calle_avenida,doble,este,14718
2025-05-29,29,5,2025,SANTA FE AV. 2622,-58.403884,-34.594047,Comuna 2,3,calle_avenida,doble,este,13983
2025-06-05,5,6,2025,SANTA FE AV. 2622,-58.403884,-34.594047,Comuna 2,3,calle_avenida,doble,este,15024
2025-06-12,12,6,2025,SANTA FE AV. 2622,-58.403884,-34.594047,Comuna 2,3,calle_avenida,doble,este,14735
2025-06-19,19,6,2025,SANTA FE AV. 2622,-58.403884,-34.594047,Comuna 2,3,calle_avenida,doble,este,14984
2025-06-26,26,6,2025,SANTA FE AV. 2622,-58.403884,-34.594047,Comuna 2,3,calle_avenida,doble,este,15246
2025-07-03,3,7,2025,SANTA FE AV. 2622,-58.403884,-34.594047,Comuna 2,3,calle_avenida,doble,este,15576
2025-07-10,10,7,2025,SANTA FE AV. 2622,-58.403884,-34.594047,Comuna 2,3,calle_avenida,doble,este,15220
2025-07-17,17,7,2025,SANTA FE AV. 2622,-58.403884,-34.594047,Comuna 2,3,calle_avenida,doble,este,14283
2025-07-24,24,7,2025,SANTA FE AV. 2622,-58.403884,-34.594047,Comuna 2,3,calle_avenida,doble,este,15252
2025-07-31,31,7,2025,SANTA FE AV. 2622,-58.403884,-34.594047,Comuna 2,3,calle_avenida,doble,este,16725
2025-01-03,3,1,2025,BELGRANO AV. 3218,-58.411416,-34.615436,Comuna 3,4,calle_avenida,única,este,17979
2025-01-10,10,1,2025,BELGRANO AV. 3218,-58.411416,-34.615436,Comuna 3,4,calle_avenida,única,este,18264
2025-01-17,17,1,2025,BELGRANO AV. 3218,-58.411416,-34.615436,Comuna 3,4,calle_avenida,única,este,16052
2025-01-24,24,1,2025,BELGRANO AV. 3218,-58.411416,-34.615436,Comuna 3,4,calle_avenida,única,este,11234
2025-01-31,31,1,2025,BELGRANO AV. 3218,-58.411416,-34.615436,Comuna 3,4,calle_avenida,única,este,17291
2025-02-07,7,2,2025,BELGRANO AV. 3218,-58.411416,-34.615436,Comuna 3,4,calle_avenida,única,este,21559
2025-02-14,14,2,2025,BELGRANO AV. 3218,-58.411416,-34.615436,Comuna 3,4,calle_avenida,única,este,19500
2025-02-21,21,2,2025,BELGRANO AV. 3218,-58.411416,-34.615436,Comuna 3,4,calle_avenida,única,este,18666
2025-02-28,28,2,2025,BELGRANO AV. 3218,-58.411416,-34.615436,Comuna 3,4,calle_avenida,única,este,18761
2025-03-06,6,3,2025,BELGRANO AV. 3218,-58.411416,-34.615436,Comuna 3,4,calle_avenida,única,este,19083
2025-03-13,13,3,2025,BELGRANO AV. 3218,-58.411416,-34.615436,Comuna 3,4,calle_avenida,única,este,19951
2025-03-20,20,3,2025,BELGRANO AV. 3218,-58.411416,-34.615436,Comuna 3,4,calle_avenida,única,este,14549
2025-03-27,27,3,2025,BELGRANO AV. 3218,-58.411416,-34.615436,Comuna 3,4,calle_avenida,única,este,19486
2025-04-03,3,4,2025,BELGRANO AV. 3218,-58.411416,-34.615436,Comuna 3,4,calle_avenida,única,este,17628
2025-04-10,10,4,2025,BELGRANO AV. 3218,-58.411416,-34.615436,Comuna 3,4,calle_avenida,única,este,18730
2025-04-17,17,4,2025,BELGRANO AV. 3218,-58.411416,-34.615436,Comuna 3,4,calle_avenida,única,este,17263
2025-04-24,24,4,2025,BELGRANO AV. 3218,-58.411416,-34.615436,Comuna 3,4,calle_avenida,única,este,16828
2025-05-01,1,5,2025,BELGRANO AV. 3218,-58.411416,-34.615436,Comuna 3,4,calle_avenida,única,este,8330
2025-05-08,8,5,2025,BELGRANO AV. 3218,-58.411416,-34.615436,Comuna 3,4,calle_avenida,única,este,17307
2025-05-15,15,5,2025,BELGRANO AV. 3218,-58.411416,-34.615436,Comuna 3,4,calle_avenida,única,este,18178
2025-05-22,22,5,2025,BELGRANO AV. 3218,-58.411416,-34.615436,Comuna 3,4,calle_avenida,única,este,16321
2025-05-29,29,5,2025,BELGRANO AV. 3218,-58.411416,-34.615436,Comuna 3,4,calle_avenida,única,este,16657
2025-06-05,5,6,2025,BELGRANO AV. 3218,-58.411416,-34.615436,Comuna 3,4,calle_avenida,única,este,16933
2025-06-12,12,6,2025,BELGRANO AV. 3218,-58.411416,-34.615436,Comuna 3,4,calle_avenida,única,este,14807
2025-06-19,19,6,2025,BELGRANO AV. 3218,-58.411416,-34.615436,Comuna 3,4,calle_avenida,única,este,18617
2025-06-26,26,6,2025,BELGRANO AV. 3218,-58.411416,-34.615436,Comuna 3,4,calle_avenida,única,este,16605
2025-07-03,3,7,2025,BELGRANO AV. 3218,-58.411416,-34.615436,Comuna 3,4,calle_avenida,única,este,17774
2025-07-10,10,7,2025,BELGRANO AV. 3218,-58.411416,-34.615436,Comuna 3,4,calle_avenida,única,este,17282
2025-07-17,17,7,2025,BELGRANO AV. 3218,-58.411416,-34.615436,Comuna 3,4,calle_avenida,única,este,17916
2025-07-24,24,7,2025,BELGRANO AV. 3218,-58.411416,-34.615436,Comuna 3,4,calle_avenida,única,este,16817
2025-07-31,31,7,2025,BELGRANO AV. 3218,-58.411416,-34.615436,Comuna 3,4,calle_avenida,única,este,18812
2025-01-03,3,1,2025,INDEPENDENCIA AV. 2086,-58.395712,-34.618449,Comuna 3,4,calle_avenida,única,oeste,19561
2025-01-10,10,1,2025,INDEPENDENCIA AV. 2086,-58.395712,-34.618449,Comuna 3,4,calle_avenida,única,oeste,18645
2025-01-17,17,1,2025,INDEPENDENCIA AV. 2086,-58.395712,-34.618449,Comuna 3,4,calle_avenida,única,oeste,18639
2025-01-24,24,1,2025,INDEPENDENCIA AV. 2086,-58.395712,-34.618449,Comuna 3,4,calle_avenida,única,oeste,15186
2025-01-31,31,1,2025,INDEPENDENCIA AV. 2086,-58.395712,-34.618449,Comuna 3,4,calle_avenida,única,oeste,19084
2025-02-07,7,2,2025,INDEPENDENCIA AV. 2086,-58.395712,-34.618449,Comuna 3,4,calle_avenida,única,oeste,19206
2025-02-14,14,2,2025,INDEPENDENCIA AV. 2086,-58.395712,-34.618449,Comuna 3,4,calle_avenida,única,oeste,21264
2025-02-21,21,2,2025,INDEPENDENCIA AV. 2086,-58.395712,-34.618449,Comuna 3,4,calle_avenida,única,oeste,19712
2025-02-28,28,2,2025,INDEPENDENCIA AV. 2086,-58.395712,-34.618449,Comuna 3,4,calle_avenida,única,oeste,19378
2025-03-06,6,3,2025,INDEPENDENCIA AV. 2086,-58.395712,-34.618449,Comuna 3,4,calle_avenida,única,oeste,19370
2025-03-13,13,3,2025,INDEPENDENCIA AV. 2086,-58.395712,-34.618449,Comuna 3,4,calle_avenida,única,oeste,14224
2025-03-20,20,3,2025,INDEPENDENCIA AV. 2086,-58.395712,-34.618449,Comuna 3,4,calle_avenida,única,oeste,13236
2025-03-27,27,3,2025,INDEPENDENCIA AV. 2086,-58.395712,-34.618449,Comuna 3,4,calle_avenida,única,oeste,20370
2025-04-03,3,4,2025,INDEPENDENCIA AV. 2086,-58.395712,-34.618449,Comuna 3,4,calle_avenida,única,oeste,15150
2025-04-10,10,4,2025,INDEPENDENCIA AV. 2086,-58.395712,-34.618449,Comuna 3,4,calle_avenida,única,oeste,17736
2025-04-17,17,4,2025,INDEPENDENCIA AV. 2086,-58.395712,-34.618449,Comuna 3,4,calle_avenida,única,oeste,19970
2025-04-24,24,4,2025,INDEPENDENCIA AV. 2086,-58.395712,-34.618449,Comuna 3,4,calle_avenida,única,oeste,19668
2025-05-01,1,5,2025,INDEPENDENCIA AV. 2086,-58.395712,-34.618449,Comuna 3,4,calle_avenida,única,oeste,8465
2025-05-08,8,5,2025,INDEPENDENCIA AV. 2086,-58.395712,-34.618449,Comuna 3,4,calle_avenida,única,oeste,17585
2025-05-15,15,5,2025,INDEPENDENCIA AV. 2086,-58.395712,-34.618449,Comuna 3,4,calle_avenida,única,oeste,17452
2025-05-22,22,5,2025,INDEPENDENCIA AV. 2086,-58.395712,-34.618449,Comuna 3,4,calle_avenida,única,oeste,16718
2025-05-29,29,5,2025,INDEPENDENCIA AV. 2086,-58.395712,-34.618449,Comuna 3,4,calle_avenida,única,oeste,16042
2025-06-05,5,6,2025,INDEPENDENCIA AV. 2086,-58.395712,-34.618449,Comuna 3,4,calle_avenida,única,oeste,16009
2025-06-12,12,6,2025,INDEPENDENCIA AV. 2086,-58.395712,-34.618449,Comuna 3,4,calle_avenida,única,oeste,14110
2025-06-19,19,6,2025,INDEPENDENCIA AV. 2086,-58.395712,-34.618449,Comuna 3,4,calle_avenida,única,oeste,16391
2025-06-26,26,6,2025,INDEPENDENCIA AV. 2086,-58.395712,-34.618449,Comuna 3,4,calle_avenida,única,oeste,16504
2025-07-03,3,7,2025,INDEPENDENCIA AV. 2086,-58.395712,-34.618449,Comuna 3,4,calle_avenida,única,oeste,16080
2025-07-10,10,7,2025,INDEPENDENCIA AV. 2086,-58.395712,-34.618449,Comuna 3,4,calle_avenida,única,oeste,17487
2025-07-17,17,7,2025,INDEPENDENCIA AV. 2086,-58.395712,-34.618449,Comuna 3,4,calle_avenida,única,oeste,16478
2025-07-24,24,7,2025,INDEPENDENCIA AV. 2086,-58.395712,-34.618449,Comuna 3,4,calle_avenida,única,oeste,13800
2025-01-03,3,1,2025,"ALEM, LEANDRO N. AV. 518",-58.370691,-34.601595,Comuna 1,4,calle_avenida,doble,sur,5844
2025-01-10,10,1,2025,"ALEM, LEANDRO N. AV. 518",-58.370691,-34.601595,Comuna 1,4,calle_avenida,doble,sur,6003
2025-01-17,17,1,2025,"ALEM, LEANDRO N. AV. 518",-58.370691,-34.601595,Comuna 1,4,calle_avenida,doble,sur,4374
2025-01-24,24,1,2025,"ALEM, LEANDRO N. AV. 518",-58.370691,-34.601595,Comuna 1,4,calle_avenida,doble,sur,2877
2025-01-31,31,1,2025,"ALEM, LEANDRO N. AV. 518",-58.370691,-34.601595,Comuna 1,4,calle_avenida,doble,sur,5370
2025-02-07,7,2,2025,"ALEM, LEANDRO N. AV. 518",-58.370691,-34.601595,Comuna 1,4,calle_avenida,doble,sur,7805
2025-02-14,14,2,2025,"ALEM, LEANDRO N. AV. 518",-58.370691,-34.601595,Comuna 1,4,calle_avenida,doble,sur,7214
2025-02-21,21,2,2025,"ALEM, LEANDRO N. AV. 518",-58.370691,-34.601595,Comuna 1,4,calle_avenida,doble,sur,6130
2025-02-28,28,2,2025,"ALEM, LEANDRO N. AV. 518",-58.370691,-34.601595,Comuna 1,4,calle_avenida,doble,sur,6310
2025-03-06,6,3,2025,"ALEM, LEANDRO N. AV. 518",-58.370691,-34.601595,Comuna 1,4,calle_avenida,doble,sur,6948
2025-03-13,13,3,2025,"ALEM, LEANDRO N. AV. 518",-58.370691,-34.601595,Comuna 1,4,calle_avenida,doble,sur,144
2025-03-20,20,3,2025,"ALEM, LEANDRO N. AV. 518",-58.370691,-34.601595,Comuna 1,4,calle_avenida,doble,sur,274
2025-03-27,27,3,2025,"ALEM, LEANDRO N. AV. 518",-58.370691,-34.601595,Comuna 1,4,calle_avenida,doble,sur,8956
2025-04-03,3,4,2025,"ALEM, LEANDRO N. AV. 518",-58.370691,-34.601595,Comuna 1,4,calle_avenida,doble,sur,6288
2025-04-10,10,4,2025,"ALEM, LEANDRO N. AV. 518",-58.370691,-34.601595,Comuna 1,4,calle_avenida,doble,sur,8315
2025-04-17,17,4,2025,"ALEM, LEANDRO N. AV. 518",-58.370691,-34.601595,Comuna 1,4,calle_avenida,doble,sur,7323
2025-04-24,24,4,2025,"ALEM, LEANDRO N. AV. 518",-58.370691,-34.601595,Comuna 1,4,calle_avenida,doble,sur,7434
2025-05-01,1,5,2025,"ALEM, LEANDRO N. AV. 518",-58.370691,-34.601595,Comuna 1,4,calle_avenida,doble,sur,2562
2025-05-08,8,5,2025,"ALEM, LEANDRO N. AV. 518",-58.370691,-34.601595,Comuna 1,4,calle_avenida,doble,sur,
2025-05-15,15,5,2025,"ALEM, LEANDRO N. AV. 518",-58.370691,-34.601595,Comuna 1,4,calle_avenida,doble,sur,
2025-05-22,22,5,2025,"ALEM, LEANDRO N. AV. 518",-58.370691,-34.601595,Comuna 1,4,calle_avenida,doble,sur,8677
2025-05-29,29,5,2025,"ALEM, LEANDRO N. AV. 518",-58.370691,-34.601595,Comuna 1,4,calle_avenida,doble,sur,6906
2025-06-05,5,6,2025,"ALEM, LEANDRO N. AV. 518",-58.370691,-34.601595,Comuna 1,4,calle_avenida,doble,sur,4200
2025-06-12,12,6,2025,"ALEM, LEANDRO N. AV. 518",-58.370691,-34.601595,Comuna 1,4,calle_avenida,doble,sur,8092
2025-06-19,19,6,2025,"ALEM, LEANDRO N. AV. 518",-58.370691,-34.601595,Comuna 1,4,calle_avenida,doble,sur,8092
2025-06-26,26,6,2025,"ALEM, LEANDRO N. AV. 518",-58.370691,-34.601595,Comuna 1,4,calle_avenida,doble,sur,7186
2025-07-03,3,7,2025,"ALEM, LEANDRO N. AV. 518",-58.370691,-34.601595,Comuna 1,4,calle_avenida,doble,sur,7370
2025-07-10,10,7,2025,"ALEM, LEANDRO N. AV. 518",-58.370691,-34.601595,Comuna 1,4,calle_avenida,doble,sur,6879
2025-07-17,17,7,2025,"ALEM, LEANDRO N. AV. 518",-58.370691,-34.601595,Comuna 1,4,calle_avenida,doble,sur,7791
2025-07-24,24,7,2025,"ALEM, LEANDRO N. AV. 518",-58.370691,-34.601595,Comuna 1,4,calle_avenida,doble,sur,8587
2025-07-31,31,7,2025,"ALEM, LEANDRO N. AV. 518",-58.370691,-34.601595,Comuna 1,4,calle_avenida,doble,sur,8049
2025-01-03,3,1,2025,RIVADAVIA AV. 7420,-58.469991,-34.630911,Comuna 7,4,calle_avenida,doble,este,7174
2025-01-10,10,1,2025,RIVADAVIA AV. 7420,-58.469991,-34.630911,Comuna 7,4,calle_avenida,doble,este,7753
2025-01-17,17,1,2025,RIVADAVIA AV. 7420,-58.469991,-34.630911,Comuna 7,4,calle_avenida,doble,este,6008
2025-01-24,24,1,2025,RIVADAVIA AV. 7420,-58.469991,-34.630911,Comuna 7,4,calle_avenida,doble,este,4719
2025-01-31,31,1,2025,RIVADAVIA AV. 7420,-58.469991,-34.630911,Comuna 7,4,calle_avenida,doble,este,6542
2025-02-07,7,2,2025,RIVADAVIA AV. 7420,-58.469991,-34.630911,Comuna 7,4,calle_avenida,doble,este,8534
2025-02-14,14,2,2025,RIVADAVIA AV. 7420,-58.469991,-34.630911,Comuna 7,4,calle_avenida,doble,este,7120
2025-02-21,21,2,2025,RIVADAVIA AV. 7420,-58.469991,-34.630911,Comuna 7,4,calle_avenida,doble,este,7119
2025-02-28,28,2,2025,RIVADAVIA AV. 7420,-58.469991,-34.630911,Comuna 7,4,calle_avenida,doble,este,7122
2025-03-06,6,3,2025,RIVADAVIA AV. 7420,-58.469991,-34.630911,Comuna 7,4,calle_avenida,doble,este,7518
2025-03-13,13,3,2025,RIVADAVIA AV. 7420,-58.469991,-34.630911,Comuna 7,4,calle_avenida,doble,este,8729
2025-03-20,20,3,2025,RIVADAVIA AV. 7420,-58.469991,-34.630911,Comuna 7,4,calle_avenida,doble,este,7218
2025-03-27,27,3,2025,RIVADAVIA AV. 7420,-58.469991,-34.630911,Comuna 7,4,calle_avenida,doble,este,8654
2025-04-03,3,4,2025,RIVADAVIA AV. 7420,-58.469991,-34.630911,Comuna 7,4,calle_avenida,doble,este,9013
2025-04-10,10,4,2025,RIVADAVIA AV. 7420,-58.469991,-34.630911,Comuna 7,4,calle_avenida,doble,este,9720
2025-04-17,17,4,2025,RIVADAVIA AV. 7420,-58.469991,-34.630911,Comuna 7,4,calle_avenida,doble,este,8854
2025-04-24,24,4,2025,RIVADAVIA AV. 7420,-58.469991,-34.630911,Comuna 7,4,calle_avenida,doble,este,8835
2025-05-01,1,5,2025,RIVADAVIA AV. 7420,-58.469991,-34.630911,Comuna 7,4,calle_avenida,doble,este,5567
2025-05-08,8,5,2025,RIVADAVIA AV. 7420,-58.469991,-34.630911,Comuna 7,4,calle_avenida,doble,este,8428
2025-05-15,15,5,2025,RIVADAVIA AV. 7420,-58.469991,-34.630911,Comuna 7,4,calle_avenida,doble,este,8478
2025-05-22,22,5,2025,RIVADAVIA AV. 7420,-58.469991,-34.630911,Comuna 7,4,calle_avenida,doble,este,8371
2025-05-29,29,5,2025,RIVADAVIA AV. 7420,-58.469991,-34.630911,Comuna 7,4,calle_avenida,doble,este,8283
2025-06-05,5,6,2025,RIVADAVIA AV. 7420,-58.469991,-34.630911,Comuna 7,4,calle_avenida,doble,este,7652
2025-06-12,12,6,2025,RIVADAVIA AV. 7420,-58.469991,-34.630911,Comuna 7,4,calle_avenida,doble,este,8001
2025-06-19,19,6,2025,RIVADAVIA AV. 7420,-58.469991,-34.630911,Comuna 7,4,calle_avenida,doble,este,8378
2025-06-26,26,6,2025,RIVADAVIA AV. 7420,-58.469991,-34.630911,Comuna 7,4,calle_avenida,doble,este,8159
2025-07-03,3,7,2025,RIVADAVIA AV. 7420,-58.469991,-34.630911,Comuna 7,4,calle_avenida,doble,este,7800
2025-07-10,10,7,2025,RIVADAVIA AV. 7420,-58.469991,-34.630911,Comuna 7,4,calle_avenida,doble,este,7901
2025-07-17,17,7,2025,RIVADAVIA AV. 7420,-58.469991,-34.630911,Comuna 7,4,calle_avenida,doble,este,7845
2025-07-24,24,7,2025,RIVADAVIA AV. 7420,-58.469991,-34.630911,Comuna 7,4,calle_avenida,doble,este,7565
2025-07-31,31,7,2025,RIVADAVIA AV. 7420,-58.469991,-34.630911,Comuna 7,4,calle_avenida,doble,este,8003
2025-01-03,3,1,2025,CORRIENTES AV. 5220,-58.439127,-34.59969,Comuna 15,4,calle_avenida,única,este,27004
2025-01-10,10,1,2025,CORRIENTES AV. 5220,-58.439127,-34.59969,Comuna 15,4,calle_avenida,única,este,28475
2025-01-17,17,1,2025,CORRIENTES AV. 5220,-58.439127,-34.59969,Comuna 15,4,calle_avenida,única,este,28417
2025-01-24,24,1,2025,CORRIENTES AV. 5220,-58.439127,-34.59969,Comuna 15,4,calle_avenida,única,este,27057
2025-01-31,31,1,2025,CORRIENTES AV. 5220,-58.439127,-34.59969,Comuna 15,4,calle_avenida,única,este,29921
2025-02-07,7,2,2025,CORRIENTES AV. 5220,-58.439127,-34.59969,Comuna 15,4,calle_avenida,única,este,30366
2025-02-14,14,2,2025,CORRIENTES AV. 5220,-58.439127,-34.59969,Comuna 15,4,calle_avenida,única,este,28058
2025-02-21,21,2,2025,CORRIENTES AV. 5220,-58.439127,-34.59969,Comuna 15,4,calle_avenida,única,este,30947
2025-02-28,28,2,2025,CORRIENTES AV. 5220,-58.439127,-34.59969,Comuna 15,4,calle_avenida,única,este,30423
2025-03-06,6,3,2025,CORRIENTES AV. 5220,-58.439127,-34.59969,Comuna 15,4,calle_avenida,única,este,32576
2025-03-13,13,3,2025,CORRIENTES AV. 5220,-58.439127,-34.59969,Comuna 15,4,calle_avenida,única,este,29054
2025-03-20,20,3,2025,CORRIENTES AV. 5220,-58.439127,-34.59969,Comuna 15,4,calle_avenida,única,este,26389
2025-03-27,27,3,2025,CORRIENTES AV. 5220,-58.439127,-34.59969,Comuna 15,4,calle_avenida,única,este,34046
2025-04-03,3,4,2025,CORRIENTES AV. 5220,-58.439127,-34.59969,Comuna 15,4,calle_avenida,única,este,31595
2025-04-10,10,4,2025,CORRIENTES AV. 5220,-58.439127,-34.59969,Comuna 15,4,calle_avenida,única,este,33809
2025-04-17,17,4,2025,CORRIENTES AV. 5220,-58.439127,-34.59969,Comuna 15,4,calle_avenida,única,este,32617
2025-04-24,24,4,2025,CORRIENTES AV. 5220,-58.439127,-34.59969,Comuna 15,4,calle_avenida,única,este,33778
2025-05-01,1,5,2025,CORRIENTES AV. 5220,-58.439127,-34.59969,Comuna 15,4,calle_avenida,única,este,26534
2025-05-08,8,5,2025,CORRIENTES AV. 5220,-58.439127,-34.59969,Comuna 15,4,calle_avenida,única,este,32511
2025-05-15,15,5,2025,CORRIENTES AV. 5220,-58.439127,-34.59969,Comuna 15,4,calle_avenida,única,este,33062
2025-05-22,22,5,2025,CORRIENTES AV. 5220,-58.439127,-34.59969,Comuna 15,4,calle_avenida,única,este,33322
2025-05-29,29,5,2025,CORRIENTES AV. 5220,-58.439127,-34.59969,Comuna 15,4,calle_avenida,única,este,32785
2025-06-05,5,6,2025,CORRIENTES AV. 5220,-58.439127,-34.59969,Comuna 15,4,calle_avenida,única,este,32481
2025-06-12,12,6,2025,CORRIENTES AV. 5220,-58.439127,-34.59969,Comuna 15,4,calle_avenida,única,este,29483
2025-06-19,19,6,2025,CORRIENTES AV. 5220,-58.439127,-34.59969,Comuna 15,4,calle_avenida,única,este,31458
2025-06-26,26,6,2025,CORRIENTES AV. 5220,-58.439127,-34.59969,Comuna 15,4,calle_avenida,única,este,30978
2025-07-03,3,7,2025,CORRIENTES AV. 5220,-58.439127,-34.59969,Comuna 15,4,calle_avenida,única,este,30086
2025-07-10,10,7,2025,CORRIENTES AV. 5220,-58.439127,-34.59969,Comuna 15,4,calle_avenida,única,este,28464
2025-07-17,17,7,2025,CORRIENTES AV. 5220,-58.439127,-34.59969,Comuna 15,4,calle_avenida,única,este,30086
2025-07-24,24,7,2025,CORRIENTES AV. 5220,-58.439127,-34.59969,Comuna 15,4,calle_avenida,única,este,30894
2025-07-31,31,7,2025,CORRIENTES AV. 5220,-58.439127,-34.59969,Comuna 15,4,calle_avenida,única,este,31076
2025-01-03,3,1,2025,VERTIZ VIRREY AV. 2010,-58.449507,-34.559083,Comuna 13,3,calle_avenida,doble,sur,5819
2025-01-10,10,1,2025,VERTIZ VIRREY AV. 2010,-58.449507,-34.559083,Comuna 13,3,calle_avenida,doble,sur,5848
2025-01-17,17,1,2025,VERTIZ VIRREY AV. 2010,-58.449507,-34.559083,Comuna 13,3,calle_avenida,doble,sur,5565
2025-01-24,24,1,2025,VERTIZ VIRREY AV. 2010,-58.449507,-34.559083,Comuna 13,3,calle_avenida,doble,sur,4654
2025-01-31,31,1,2025,VERTIZ VIRREY AV. 2010,-58.449507,-34.559083,Comuna 13,3,calle_avenida,doble,sur,6167
2025-02-07,7,2,2025,VERTIZ VIRREY AV. 2010,-58.449507,-34.559083,Comuna 13,3,calle_avenida,doble,sur,6547
2025-02-14,14,2,2025,VERTIZ VIRREY AV. 2010,-58.449507,-34.559083,Comuna 13,3,calle_avenida,doble,sur,6445
2025-02-21,21,2,2025,VERTIZ VIRREY AV. 2010,-58.449507,-34.559083,Comuna 13,3,calle_avenida,doble,sur,6843
2025-02-28,28,2,2025,VERTIZ VIRREY AV. 2010,-58.449507,-34.559083,Comuna 13,3,calle_avenida,doble,sur,7244
2025-03-06,6,3,2025,VERTIZ VIRREY AV. 2010,-58.449507,-34.559083,Comuna 13,3,calle_avenida,doble,sur,7677
2025-03-13,13,3,2025,VERTIZ VIRREY AV. 2010,-58.449507,-34.559083,Comuna 13,3,calle_avenida,doble,sur,8139
2025-03-20,20,3,2025,VERTIZ VIRREY AV. 2010,-58.449507,-34.559083,Comuna 13,3,calle_avenida,doble,sur,836
2025-03-27,27,3,2025,VERTIZ VIRREY AV. 2010,-58.449507,-34.559083,Comuna 13,3,calle_avenida,doble,sur,8108
2025-04-03,3,4,2025,VERTIZ VIRREY AV. 2010,-58.449507,-34.559083,Comuna 13,3,calle_avenida,doble,sur,7706
2025-04-10,10,4,2025,VERTIZ VIRREY AV. 2010,-58.449507,-34.559083,Comuna 13,3,calle_avenida,doble,sur,8909
2025-04-17,17,4,2025,VERTIZ VIRREY AV. 2010,-58.449507,-34.559083,Comuna 13,3,calle_avenida,doble,sur,8012
2025-04-24,24,4,2025,VERTIZ VIRREY AV. 2010,-58.449507,-34.559083,Comuna 13,3,calle_avenida,doble,sur,7426
2025-05-01,1,5,2025,VERTIZ VIRREY AV. 2010,-58.449507,-34.559083,Comuna 13,3,calle_avenida,doble,sur,4643
2025-05-08,8,5,2025,VERTIZ VIRREY AV. 2010,-58.449507,-34.559083,Comuna 13,3,calle_avenida,doble,sur,8594
2025-05-15,15,5,2025,VERTIZ VIRREY AV. 2010,-58.449507,-34.559083,Comuna 13,3,calle_avenida,doble,sur,8013
2025-05-22,22,5,2025,VERTIZ VIRREY AV. 2010,-58.449507,-34.559083,Comuna 13,3,calle_avenida,doble,sur,8780
2025-05-29,29,5,2025,VERTIZ VIRREY AV. 2010,-58.449507,-34.559083,Comuna 13,3,calle_avenida,doble,sur,8289
2025-06-05,5,6,2025,VERTIZ VIRREY AV. 2010,-58.449507,-34.559083,Comuna 13,3,calle_avenida,doble,sur,8939
2025-06-12,12,6,2025,VERTIZ VIRREY AV. 2010,-58.449507,-34.559083,Comuna 13,3,calle_avenida,doble,sur,8445
2025-06-19,19,6,2025,VERTIZ VIRREY AV. 2010,-58.449507,-34.559083,Comuna 13,3,calle_avenida,doble,sur,8261
2025-06-26,26,6,2025,VERTIZ VIRREY AV. 2010,-58.449507,-34.559083,Comuna 13,3,calle_avenida,doble,sur,8136
2025-07-03,3,7,2025,VERTIZ VIRREY AV. 2010,-58.449507,-34.559083,Comuna 13,3,calle_avenida,doble,sur,8193
2025-07-10,10,7,2025,VERTIZ VIRREY AV. 2010,-58.449507,-34.559083,Comuna 13,3,calle_avenida,doble,sur,7347
2025-07-17,17,7,2025,VERTIZ VIRREY AV. 2010,-58.449507,-34.559083,Comuna 13,3,calle_avenida,doble,sur,7078
2025-07-24,24,7,2025,VERTIZ VIRREY AV. 2010,-58.449507,-34.559083,Comuna 13,3,calle_avenida,doble,sur,7225
2025-07-31,31,7,2025,VERTIZ VIRREY AV. 2010,-58.449507,-34.559083,Comuna 13,3,calle_avenida,doble,sur,8247
2025-01-03,3,1,2025,VARELA AV. 2779,-58.438057,-34.655973,Comuna 8,3,calle_avenida,doble,sur,2540
2025-01-10,10,1,2025,VARELA AV. 2779,-58.438057,-34.655973,Comuna 8,3,calle_avenida,doble,sur,2641
2025-01-17,17,1,2025,VARELA AV. 2779,-58.438057,-34.655973,Comuna 8,3,calle_avenida,doble,sur,2505
2025-01-24,24,1,2025,VARELA AV. 2779,-58.438057,-34.655973,Comuna 8,3,calle_avenida,doble,sur,2034
2025-01-31,31,1,2025,VARELA AV. 2779,-58.438057,-34.655973,Comuna 8,3,calle_avenida,doble,sur,2760
2025-02-07,7,2,2025,VARELA AV. 2779,-58.438057,-34.655973,Comuna 8,3,calle_avenida,doble,sur,3099
2025-02-14,14,2,2025,VARELA AV. 2779,-58.438057,-34.655973,Comuna 8,3,calle_avenida,doble,sur,2665
2025-02-21,21,2,2025,VARELA AV. 2779,-58.438057,-34.655973,Comuna 8,3,calle_avenida,doble,sur,2805
2025-03-06,6,3,2025,VARELA AV. 2779,-58.438057,-34.655973,Comuna 8,3,calle_avenida,doble,sur,3464
2025-03-13,13,3,2025,VARELA AV. 2779,-58.438057,-34.655973,Comuna 8,3,calle_avenida,doble,sur,2890
2025-03-20,20,3,2025,VARELA AV. 2779,-58.438057,-34.655973,Comuna 8,3,calle_avenida,doble,sur,2306
2025-04-24,24,4,2025,VARELA AV. 2779,-58.438057,-34.655973,Comuna 8,3,calle_avenida,doble,sur,3371
2025-05-01,1,5,2025,VARELA AV. 2779,-58.438057,-34.655973,Comuna 8,3,calle_avenida,doble,sur,1268
2025-05-08,8,5,2025,VARELA AV. 2779,-58.438057,-34.655973,Comuna 8,3,calle_avenida,doble,sur,3786
2025-05-15,15,5,2025,VARELA AV. 2779,-58.438057,-34.655973,Comuna 8,3,calle_avenida,doble,sur,3351
2025-05-22,22,5,2025,VARELA AV. 2779,-58.438057,-34.655973,Comuna 8,3,calle_avenida,doble,sur,3259
2025-05-29,29,5,2025,VARELA AV. 2779,-58.438057,-34.655973,Comuna 8,3,calle_avenida,doble,sur,3285
2025-06-05,5,6,2025,VARELA AV. 2779,-58.438057,-34.655973,Comuna 8,3,calle_avenida,doble,sur,3184
2025-06-12,12,6,2025,VARELA AV. 2779,-58.438057,-34.655973,Comuna 8,3,calle_avenida,doble,sur,3103
2025-06-19,19,6,2025,VARELA AV. 2779,-58.438057,-34.655973,Comuna 8,3,calle_avenida,doble,sur,3239
2025-06-26,26,6,2025,VARELA AV. 2779,-58.438057,-34.655973,Comuna 8,3,calle_avenida,doble,sur,3023
2025-07-03,3,7,2025,VARELA AV. 2779,-58.438057,-34.655973,Comuna 8,3,calle_avenida,doble,sur,3181
2025-07-10,10,7,2025,VARELA AV. 2779,-58.438057,-34.655973,Comuna 8,3,calle_avenida,doble,sur,3157
2025-07-17,17,7,2025,VARELA AV. 2779,-58.438057,-34.655973,Comuna 8,3,calle_avenida,doble,sur,2728
2025-07-24,24,7,2025,VARELA AV. 2779,-58.438057,-34.655973,Comuna 8,3,calle_avenida,doble,sur,2658
2025-07-31,31,7,2025,VARELA AV. 2779,-58.438057,-34.655973,Comuna 8,3,calle_avenida,doble,sur,3319
2025-01-03,3,1,2025,RIVADAVIA AV. 10524,-58.511786,-34.639436,Comuna 9,3,calle_avenida,doble,este,8073
2025-01-10,10,1,2025,RIVADAVIA AV. 10524,-58.511786,-34.639436,Comuna 9,3,calle_avenida,doble,este,7343
2025-01-17,17,1,2025,RIVADAVIA AV. 10524,-58.511786,-34.639436,Comuna 9,3,calle_avenida,doble,este,7436
2025-01-24,24,1,2025,RIVADAVIA AV. 10524,-58.511786,-34.639436,Comuna 9,3,calle_avenida,doble,este,6332
2025-01-31,31,1,2025,RIVADAVIA AV. 10524,-58.511786,-34.639436,Comuna 9,3,calle_avenida,doble,este,7271
2025-02-07,7,2,2025,RIVADAVIA AV. 10524,-58.511786,-34.639436,Comuna 9,3,calle_avenida,doble,este,8946
2025-02-14,14,2,2025,RIVADAVIA AV. 10524,-58.511786,-34.639436,Comuna 9,3,calle_avenida,doble,este,7568
2025-02-21,21,2,2025,RIVADAVIA AV. 10524,-58.511786,-34.639436,Comuna 9,3,calle_avenida,doble,este,7197
2025-02-28,28,2,2025,RIVADAVIA AV. 10524,-58.511786,-34.639436,Comuna 9,3,calle_avenida,doble,este,6144
2025-03-06,6,3,2025,RIVADAVIA AV. 10524,-58.511786,-34.639436,Comuna 9,3,calle_avenida,doble,este,5640
2025-03-13,13,3,2025,RIVADAVIA AV. 10524,-58.511786,-34.639436,Comuna 9,3,calle_avenida,doble,este,6503
2025-03-20,20,3,2025,RIVADAVIA AV. 10524,-58.511786,-34.639436,Comuna 9,3,calle_avenida,doble,este,5433
2025-03-27,27,3,2025,RIVADAVIA AV. 10524,-58.511786,-34.639436,Comuna 9,3,calle_avenida,doble,este,6698
2025-04-03,3,4,2025,RIVADAVIA AV. 10524,-58.511786,-34.639436,Comuna 9,3,calle_avenida,doble,este,7067
2025-04-10,10,4,2025,RIVADAVIA AV. 10524,-58.511786,-34.639436,Comuna 9,3,calle_avenida,doble,este,7072
2025-04-17,17,4,2025,RIVADAVIA AV. 10524,-58.511786,-34.639436,Comuna 9,3,calle_avenida,doble,este,8494
2025-04-24,24,4,2025,RIVADAVIA AV. 10524,-58.511786,-34.639436,Comuna 9,3,calle_avenida,doble,este,6722
2025-05-01,1,5,2025,RIVADAVIA AV. 10524,-58.511786,-34.639436,Comuna 9,3,calle_avenida,doble,este,4858
2025-05-08,8,5,2025,RIVADAVIA AV. 10524,-58.511786,-34.639436,Comuna 9,3,calle_avenida,doble,este,7116
2025-05-15,15,5,2025,RIVADAVIA AV. 10524,-58.511786,-34.639436,Comuna 9,3,calle_avenida,doble,este,7175
2025-05-22,22,5,2025,RIVADAVIA AV. 10524,-58.511786,-34.639436,Comuna 9,3,calle_avenida,doble,este,7510
2025-05-29,29,5,2025,RIVADAVIA AV. 10524,-58.511786,-34.639436,Comuna 9,3,calle_avenida,doble,este,7567
2025-06-05,5,6,2025,RIVADAVIA AV. 10524,-58.511786,-34.639436,Comuna 9,3,calle_avenida,doble,este,8908
2025-06-12,12,6,2025,RIVADAVIA AV. 10524,-58.511786,-34.639436,Comuna 9,3,calle_avenida,doble,este,8915
2025-06-19,19,6,2025,RIVADAVIA AV. 10524,-58.511786,-34.639436,Comuna 9,3,calle_avenida,doble,este,8794
2025-06-26,26,6,2025,RIVADAVIA AV. 10524,-58.511786,-34.639436,Comuna 9,3,calle_avenida,doble,este,8448
2025-07-03,3,7,2025,RIVADAVIA AV. 10524,-58.511786,-34.639436,Comuna 9,3,calle_avenida,doble,este,8593
2025-07-10,10,7,2025,RIVADAVIA AV. 10524,-58.511786,-34.639436,Comuna 9,3,calle_avenida,doble,este,7922
2025-07-17,17,7,2025,RIVADAVIA AV. 10524,-58.511786,-34.639436,Comuna 9,3,calle_avenida,doble,este,8187
2025-07-24,24,7,2025,RIVADAVIA AV. 10524,-58.511786,-34.639436,Comuna 9,3,calle_avenida,doble,este,8030
2025-07-31,31,7,2025,RIVADAVIA AV. 10524,-58.511786,-34.639436,Comuna 9,3,calle_avenida,doble,este,9205
2025-01-03,3,1,2025,SAN MARTIN AV. 1844,-58.454414,-34.605652,Comuna 6,3,calle_avenida,doble,este,16365
2025-01-10,10,1,2025,SAN MARTIN AV. 1844,-58.454414,-34.605652,Comuna 6,3,calle_avenida,doble,este,16760
2025-01-17,17,1,2025,SAN MARTIN AV. 1844,-58.454414,-34.605652,Comuna 6,3,calle_avenida,doble,este,17006
2025-01-24,24,1,2025,SAN MARTIN AV. 1844,-58.454414,-34.605652,Comuna 6,3,calle_avenida,doble,este,15135
2025-01-31,31,1,2025,SAN MARTIN AV. 1844,-58.454414,-34.605652,Comuna 6,3,calle_avenida,doble,este,17192
2025-02-07,7,2,2025,SAN MARTIN AV. 1844,-58.454414,-34.605652,Comuna 6,3,calle_avenida,doble,este,17897
2025-02-14,14,2,2025,SAN MARTIN AV. 1844,-58.454414,-34.605652,Comuna 6,3,calle_avenida,doble,este,17801
2025-02-21,21,2,2025,SAN MARTIN AV. 1844,-58.454414,-34.605652,Comuna 6,3,calle_avenida,doble,este,17788
2025-02-28,28,2,2025,SAN MARTIN AV. 1844,-58.454414,-34.605652,Comuna 6,3,calle_avenida,doble,este,18068
2025-03-06,6,3,2025,SAN MARTIN AV. 1844,-58.454414,-34.605652,Comuna 6,3,calle_avenida,doble,este,18375
2025-03-13,13,3,2025,SAN MARTIN AV. 1844,-58.454414,-34.605652,Comuna 6,3,calle_avenida,doble,este,17731
2025-03-20,20,3,2025,SAN MARTIN AV. 1844,-58.454414,-34.605652,Comuna 6,3,calle_avenida,doble,este,15179
2025-03-27,27,3,2025,SAN MARTIN AV. 1844,-58.454414,-34.605652,Comuna 6,3,calle_avenida,doble,este,18301
2025-04-03,3,4,2025,SAN MARTIN AV. 1844,-58.454414,-34.605652,Comuna 6,3,calle_avenida,doble,este,13002
2025-04-10,10,4,2025,SAN MARTIN AV. 1844,-58.454414,-34.605652,Comuna 6,3,calle_avenida,doble,este,15240
2025-04-17,17,4,2025,SAN MARTIN AV. 1844,-58.454414,-34.605652,Comuna 6,3,calle_avenida,doble,este,15013
2025-04-24,24,4,2025,SAN MARTIN AV. 1844,-58.454414,-34.605652,Comuna 6,3,calle_avenida,doble,este,15527
2025-05-01,1,5,2025,SAN MARTIN AV. 1844,-58.454414,-34.605652,Comuna 6,3,calle_avenida,doble,este,10397
2025-05-08,8,5,2025,SAN MARTIN AV. 1844,-58.454414,-34.605652,Comuna 6,3,calle_avenida,doble,este,15538
2025-05-15,15,5,2025,SAN MARTIN AV. 1844,-58.454414,-34.605652,Comuna 6,3,calle_avenida,doble,este,15306
2025-05-22,22,5,2025,SAN MARTIN AV. 1844,-58.454414,-34.605652,Comuna 6,3,calle_avenida,doble,este,14983
2025-05-29,29,5,2025,SAN MARTIN AV. 1844,-58.454414,-34.605652,Comuna 6,3,calle_avenida,doble,este,14546
2025-06-05,5,6,2025,SAN MARTIN AV. 1844,-58.454414,-34.605652,Comuna 6,3,calle_avenida,doble,este,17746
2025-06-12,12,6,2025,SAN MARTIN AV. 1844,-58.454414,-34.605652,Comuna 6,3,calle_avenida,doble,este,16649
2025-06-19,19,6,2025,SAN MARTIN AV. 1844,-58.454414,-34.605652,Comuna 6,3,calle_avenida,doble,este,18841
2025-06-26,26,6,2025,SAN MARTIN AV. 1844,-58.454414,-34.605652,Comuna 6,3,calle_avenida,doble,este,17440
2025-07-03,3,7,2025,SAN MARTIN AV. 1844,-58.454414,-34.605652,Comuna 6,3,calle_avenida,doble,este,17879
2025-07-10,10,7,2025,SAN MARTIN AV. 1844,-58.454414,-34.605652,Comuna 6,3,calle_avenida,doble,este,17171
2025-07-17,17,7,2025,SAN MARTIN AV. 1844,-58.454414,-34.605652,Comuna 6,3,calle_avenida,doble,este,17443
2025-07-24,24,7,2025,SAN MARTIN AV. 1844,-58.454414,-34.605652,Comuna 6,3,calle_avenida,doble,este,16432
2025-07-31,31,7,2025,SAN MARTIN AV. 1844,-58.454414,-34.605652,Comuna 6,3,calle_avenida,doble,este,17600
2025-01-03,3,1,2025,CORRIENTES AV. 6210,-58.448402,-34.591075,Comuna 15,4,calle_avenida,única,este,16986
2025-01-10,10,1,2025,CORRIENTES AV. 6210,-58.448402,-34.591075,Comuna 15,4,calle_avenida,única,este,17040
2025-01-17,17,1,2025,CORRIENTES AV. 6210,-58.448402,-34.591075,Comuna 15,4,calle_avenida,única,este,16245
2025-01-24,24,1,2025,CORRIENTES AV. 6210,-58.448402,-34.591075,Comuna 15,4,calle_avenida,única,este,14555
2025-01-31,31,1,2025,CORRIENTES AV. 6210,-58.448402,-34.591075,Comuna 15,4,calle_avenida,única,este,18462
2025-02-07,7,2,2025,CORRIENTES AV. 6210,-58.448402,-34.591075,Comuna 15,4,calle_avenida,única,este,21264
2025-02-14,14,2,2025,CORRIENTES AV. 6210,-58.448402,-34.591075,Comuna 15,4,calle_avenida,única,este,18821
2025-02-21,21,2,2025,CORRIENTES AV. 6210,-58.448402,-34.591075,Comuna 15,4,calle_avenida,única,este,18465
2025-02-28,28,2,2025,CORRIENTES AV. 6210,-58.448402,-34.591075,Comuna 15,4,calle_avenida,única,este,18224
2025-03-06,6,3,2025,CORRIENTES AV. 6210,-58.448402,-34.591075,Comuna 15,4,calle_avenida,única,este,18623
2025-03-13,13,3,2025,CORRIENTES AV. 6210,-58.448402,-34.591075,Comuna 15,4,calle_avenida,única,este,17677
2025-03-20,20,3,2025,CORRIENTES AV. 6210,-58.448402,-34.591075,Comuna 15,4,calle_avenida,única,este,13529
2025-03-27,27,3,2025,CORRIENTES AV. 6210,-58.448402,-34.591075,Comuna 15,4,calle_avenida,única,este,23490
2025-04-03,3,4,2025,CORRIENTES AV. 6210,-58.448402,-34.591075,Comuna 15,4,calle_avenida,única,este,21162
2025-04-10,10,4,2025,CORRIENTES AV. 6210,-58.448402,-34.591075,Comuna 15,4,calle_avenida,única,este,23089
2025-04-17,17,4,2025,CORRIENTES AV. 6210,-58.448402,-34.591075,Comuna 15,4,calle_avenida,única,este,21658
2025-04-24,24,4,2025,CORRIENTES AV. 6210,-58.448402,-34.591075,Comuna 15,4,calle_avenida,única,este,22630
2025-05-01,1,5,2025,CORRIENTES AV. 6210,-58.448402,-34.591075,Comuna 15,4,calle_avenida,única,este,17047
2025-05-08,8,5,2025,CORRIENTES AV. 6210,-58.448402,-34.591075,Comuna 15,4,calle_avenida,única,este,21444
2025-05-15,15,5,2025,CORRIENTES AV. 6210,-58.448402,-34.591075,Comuna 15,4,calle_avenida,única,este,22109
2025-05-22,22,5,2025,CORRIENTES AV. 6210,-58.448402,-34.591075,Comuna 15,4,calle_avenida,única,este,21775
2025-05-29,29,5,2025,CORRIENTES AV. 6210,-58.448402,-34.591075,Comuna 15,4,calle_avenida,única,este,22082
2025-06-05,5,6,2025,CORRIENTES AV. 6210,-58.448402,-34.591075,Comuna 15,4,calle_avenida,única,este,21172
2025-06-12,12,6,2025,CORRIENTES AV. 6210,-58.448402,-34.591075,Comuna 15,4,calle_avenida,única,este,20738
2025-06-19,19,6,2025,CORRIENTES AV. 6210,-58.448402,-34.591075,Comuna 15,4,calle_avenida,única,este,21111
2025-06-26,26,6,2025,CORRIENTES AV. 6210,-58.448402,-34.591075,Comuna 15,4,calle_avenida,única,este,20046
2025-07-03,3,7,2025,CORRIENTES AV. 6210,-58.448402,-34.591075,Comuna 15,4,calle_avenida,única,este,19371
2025-07-10,10,7,2025,CORRIENTES AV. 6210,-58.448402,-34.591075,Comuna 15,4,calle_avenida,única,este,19853
2025-07-17,17,7,2025,CORRIENTES AV. 6210,-58.448402,-34.591075,Comuna 15,4,calle_avenida,única,este,19943
2025-07-24,24,7,2025,CORRIENTES AV. 6210,-58.448402,-34.591075,Comuna 15,4,calle_avenida,única,este,19945
2025-07-31,31,7,2025,CORRIENTES AV. 6210,-58.448402,-34.591075,Comuna 15,4,calle_avenida,única,este,20670
2025-01-03,3,1,2025,OLIVERA AV. 187,-58.487032,-34.637596,Comuna 10,2,calle_avenida,doble,sur,4739
2025-01-10,10,1,2025,OLIVERA AV. 187,-58.487032,-34.637596,Comuna 10,2,calle_avenida,doble,sur,4573
2025-01-17,17,1,2025,OLIVERA AV. 187,-58.487032,-34.637596,Comuna 10,2,calle_avenida,doble,sur,4419
2025-01-24,24,1,2025,OLIVERA AV. 187,-58.487032,-34.637596,Comuna 10,2,calle_avenida,doble,sur,3747
2025-01-31,31,1,2025,OLIVERA AV. 187,-58.487032,-34.637596,Comuna 10,2,calle_avenida,doble,sur,4789
2025-02-07,7,2,2025,OLIVERA AV. 187,-58.487032,-34.637596,Comuna 10,2,calle_avenida,doble,sur,5121
2025-02-14,14,2,2025,OLIVERA AV. 187,-58.487032,-34.637596,Comuna 10,2,calle_avenida,doble,sur,4695
2025-02-21,21,2,2025,OLIVERA AV. 187,-58.487032,-34.637596,Comuna 10,2,calle_avenida,doble,sur,4422
2025-02-28,28,2,2025,OLIVERA AV. 187,-58.487032,-34.637596,Comuna 10,2,calle_avenida,doble,sur,4500
2025-03-06,6,3,2025,OLIVERA AV. 187,-58.487032,-34.637596,Comuna 10,2,calle_avenida,doble,sur,4718
2025-03-13,13,3,2025,OLIVERA AV. 187,-58.487032,-34.637596,Comuna 10,2,calle_avenida,doble,sur,3260
2025-03-20,20,3,2025,OLIVERA AV. 187,-58.487032,-34.637596,Comuna 10,2,calle_avenida,doble,sur,1216
2025-03-27,27,3,2025,OLIVERA AV. 187,-58.487032,-34.637596,Comuna 10,2,calle_avenida,doble,sur,5690
2025-04-03,3,4,2025,OLIVERA AV. 187,-58.487032,-34.637596,Comuna 10,2,calle_avenida,doble,sur,5139
2025-04-10,10,4,2025,OLIVERA AV. 187,-58.487032,-34.637596,Comuna 10,2,calle_avenida,doble,sur,6463
2025-04-17,17,4,2025,OLIVERA AV. 187,-58.487032,-34.637596,Comuna 10,2,calle_avenida,doble,sur,5942
2025-04-24,24,4,2025,OLIVERA AV. 187,-58.487032,-34.637596,Comuna 10,2,calle_avenida,doble,sur,5930
2025-05-01,1,5,2025,OLIVERA AV. 187,-58.487032,-34.637596,Comuna 10,2,calle_avenida,doble,sur,2832
2025-05-08,8,5,2025,OLIVERA AV. 187,-58.487032,-34.637596,Comuna 10,2,calle_avenida,doble,sur,6519
2025-05-15,15,5,2025,OLIVERA AV. 187,-58.487032,-34.637596,Comuna 10,2,calle_avenida,doble,sur,6350
2025-05-22,22,5,2025,OLIVERA AV. 187,-58.487032,-34.637596,Comuna 10,2,calle_avenida,doble,sur,5926
2025-05-29,29,5,2025,OLIVERA AV. 187,-58.487032,-34.637596,Comuna 10,2,calle_avenida,doble,sur,5721
2025-06-05,5,6,2025,OLIVERA AV. 187,-58.487032,-34.637596,Comuna 10,2,calle_avenida,doble,sur,5654
2025-06-12,12,6,2025,OLIVERA AV. 187,-58.487032,-34.637596,Comuna 10,2,calle_avenida,doble,sur,5574
2025-06-19,19,6,2025,OLIVERA AV. 187,-58.487032,-34.637596,Comuna 10,2,calle_avenida,doble,sur,5804
2025-06-26,26,6,2025,OLIVERA AV. 187,-58.487032,-34.637596,Comuna 10,2,calle_avenida,doble,sur,5475
2025-07-03,3,7,2025,OLIVERA AV. 187,-58.487032,-34.637596,Comuna 10,2,calle_avenida,doble,sur,5638
2025-07-10,10,7,2025,OLIVERA AV. 187,-58.487032,-34.637596,Comuna 10,2,calle_avenida,doble,sur,5437
2025-07-17,17,7,2025,OLIVERA AV. 187,-58.487032,-34.637596,Comuna 10,2,calle_avenida,doble,sur,5468
2025-07-24,24,7,2025,OLIVERA AV. 187,-58.487032,-34.637596,Comuna 10,2,calle_avenida,doble,sur,5032
2025-07-31,31,7,2025,OLIVERA AV. 187,-58.487032,-34.637596,Comuna 10,2,calle_avenida,doble,sur,5430
2025-01-03,3,1,2025,VEDIA 3438,-58.86039,-34.544242,Comuna 12,4,calle_avenida,única,este,10868
2025-01-10,10,1,2025,VEDIA 3438,-58.86039,-34.544242,Comuna 12,4,calle_avenida,única,este,12061
2025-01-17,17,1,2025,VEDIA 3438,-58.86039,-34.544242,Comuna 12,4,calle_avenida,única,este,10594
2025-01-24,24,1,2025,VEDIA 3438,-58.86039,-34.544242,Comuna 12,4,calle_avenida,única,este,8329
2025-01-31,31,1,2025,VEDIA 3438,-58.86039,-34.544242,Comuna 12,4,calle_avenida,única,este,11455
2025-02-07,7,2,2025,VEDIA 3438,-58.86039,-34.544242,Comuna 12,4,calle_avenida,única,este,12503
2025-02-21,21,2,2025,VEDIA 3438,-58.86039,-34.544242,Comuna 12,4,calle_avenida,única,este,13705
2025-02-28,28,2,2025,VEDIA 3438,-58.86039,-34.544242,Comuna 12,4,calle_avenida,única,este,12670
2025-03-06,6,3,2025,VEDIA 3438,-58.86039,-34.544242,Comuna 12,4,calle_avenida,única,este,13687
2025-03-13,13,3,2025,VEDIA 3438,-58.86039,-34.544242,Comuna 12,4,calle_avenida,única,este,11907
2025-03-20,20,3,2025,VEDIA 3438,-58.86039,-34.544242,Comuna 12,4,calle_avenida,única,este,10537
2025-03-27,27,3,2025,VEDIA 3438,-58.86039,-34.544242,Comuna 12,4,calle_avenida,única,este,15891
2025-04-03,3,4,2025,VEDIA 3438,-58.86039,-34.544242,Comuna 12,4,calle_avenida,única,este,11734
2025-04-10,10,4,2025,VEDIA 3438,-58.86039,-34.544242,Comuna 12,4,calle_avenida,única,este,12523
2025-04-17,17,4,2025,VEDIA 3438,-58.86039,-34.544242,Comuna 12,4,calle_avenida,única,este,11824
2025-04-24,24,4,2025,VEDIA 3438,-58.86039,-34.544242,Comuna 12,4,calle_avenida,única,este,11114
2025-05-01,1,5,2025,VEDIA 3438,-58.86039,-34.544242,Comuna 12,4,calle_avenida,única,este,5272
2025-05-08,8,5,2025,VEDIA 3438,-58.86039,-34.544242,Comuna 12,4,calle_avenida,única,este,13301
2025-05-15,15,5,2025,VEDIA 3438,-58.86039,-34.544242,Comuna 12,4,calle_avenida,única,este,10583
2025-05-22,22,5,2025,VEDIA 3438,-58.86039,-34.544242,Comuna 12,4,calle_avenida,única,este,12021
2025-05-29,29,5,2025,VEDIA 3438,-58.86039,-34.544242,Comuna 12,4,calle_avenida,única,este,13124
2025-06-05,5,6,2025,VEDIA 3438,-58.86039,-34.544242,Comuna 12,4,calle_avenida,única,este,13367
2025-06-12,12,6,2025,VEDIA 3438,-58.86039,-34.544242,Comuna 12,4,calle_avenida,única,este,13804
2025-06-19,19,6,2025,VEDIA 3438,-58.86039,-34.544242,Comuna 12,4,calle_avenida,única,este,13122
2025-06-26,26,6,2025,VEDIA 3438,-58.86039,-34.544242,Comuna 12,4,calle_avenida,única,este,12968
2025-07-03,3,7,2025,VEDIA 3438,-58.86039,-34.544242,Comuna 12,4,calle_avenida,única,este,11332
2025-07-10,10,7,2025,VEDIA 3438,-58.86039,-34.544242,Comuna 12,4,calle_avenida,única,este,10545
2025-07-17,17,7,2025,VEDIA 3438,-58.86039,-34.544242,Comuna 12,4,calle_avenida,única,este,10773
2025-07-24,24,7,2025,VEDIA 3438,-58.86039,-34.544242,Comuna 12,4,calle_avenida,única,este,12719
2025-07-31,31,7,2025,VEDIA 3438,-58.86039,-34.544242,Comuna 12,4,calle_avenida,única,este,13773
2025-01-03,3,1,2025,BELGRANO AV. 324,-58.370911,-34.61249,Comuna 1,4,calle_avenida,única,este,14012
2025-01-10,10,1,2025,BELGRANO AV. 324,-58.370911,-34.61249,Comuna 1,4,calle_avenida,única,este,13697
2025-01-17,17,1,2025,BELGRANO AV. 324,-58.370911,-34.61249,Comuna 1,4,calle_avenida,única,este,12072
2025-01-24,24,1,2025,BELGRANO AV. 324,-58.370911,-34.61249,Comuna 1,4,calle_avenida,única,este,8407
2025-01-31,31,1,2025,BELGRANO AV. 324,-58.370911,-34.61249,Comuna 1,4,calle_avenida,única,este,13256
2025-02-07,7,2,2025,BELGRANO AV. 324,-58.370911,-34.61249,Comuna 1,4,calle_avenida,única,este,15615
2025-02-14,14,2,2025,BELGRANO AV. 324,-58.370911,-34.61249,Comuna 1,4,calle_avenida,única,este,14506
2025-02-21,21,2,2025,BELGRANO AV. 324,-58.370911,-34.61249,Comuna 1,4,calle_avenida,única,este,12263
2025-02-28,28,2,2025,BELGRANO AV. 324,-58.370911,-34.61249,Comuna 1,4,calle_avenida,única,este,12396
2025-03-06,6,3,2025,BELGRANO AV. 324,-58.370911,-34.61249,Comuna 1,4,calle_avenida,única,este,15318
2025-03-13,13,3,2025,BELGRANO AV. 324,-58.370911,-34.61249,Comuna 1,4,calle_avenida,única,este,16530
2025-03-20,20,3,2025,BELGRANO AV. 324,-58.370911,-34.61249,Comuna 1,4,calle_avenida,única,este,13316
2025-03-27,27,3,2025,BELGRANO AV. 324,-58.370911,-34.61249,Comuna 1,4,calle_avenida,única,este,18487
2025-04-03,3,4,2025,BELGRANO AV. 324,-58.370911,-34.61249,Comuna 1,4,calle_avenida,única,este,15703
2025-04-10,10,4,2025,BELGRANO AV. 324,-58.370911,-34.61249,Comuna 1,4,calle_avenida,única,este,16897
2025-04-17,17,4,2025,BELGRANO AV. 324,-58.370911,-34.61249,Comuna 1,4,calle_avenida,única,este,17143
2025-04-24,24,4,2025,BELGRANO AV. 324,-58.370911,-34.61249,Comuna 1,4,calle_avenida,única,este,16419
2025-05-01,1,5,2025,BELGRANO AV. 324,-58.370911,-34.61249,Comuna 1,4,calle_avenida,única,este,5445
2025-05-08,8,5,2025,BELGRANO AV. 324,-58.370911,-34.61249,Comuna 1,4,calle_avenida,única,este,16450
2025-05-15,15,5,2025,BELGRANO AV. 324,-58.370911,-34.61249,Comuna 1,4,calle_avenida,única,este,17233
2025-05-22,22,5,2025,BELGRANO AV. 324,-58.370911,-34.61249,Comuna 1,4,calle_avenida,única,este,16682
2025-05-29,29,5,2025,BELGRANO AV. 324,-58.370911,-34.61249,Comuna 1,4,calle_avenida,única,este,15792
2025-06-05,5,6,2025,BELGRANO AV. 324,-58.370911,-34.61249,Comuna 1,4,calle_avenida,única,este,16400
2025-06-12,12,6,2025,BELGRANO AV. 324,-58.370911,-34.61249,Comuna 1,4,calle_avenida,única,este,12914
2025-06-19,19,6,2025,BELGRANO AV. 324,-58.370911,-34.61249,Comuna 1,4,calle_avenida,única,este,17374
2025-06-26,26,6,2025,BELGRANO AV. 324,-58.370911,-34.61249,Comuna 1,4,calle_avenida,única,este,16098
2025-07-03,3,7,2025,BELGRANO AV. 324,-58.370911,-34.61249,Comuna 1,4,calle_avenida,única,este,16753
2025-07-10,10,7,2025,BELGRANO AV. 324,-58.370911,-34.61249,Comuna 1,4,calle_avenida,única,este,16285
2025-07-17,17,7,2025,BELGRANO AV. 324,-58.370911,-34.61249,Comuna 1,4,calle_avenida,única,este,15807
2025-07-24,24,7,2025,BELGRANO AV. 324,-58.370911,-34.61249,Comuna 1,4,calle_avenida,única,este,15240
2025-07-31,31,7,2025,BELGRANO AV. 324,-58.370911,-34.61249,Comuna 1,4,calle_avenida,única,este,15888
2025-01-03,3,1,2025,RIVADAVIA AV. 6626,-58.459176,-34.62777,Comuna 7,2,calle_avenida,doble,este,8657
2025-01-10,10,1,2025,RIVADAVIA AV. 6626,-58.459176,-34.62777,Comuna 7,2,calle_avenida,doble,este,8829
2025-01-17,17,1,2025,RIVADAVIA AV. 6626,-58.459176,-34.62777,Comuna 7,2,calle_avenida,doble,este,6115
2025-01-24,24,1,2025,RIVADAVIA AV. 6626,-58.459176,-34.62777,Comuna 7,2,calle_avenida,doble,este,5824
2025-01-31,31,1,2025,RIVADAVIA AV. 6626,-58.459176,-34.62777,Comuna 7,2,calle_avenida,doble,este,8527
2025-02-07,7,2,2025,RIVADAVIA AV. 6626,-58.459176,-34.62777,Comuna 7,2,calle_avenida,doble,este,9712
2025-02-14,14,2,2025,RIVADAVIA AV. 6626,-58.459176,-34.62777,Comuna 7,2,calle_avenida,doble,este,4220
2025-02-21,21,2,2025,RIVADAVIA AV. 6626,-58.459176,-34.62777,Comuna 7,2,calle_avenida,doble,este,9551
2025-02-28,28,2,2025,RIVADAVIA AV. 6626,-58.459176,-34.62777,Comuna 7,2,calle_avenida,doble,este,9631
2025-03-06,6,3,2025,RIVADAVIA AV. 6626,-58.459176,-34.62777,Comuna 7,2,calle_avenida,doble,este,9527
2025-03-13,13,3,2025,RIVADAVIA AV. 6626,-58.459176,-34.62777,Comuna 7,2,calle_avenida,doble,este,10139
2025-03-20,20,3,2025,RIVADAVIA AV. 6626,-58.459176,-34.62777,Comuna 7,2,calle_avenida,doble,este,7570
2025-03-27,27,3,2025,RIVADAVIA AV. 6626,-58.459176,-34.62777,Comuna 7,2,calle_avenida,doble,este,9236
2025-04-03,3,4,2025,RIVADAVIA AV. 6626,-58.459176,-34.62777,Comuna 7,2,calle_avenida,doble,este,8787
2025-04-10,10,4,2025,RIVADAVIA AV. 6626,-58.459176,-34.62777,Comuna 7,2,calle_avenida,doble,este,9936
2025-04-17,17,4,2025,RIVADAVIA AV. 6626,-58.459176,-34.62777,Comuna 7,2,calle_avenida,doble,este,9154
2025-04-24,24,4,2025,RIVADAVIA AV. 6626,-58.459176,-34.62777,Comuna 7,2,calle_avenida,doble,este,9288
2025-05-01,1,5,2025,RIVADAVIA AV. 6626,-58.459176,-34.62777,Comuna 7,2,calle_avenida,doble,este,6088
2025-05-08,8,5,2025,RIVADAVIA AV. 6626,-58.459176,-34.62777,Comuna 7,2,calle_avenida,doble,este,10254
2025-05-15,15,5,2025,RIVADAVIA AV. 6626,-58.459176,-34.62777,Comuna 7,2,calle_avenida,doble,este,4663
2025-05-22,22,5,2025,RIVADAVIA AV. 6626,-58.459176,-34.62777,Comuna 7,2,calle_avenida,doble,este,4760
2025-05-29,29,5,2025,RIVADAVIA AV. 6626,-58.459176,-34.62777,Comuna 7,2,calle_avenida,doble,este,5829
2025-06-05,5,6,2025,RIVADAVIA AV. 6626,-58.459176,-34.62777,Comuna 7,2,calle_avenida,doble,este,4644
2025-06-12,12,6,2025,RIVADAVIA AV. 6626,-58.459176,-34.62777,Comuna 7,2,calle_avenida,doble,este,4809
2025-06-19,19,6,2025,RIVADAVIA AV. 6626,-58.459176,-34.62777,Comuna 7,2,calle_avenida,doble,este,5070
2025-06-26,26,6,2025,RIVADAVIA AV. 6626,-58.459176,-34.62777,Comuna 7,2,calle_avenida,doble,este,4436
2025-07-03,3,7,2025,RIVADAVIA AV. 6626,-58.459176,-34.62777,Comuna 7,2,calle_avenida,doble,este,4675
2025-07-10,10,7,2025,RIVADAVIA AV. 6626,-58.459176,-34.62777,Comuna 7,2,calle_avenida,doble,este,4437
2025-07-17,17,7,2025,RIVADAVIA AV. 6626,-58.459176,-34.62777,Comuna 7,2,calle_avenida,doble,este,4310
2025-07-24,24,7,2025,RIVADAVIA AV. 6626,-58.459176,-34.62777,Comuna 7,2,calle_avenida,doble,este,4187
2025-07-31,31,7,2025,RIVADAVIA AV. 6626,-58.459176,-34.62777,Comuna 7,2,calle_avenida,doble,este,4680
2025-01-03,3,1,2025,ENTRE RIOS AV. 1818,-58.390787,-34.629623,Comuna 1,4,calle_avenida,doble,norte,16172
2025-01-10,10,1,2025,ENTRE RIOS AV. 1818,-58.390787,-34.629623,Comuna 1,4,calle_avenida,doble,norte,16491
2025-01-17,17,1,2025,ENTRE RIOS AV. 1818,-58.390787,-34.629623,Comuna 1,4,calle_avenida,doble,norte,15928
2025-01-24,24,1,2025,ENTRE RIOS AV. 1818,-58.390787,-34.629623,Comuna 1,4,calle_avenida,doble,norte,13890
2025-01-31,31,1,2025,ENTRE RIOS AV. 1818,-58.390787,-34.629623,Comuna 1,4,calle_avenida,doble,norte,17261
2025-02-07,7,2,2025,ENTRE RIOS AV. 1818,-58.390787,-34.629623,Comuna 1,4,calle_avenida,doble,norte,18640
2025-02-14,14,2,2025,ENTRE RIOS AV. 1818,-58.390787,-34.629623,Comuna 1,4,calle_avenida,doble,norte,16455
2025-02-21,21,2,2025,ENTRE RIOS AV. 1818,-58.390787,-34.629623,Comuna 1,4,calle_avenida,doble,norte,16884
2025-02-28,28,2,2025,ENTRE RIOS AV. 1818,-58.390787,-34.629623,Comuna 1,4,calle_avenida,doble,norte,16803
2025-03-06,6,3,2025,ENTRE RIOS AV. 1818,-58.390787,-34.629623,Comuna 1,4,calle_avenida,doble,norte,16789
2025-03-13,13,3,2025,ENTRE RIOS AV. 1818,-58.390787,-34.629623,Comuna 1,4,calle_avenida,doble,norte,17365
2025-03-20,20,3,2025,ENTRE RIOS AV. 1818,-58.390787,-34.629623,Comuna 1,4,calle_avenida,doble,norte,15538
2025-03-27,27,3,2025,ENTRE RIOS AV. 1818,-58.390787,-34.629623,Comuna 1,4,calle_avenida,doble,norte,18847
2025-04-03,3,4,2025,ENTRE RIOS AV. 1818,-58.390787,-34.629623,Comuna 1,4,calle_avenida,doble,norte,18739
2025-04-10,10,4,2025,ENTRE RIOS AV. 1818,-58.390787,-34.629623,Comuna 1,4,calle_avenida,doble,norte,19423
2025-04-17,17,4,2025,ENTRE RIOS AV. 1818,-58.390787,-34.629623,Comuna 1,4,calle_avenida,doble,norte,18006
2025-04-24,24,4,2025,ENTRE RIOS AV. 1818,-58.390787,-34.629623,Comuna 1,4,calle_avenida,doble,norte,17431
2025-05-01,1,5,2025,ENTRE RIOS AV. 1818,-58.390787,-34.629623,Comuna 1,4,calle_avenida,doble,norte,9098
2025-05-08,8,5,2025,ENTRE RIOS AV. 1818,-58.390787,-34.629623,Comuna 1,4,calle_avenida,doble,norte,18383
2025-05-15,15,5,2025,ENTRE RIOS AV. 1818,-58.390787,-34.629623,Comuna 1,4,calle_avenida,doble,norte,16402
2025-05-22,22,5,2025,ENTRE RIOS AV. 1818,-58.390787,-34.629623,Comuna 1,4,calle_avenida,doble,norte,18199
2025-05-29,29,5,2025,ENTRE RIOS AV. 1818,-58.390787,-34.629623,Comuna 1,4,calle_avenida,doble,norte,17412
2025-06-05,5,6,2025,ENTRE RIOS AV. 1818,-58.390787,-34.629623,Comuna 1,4,calle_avenida,doble,norte,17506
2025-06-12,12,6,2025,ENTRE RIOS AV. 1818,-58.390787,-34.629623,Comuna 1,4,calle_avenida,doble,norte,16757
2025-06-19,19,6,2025,ENTRE RIOS AV. 1818,-58.390787,-34.629623,Comuna 1,4,calle_avenida,doble,norte,15194
2025-06-26,26,6,2025,ENTRE RIOS AV. 1818,-58.390787,-34.629623,Comuna 1,4,calle_avenida,doble,norte,15138
2025-07-03,3,7,2025,ENTRE RIOS AV. 1818,-58.390787,-34.629623,Comuna 1,4,calle_avenida,doble,norte,16373
2025-07-10,10,7,2025,ENTRE RIOS AV. 1818,-58.390787,-34.629623,Comuna 1,4,calle_avenida,doble,norte,14887
2025-07-17,17,7,2025,ENTRE RIOS AV. 1818,-58.390787,-34.629623,Comuna 1,4,calle_avenida,doble,norte,13536
2025-07-24,24,7,2025,ENTRE RIOS AV. 1818,-58.390787,-34.629623,Comuna 1,4,calle_avenida,doble,norte,16279
2025-01-03,3,1,2025,CORDOBA AV. 4471,-58.428774,-34.594989,Comuna 14,4,calle_avenida,única,oeste,29935
2025-01-10,10,1,2025,CORDOBA AV. 4471,-58.428774,-34.594989,Comuna 14,4,calle_avenida,única,oeste,28907
2025-01-17,17,1,2025,CORDOBA AV. 4471,-58.428774,-34.594989,Comuna 14,4,calle_avenida,única,oeste,30977
2025-01-24,24,1,2025,CORDOBA AV. 4471,-58.428774,-34.594989,Comuna 14,4,calle_avenida,única,oeste,28090
2025-01-31,31,1,2025,CORDOBA AV. 4471,-58.428774,-34.594989,Comuna 14,4,calle_avenida,única,oeste,31383
2025-02-07,7,2,2025,CORDOBA AV. 4471,-58.428774,-34.594989,Comuna 14,4,calle_avenida,única,oeste,32880
2025-02-14,14,2,2025,CORDOBA AV. 4471,-58.428774,-34.594989,Comuna 14,4,calle_avenida,única,oeste,31101
2025-02-21,21,2,2025,CORDOBA AV. 4471,-58.428774,-34.594989,Comuna 14,4,calle_avenida,única,oeste,30563
2025-02-28,28,2,2025,CORDOBA AV. 4471,-58.428774,-34.594989,Comuna 14,4,calle_avenida,única,oeste,30060
2025-03-06,6,3,2025,CORDOBA AV. 4471,-58.428774,-34.594989,Comuna 14,4,calle_avenida,única,oeste,16718
2025-03-13,13,3,2025,CORDOBA AV. 4471,-58.428774,-34.594989,Comuna 14,4,calle_avenida,única,oeste,21384
2025-03-20,20,3,2025,CORDOBA AV. 4471,-58.428774,-34.594989,Comuna 14,4,calle_avenida,única,oeste,19672
2025-03-27,27,3,2025,CORDOBA AV. 4471,-58.428774,-34.594989,Comuna 14,4,calle_avenida,única,oeste,28446
2025-04-03,3,4,2025,CORDOBA AV. 4471,-58.428774,-34.594989,Comuna 14,4,calle_avenida,única,oeste,23059
2025-04-10,10,4,2025,CORDOBA AV. 4471,-58.428774,-34.594989,Comuna 14,4,calle_avenida,única,oeste,26203
2025-04-17,17,4,2025,CORDOBA AV. 4471,-58.428774,-34.594989,Comuna 14,4,calle_avenida,única,oeste,24713
2025-04-24,24,4,2025,CORDOBA AV. 4471,-58.428774,-34.594989,Comuna 14,4,calle_avenida,única,oeste,23485
2025-05-01,1,5,2025,CORDOBA AV. 4471,-58.428774,-34.594989,Comuna 14,4,calle_avenida,única,oeste,17550
2025-05-08,8,5,2025,CORDOBA AV. 4471,-58.428774,-34.594989,Comuna 14,4,calle_avenida,única,oeste,21386
2025-05-15,15,5,2025,CORDOBA AV. 4471,-58.428774,-34.594989,Comuna 14,4,calle_avenida,única,oeste,22403
2025-05-22,22,5,2025,CORDOBA AV. 4471,-58.428774,-34.594989,Comuna 14,4,calle_avenida,única,oeste,22640
2025-05-29,29,5,2025,CORDOBA AV. 4471,-58.428774,-34.594989,Comuna 14,4,calle_avenida,única,oeste,21655
2025-06-05,5,6,2025,CORDOBA AV. 4471,-58.428774,-34.594989,Comuna 14,4,calle_avenida,única,oeste,18900
2025-06-12,12,6,2025,CORDOBA AV. 4471,-58.428774,-34.594989,Comuna 14,4,calle_avenida,única,oeste,20932
2025-06-19,19,6,2025,CORDOBA AV. 4471,-58.428774,-34.594989,Comuna 14,4,calle_avenida,única,oeste,18635
2025-06-26,26,6,2025,CORDOBA AV. 4471,-58.428774,-34.594989,Comuna 14,4,calle_avenida,única,oeste,20167
2025-07-10,10,7,2025,CORDOBA AV. 4471,-58.428774,-34.594989,Comuna 14,4,calle_avenida,única,oeste,18694
2025-07-17,17,7,2025,CORDOBA AV. 4471,-58.428774,-34.594989,Comuna 14,4,calle_avenida,única,oeste,19467
2025-07-24,24,7,2025,CORDOBA AV. 4471,-58.428774,-34.594989,Comuna 14,4,calle_avenida,única,oeste,19406
2025-07-31,31,7,2025,CORDOBA AV. 4471,-58.428774,-34.594989,Comuna 14,4,calle_avenida,única,oeste,22598
2025-01-03,3,1,2025,"JUSTO, JUAN B. AV. 4781",-58.466338,-34.610364,Comuna 11,3,calle_avenida,doble,oeste,8377
2025-01-10,10,1,2025,"JUSTO, JUAN B. AV. 4781",-58.466338,-34.610364,Comuna 11,3,calle_avenida,doble,oeste,7656
2025-01-17,17,1,2025,"JUSTO, JUAN B. AV. 4781",-58.466338,-34.610364,Comuna 11,3,calle_avenida,doble,oeste,7194
2025-01-24,24,1,2025,"JUSTO, JUAN B. AV. 4781",-58.466338,-34.610364,Comuna 11,3,calle_avenida,doble,oeste,6200
2025-01-31,31,1,2025,"JUSTO, JUAN B. AV. 4781",-58.466338,-34.610364,Comuna 11,3,calle_avenida,doble,oeste,7968
2025-02-07,7,2,2025,"JUSTO, JUAN B. AV. 4781",-58.466338,-34.610364,Comuna 11,3,calle_avenida,doble,oeste,10176
2025-02-14,14,2,2025,"JUSTO, JUAN B. AV. 4781",-58.466338,-34.610364,Comuna 11,3,calle_avenida,doble,oeste,8289
2025-02-21,21,2,2025,"JUSTO, JUAN B. AV. 4781",-58.466338,-34.610364,Comuna 11,3,calle_avenida,doble,oeste,7327
2025-02-28,28,2,2025,"JUSTO, JUAN B. AV. 4781",-58.466338,-34.610364,Comuna 11,3,calle_avenida,doble,oeste,7576
2025-03-06,6,3,2025,"JUSTO, JUAN B. AV. 4781",-58.466338,-34.610364,Comuna 11,3,calle_avenida,doble,oeste,7833
2025-03-13,13,3,2025,"JUSTO, JUAN B. AV. 4781",-58.466338,-34.610364,Comuna 11,3,calle_avenida,doble,oeste,5740
2025-03-20,20,3,2025,"JUSTO, JUAN B. AV. 4781",-58.466338,-34.610364,Comuna 11,3,calle_avenida,doble,oeste,4064
2025-03-27,27,3,2025,"JUSTO, JUAN B. AV. 4781",-58.466338,-34.610364,Comuna 11,3,calle_avenida,doble,oeste,9492
2025-04-03,3,4,2025,"JUSTO, JUAN B. AV. 4781",-58.466338,-34.610364,Comuna 11,3,calle_avenida,doble,oeste,8570
2025-04-10,10,4,2025,"JUSTO, JUAN B. AV. 4781",-58.466338,-34.610364,Comuna 11,3,calle_avenida,doble,oeste,10052
2025-04-17,17,4,2025,"JUSTO, JUAN B. AV. 4781",-58.466338,-34.610364,Comuna 11,3,calle_avenida,doble,oeste,8658
2025-04-24,24,4,2025,"JUSTO, JUAN B. AV. 4781",-58.466338,-34.610364,Comuna 11,3,calle_avenida,doble,oeste,8791
2025-05-01,1,5,2025,"JUSTO, JUAN B. AV. 4781",-58.466338,-34.610364,Comuna 11,3,calle_avenida,doble,oeste,5885
2025-05-08,8,5,2025,"JUSTO, JUAN B. AV. 4781",-58.466338,-34.610364,Comuna 11,3,calle_avenida,doble,oeste,11056
2025-05-15,15,5,2025,"JUSTO, JUAN B. AV. 4781",-58.466338,-34.610364,Comuna 11,3,calle_avenida,doble,oeste,9866
2025-05-22,22,5,2025,"JUSTO, JUAN B. AV. 4781",-58.466338,-34.610364,Comuna 11,3,calle_avenida,doble,oeste,10055
2025-05-29,29,5,2025,"JUSTO, JUAN B. AV. 4781",-58.466338,-34.610364,Comuna 11,3,calle_avenida,doble,oeste,9554
2025-06-05,5,6,2025,"JUSTO, JUAN B. AV. 4781",-58.466338,-34.610364,Comuna 11,3,calle_avenida,doble,oeste,8739
2025-06-12,12,6,2025,"JUSTO, JUAN B. AV. 4781",-58.466338,-34.610364,Comuna 11,3,calle_avenida,doble,oeste,9574
2025-06-19,19,6,2025,"JUSTO, JUAN B. AV. 4781",-58.466338,-34.610364,Comuna 11,3,calle_avenida,doble,oeste,9968
2025-06-26,26,6,2025,"JUSTO, JUAN B. AV. 4781",-58.466338,-34.610364,Comuna 11,3,calle_avenida,doble,oeste,10163
2025-07-03,3,7,2025,"JUSTO, JUAN B. AV. 4781",-58.466338,-34.610364,Comuna 11,3,calle_avenida,doble,oeste,10482
2025-07-10,10,7,2025,"JUSTO, JUAN B. AV. 4781",-58.466338,-34.610364,Comuna 11,3,calle_avenida,doble,oeste,10115
2025-07-17,17,7,2025,"JUSTO, JUAN B. AV. 4781",-58.466338,-34.610364,Comuna 11,3,calle_avenida,doble,oeste,9551
2025-07-24,24,7,2025,"JUSTO, JUAN B. AV. 4781",-58.466338,-34.610364,Comuna 11,3,calle_avenida,doble,oeste,8941
2025-07-31,31,7,2025,"JUSTO, JUAN B. AV. 4781",-58.466338,-34.610364,Comuna 11,3,calle_avenida,doble,oeste,10084
2025-01-03,3,1,2025,PASEO COLON AV. 400,-58.368952,-34.612207,Comuna 1,3,calle_avenida,doble,norte,10332
2025-01-10,10,1,2025,PASEO COLON AV. 400,-58.368952,-34.612207,Comuna 1,3,calle_avenida,doble,norte,9859
2025-01-17,17,1,2025,PASEO COLON AV. 400,-58.368952,-34.612207,Comuna 1,3,calle_avenida,doble,norte,9722
2025-01-24,24,1,2025,PASEO COLON AV. 400,-58.368952,-34.612207,Comuna 1,3,calle_avenida,doble,norte,7766
2025-01-31,31,1,2025,PASEO COLON AV. 400,-58.368952,-34.612207,Comuna 1,3,calle_avenida,doble,norte,10928
2025-02-07,7,2,2025,PASEO COLON AV. 400,-58.368952,-34.612207,Comuna 1,3,calle_avenida,doble,norte,12194
2025-02-14,14,2,2025,PASEO COLON AV. 400,-58.368952,-34.612207,Comuna 1,3,calle_avenida,doble,norte,12232
2025-02-21,21,2,2025,PASEO COLON AV. 400,-58.368952,-34.612207,Comuna 1,3,calle_avenida,doble,norte,11950
2025-02-28,28,2,2025,PASEO COLON AV. 400,-58.368952,-34.612207,Comuna 1,3,calle_avenida,doble,norte,11042
2025-03-06,6,3,2025,PASEO COLON AV. 400,-58.368952,-34.612207,Comuna 1,3,calle_avenida,doble,norte,11870
2025-03-13,13,3,2025,PASEO COLON AV. 400,-58.368952,-34.612207,Comuna 1,3,calle_avenida,doble,norte,10380
2025-03-20,20,3,2025,PASEO COLON AV. 400,-58.368952,-34.612207,Comuna 1,3,calle_avenida,doble,norte,8105
2025-03-27,27,3,2025,PASEO COLON AV. 400,-58.368952,-34.612207,Comuna 1,3,calle_avenida,doble,norte,13311
2025-04-03,3,4,2025,PASEO COLON AV. 400,-58.368952,-34.612207,Comuna 1,3,calle_avenida,doble,norte,12507
2025-04-10,10,4,2025,PASEO COLON AV. 400,-58.368952,-34.612207,Comuna 1,3,calle_avenida,doble,norte,12957
2025-04-17,17,4,2025,PASEO COLON AV. 400,-58.368952,-34.612207,Comuna 1,3,calle_avenida,doble,norte,11031
2025-04-24,24,4,2025,PASEO COLON AV. 400,-58.368952,-34.612207,Comuna 1,3,calle_avenida,doble,norte,10133
2025-05-01,1,5,2025,PASEO COLON AV. 400,-58.368952,-34.612207,Comuna 1,3,calle_avenida,doble,norte,4211
2025-05-08,8,5,2025,PASEO COLON AV. 400,-58.368952,-34.612207,Comuna 1,3,calle_avenida,doble,norte,11215
2025-05-15,15,5,2025,PASEO COLON AV. 400,-58.368952,-34.612207,Comuna 1,3,calle_avenida,doble,norte,10413
2025-05-22,22,5,2025,PASEO COLON AV. 400,-58.368952,-34.612207,Comuna 1,3,calle_avenida,doble,norte,11796
2025-05-29,29,5,2025,PASEO COLON AV. 400,-58.368952,-34.612207,Comuna 1,3,calle_avenida,doble,norte,11265
2025-06-05,5,6,2025,PASEO COLON AV. 400,-58.368952,-34.612207,Comuna 1,3,calle_avenida,doble,norte,11838
2025-06-12,12,6,2025,PASEO COLON AV. 400,-58.368952,-34.612207,Comuna 1,3,calle_avenida,doble,norte,13755
2025-06-19,19,6,2025,PASEO COLON AV. 400,-58.368952,-34.612207,Comuna 1,3,calle_avenida,doble,norte,8181
2025-06-26,26,6,2025,PASEO COLON AV. 400,-58.368952,-34.612207,Comuna 1,3,calle_avenida,doble,norte,5244
2025-07-03,3,7,2025,PASEO COLON AV. 400,-58.368952,-34.612207,Comuna 1,3,calle_avenida,doble,norte,5310
2025-07-10,10,7,2025,PASEO COLON AV. 400,-58.368952,-34.612207,Comuna 1,3,calle_avenida,doble,norte,5059
2025-07-17,17,7,2025,PASEO COLON AV. 400,-58.368952,-34.612207,Comuna 1,3,calle_avenida,doble,norte,4675
2025-07-24,24,7,2025,PASEO COLON AV. 400,-58.368952,-34.612207,Comuna 1,3,calle_avenida,doble,norte,4842
2025-07-31,31,7,2025,PASEO COLON AV. 400,-58.368952,-34.612207,Comuna 1,3,calle_avenida,doble,norte,5957
2025-01-03,3,1,2025,VUELTA DE OBLIGADO 2179,-58.456328,-34.560704,Comuna 13,3,calle_avenida,única,norte,2495
2025-01-10,10,1,2025,VUELTA DE OBLIGADO 2179,-58.456328,-34.560704,Comuna 13,3,calle_avenida,única,norte,2552
2025-01-17,17,1,2025,VUELTA DE OBLIGADO 2179,-58.456328,-34.560704,Comuna 13,3,calle_avenida,única,norte,2692
2025-01-24,24,1,2025,VUELTA DE OBLIGADO 2179,-58.456328,-34.560704,Comuna 13,3,calle_avenida,única,norte,2242
2025-01-31,31,1,2025,VUELTA DE OBLIGADO 2179,-58.456328,-34.560704,Comuna 13,3,calle_avenida,única,norte,2901
2025-02-07,7,2,2025,VUELTA DE OBLIGADO 2179,-58.456328,-34.560704,Comuna 13,3,calle_avenida,única,norte,3050
2025-02-14,14,2,2025,VUELTA DE OBLIGADO 2179,-58.456328,-34.560704,Comuna 13,3,calle_avenida,única,norte,2947
2025-02-21,21,2,2025,VUELTA DE OBLIGADO 2179,-58.456328,-34.560704,Comuna 13,3,calle_avenida,única,norte,3646
2025-02-28,28,2,2025,VUELTA DE OBLIGADO 2179,-58.456328,-34.560704,Comuna 13,3,calle_avenida,única,norte,3777
2025-03-06,6,3,2025,VUELTA DE OBLIGADO 2179,-58.456328,-34.560704,Comuna 13,3,calle_avenida,única,norte,3593
2025-03-13,13,3,2025,VUELTA DE OBLIGADO 2179,-58.456328,-34.560704,Comuna 13,3,calle_avenida,única,norte,2785
2025-03-20,20,3,2025,VUELTA DE OBLIGADO 2179,-58.456328,-34.560704,Comuna 13,3,calle_avenida,única,norte,2433
2025-03-27,27,3,2025,VUELTA DE OBLIGADO 2179,-58.456328,-34.560704,Comuna 13,3,calle_avenida,única,norte,3460
2025-04-03,3,4,2025,VUELTA DE OBLIGADO 2179,-58.456328,-34.560704,Comuna 13,3,calle_avenida,única,norte,2759
2025-04-10,10,4,2025,VUELTA DE OBLIGADO 2179,-58.456328,-34.560704,Comuna 13,3,calle_avenida,única,norte,2980
2025-04-17,17,4,2025,VUELTA DE OBLIGADO 2179,-58.456328,-34.560704,Comuna 13,3,calle_avenida,única,norte,3277
2025-04-24,24,4,2025,VUELTA DE OBLIGADO 2179,-58.456328,-34.560704,Comuna 13,3,calle_avenida,única,norte,3043
2025-05-01,1,5,2025,VUELTA DE OBLIGADO 2179,-58.456328,-34.560704,Comuna 13,3,calle_avenida,única,norte,1740
2025-05-08,8,5,2025,VUELTA DE OBLIGADO 2179,-58.456328,-34.560704,Comuna 13,3,calle_avenida,única,norte,3141
2025-05-15,15,5,2025,VUELTA DE OBLIGADO 2179,-58.456328,-34.560704,Comuna 13,3,calle_avenida,única,norte,3053
2025-05-22,22,5,2025,VUELTA DE OBLIGADO 2179,-58.456328,-34.560704,Comuna 13,3,calle_avenida,única,norte,2955
2025-06-05,5,6,2025,VUELTA DE OBLIGADO 2179,-58.456328,-34.560704,Comuna 13,3,calle_avenida,única,norte,3687
2025-06-12,12,6,2025,VUELTA DE OBLIGADO 2179,-58.456328,-34.560704,Comuna 13,3,calle_avenida,única,norte,3102
2025-06-19,19,6,2025,VUELTA DE OBLIGADO 2179,-58.456328,-34.560704,Comuna 13,3,calle_avenida,única,norte,3290
2025-06-26,26,6,2025,VUELTA DE OBLIGADO 2179,-58.456328,-34.560704,Comuna 13,3,calle_avenida,única,norte,3168
2025-07-03,3,7,2025,VUELTA DE OBLIGADO 2179,-58.456328,-34.560704,Comuna 13,3,calle_avenida,única,norte,3197
2025-07-10,10,7,2025,VUELTA DE OBLIGADO 2179,-58.456328,-34.560704,Comuna 13,3,calle_avenida,única,norte,3067
2025-07-17,17,7,2025,VUELTA DE OBLIGADO 2179,-58.456328,-34.560704,Comuna 13,3,calle_avenida,única,norte,2943
2025-07-31,31,7,2025,VUELTA DE OBLIGADO 2179,-58.456328,-34.560704,Comuna 13,3,calle_avenida,única,norte,3406
2025-01-03,3,1,2025,"GARAY, JUAN DE AV. 1769",-58.390037,-34.627139,Comuna 1,3,calle_avenida,doble,oeste,15674
2025-01-10,10,1,2025,"GARAY, JUAN DE AV. 1769",-58.390037,-34.627139,Comuna 1,3,calle_avenida,doble,oeste,15688
2025-01-17,17,1,2025,"GARAY, JUAN DE AV. 1769",-58.390037,-34.627139,Comuna 1,3,calle_avenida,doble,oeste,14775
2025-01-24,24,1,2025,"GARAY, JUAN DE AV. 1769",-58.390037,-34.627139,Comuna 1,3,calle_avenida,doble,oeste,11963
2025-01-31,31,1,2025,"GARAY, JUAN DE AV. 1769",-58.390037,-34.627139,Comuna 1,3,calle_avenida,doble,oeste,16192
2025-02-07,7,2,2025,"GARAY, JUAN DE AV. 1769",-58.390037,-34.627139,Comuna 1,3,calle_avenida,doble,oeste,15860
2025-02-14,14,2,2025,"GARAY, JUAN DE AV. 1769",-58.390037,-34.627139,Comuna 1,3,calle_avenida,doble,oeste,17225
2025-02-21,21,2,2025,"GARAY, JUAN DE AV. 1769",-58.390037,-34.627139,Comuna 1,3,calle_avenida,doble,oeste,15810
2025-02-28,28,2,2025,"GARAY, JUAN DE AV. 1769",-58.390037,-34.627139,Comuna 1,3,calle_avenida,doble,oeste,16471
2025-03-06,6,3,2025,"GARAY, JUAN DE AV. 1769",-58.390037,-34.627139,Comuna 1,3,calle_avenida,doble,oeste,16497
2025-03-13,13,3,2025,"GARAY, JUAN DE AV. 1769",-58.390037,-34.627139,Comuna 1,3,calle_avenida,doble,oeste,16729
2025-03-20,20,3,2025,"GARAY, JUAN DE AV. 1769",-58.390037,-34.627139,Comuna 1,3,calle_avenida,doble,oeste,13699
2025-03-27,27,3,2025,"GARAY, JUAN DE AV. 1769",-58.390037,-34.627139,Comuna 1,3,calle_avenida,doble,oeste,17314
2025-04-03,3,4,2025,"GARAY, JUAN DE AV. 1769",-58.390037,-34.627139,Comuna 1,3,calle_avenida,doble,oeste,15606
2025-04-10,10,4,2025,"GARAY, JUAN DE AV. 1769",-58.390037,-34.627139,Comuna 1,3,calle_avenida,doble,oeste,17110
2025-04-17,17,4,2025,"GARAY, JUAN DE AV. 1769",-58.390037,-34.627139,Comuna 1,3,calle_avenida,doble,oeste,16057
2025-04-24,24,4,2025,"GARAY, JUAN DE AV. 1769",-58.390037,-34.627139,Comuna 1,3,calle_avenida,doble,oeste,15755
2025-05-01,1,5,2025,"GARAY, JUAN DE AV. 1769",-58.390037,-34.627139,Comuna 1,3,calle_avenida,doble,oeste,8840
2025-05-08,8,5,2025,"GARAY, JUAN DE AV. 1769",-58.390037,-34.627139,Comuna 1,3,calle_avenida,doble,oeste,14462
2025-05-15,15,5,2025,"GARAY, JUAN DE AV. 1769",-58.390037,-34.627139,Comuna 1,3,calle_avenida,doble,oeste,14612
2025-05-22,22,5,2025,"GARAY, JUAN DE AV. 1769",-58.390037,-34.627139,Comuna 1,3,calle_avenida,doble,oeste,13799
2025-05-29,29,5,2025,"GARAY, JUAN DE AV. 1769",-58.390037,-34.627139,Comuna 1,3,calle_avenida,doble,oeste,14130
2025-06-05,5,6,2025,"GARAY, JUAN DE AV. 1769",-58.390037,-34.627139,Comuna 1,3,calle_avenida,doble,oeste,13896
2025-06-12,12,6,2025,"GARAY, JUAN DE AV. 1769",-58.390037,-34.627139,Comuna 1,3,calle_avenida,doble,oeste,12570
2025-06-19,19,6,2025,"GARAY, JUAN DE AV. 1769",-58.390037,-34.627139,Comuna 1,3,calle_avenida,doble,oeste,14604
2025-06-26,26,6,2025,"GARAY, JUAN DE AV. 1769",-58.390037,-34.627139,Comuna 1,3,calle_avenida,doble,oeste,14496
2025-07-03,3,7,2025,"GARAY, JUAN DE AV. 1769",-58.390037,-34.627139,Comuna 1,3,calle_avenida,doble,oeste,14845
2025-07-10,10,7,2025,"GARAY, JUAN DE AV. 1769",-58.390037,-34.627139,Comuna 1,3,calle_avenida,doble,oeste,14490
2025-07-17,17,7,2025,"GARAY, JUAN DE AV. 1769",-58.390037,-34.627139,Comuna 1,3,calle_avenida,doble,oeste,14132
2025-07-24,24,7,2025,"GARAY, JUAN DE AV. 1769",-58.390037,-34.627139,Comuna 1,3,calle_avenida,doble,oeste,12744
2025-07-31,31,7,2025,"GARAY, JUAN DE AV. 1769",-58.390037,-34.627139,Comuna 1,3,calle_avenida,doble,oeste,14660
2025-01-03,3,1,2025,"MONTES DE OCA, MANUEL AV. 1685",-58.373211,-34.646401,Comuna 4,3,calle_avenida,doble,sur,7041
2025-01-10,10,1,2025,"MONTES DE OCA, MANUEL AV. 1685",-58.373211,-34.646401,Comuna 4,3,calle_avenida,doble,sur,6961
2025-01-17,17,1,2025,"MONTES DE OCA, MANUEL AV. 1685",-58.373211,-34.646401,Comuna 4,3,calle_avenida,doble,sur,6978
2025-01-24,24,1,2025,"MONTES DE OCA, MANUEL AV. 1685",-58.373211,-34.646401,Comuna 4,3,calle_avenida,doble,sur,5754
2025-01-31,31,1,2025,"MONTES DE OCA, MANUEL AV. 1685",-58.373211,-34.646401,Comuna 4,3,calle_avenida,doble,sur,7950
2025-02-07,7,2,2025,"MONTES DE OCA, MANUEL AV. 1685",-58.373211,-34.646401,Comuna 4,3,calle_avenida,doble,sur,7303
2025-02-14,14,2,2025,"MONTES DE OCA, MANUEL AV. 1685",-58.373211,-34.646401,Comuna 4,3,calle_avenida,doble,sur,
2025-02-21,21,2,2025,"MONTES DE OCA, MANUEL AV. 1685",-58.373211,-34.646401,Comuna 4,3,calle_avenida,doble,sur,8680
2025-02-28,28,2,2025,"MONTES DE OCA, MANUEL AV. 1685",-58.373211,-34.646401,Comuna 4,3,calle_avenida,doble,sur,7722
2025-03-06,6,3,2025,"MONTES DE OCA, MANUEL AV. 1685",-58.373211,-34.646401,Comuna 4,3,calle_avenida,doble,sur,7869
2025-03-13,13,3,2025,"MONTES DE OCA, MANUEL AV. 1685",-58.373211,-34.646401,Comuna 4,3,calle_avenida,doble,sur,7260
2025-03-20,20,3,2025,"MONTES DE OCA, MANUEL AV. 1685",-58.373211,-34.646401,Comuna 4,3,calle_avenida,doble,sur,6112
2025-03-27,27,3,2025,"MONTES DE OCA, MANUEL AV. 1685",-58.373211,-34.646401,Comuna 4,3,calle_avenida,doble,sur,9252
2025-04-03,3,4,2025,"MONTES DE OCA, MANUEL AV. 1685",-58.373211,-34.646401,Comuna 4,3,calle_avenida,doble,sur,7902
2025-04-10,10,4,2025,"MONTES DE OCA, MANUEL AV. 1685",-58.373211,-34.646401,Comuna 4,3,calle_avenida,doble,sur,8204
2025-04-17,17,4,2025,"MONTES DE OCA, MANUEL AV. 1685",-58.373211,-34.646401,Comuna 4,3,calle_avenida,doble,sur,8072
2025-04-24,24,4,2025,"MONTES DE OCA, MANUEL AV. 1685",-58.373211,-34.646401,Comuna 4,3,calle_avenida,doble,sur,7835
2025-05-01,1,5,2025,"MONTES DE OCA, MANUEL AV. 1685",-58.373211,-34.646401,Comuna 4,3,calle_avenida,doble,sur,4287
2025-05-08,8,5,2025,"MONTES DE OCA, MANUEL AV. 1685",-58.373211,-34.646401,Comuna 4,3,calle_avenida,doble,sur,8539
2025-05-15,15,5,2025,"MONTES DE OCA, MANUEL AV. 1685",-58.373211,-34.646401,Comuna 4,3,calle_avenida,doble,sur,8785
2025-05-22,22,5,2025,"MONTES DE OCA, MANUEL AV. 1685",-58.373211,-34.646401,Comuna 4,3,calle_avenida,doble,sur,7766
2025-05-29,29,5,2025,"MONTES DE OCA, MANUEL AV. 1685",-58.373211,-34.646401,Comuna 4,3,calle_avenida,doble,sur,8551
2025-06-05,5,6,2025,"MONTES DE OCA, MANUEL AV. 1685",-58.373211,-34.646401,Comuna 4,3,calle_avenida,doble,sur,7850
2025-06-12,12,6,2025,"MONTES DE OCA, MANUEL AV. 1685",-58.373211,-34.646401,Comuna 4,3,calle_avenida,doble,sur,8100
2025-06-19,19,6,2025,"MONTES DE OCA, MANUEL AV. 1685",-58.373211,-34.646401,Comuna 4,3,calle_avenida,doble,sur,8367
2025-06-26,26,6,2025,"MONTES DE OCA, MANUEL AV. 1685",-58.373211,-34.646401,Comuna 4,3,calle_avenida,doble,sur,7538
2025-07-03,3,7,2025,"MONTES DE OCA, MANUEL AV. 1685",-58.373211,-34.646401,Comuna 4,3,calle_avenida,doble,sur,8128
2025-07-10,10,7,2025,"MONTES DE OCA, MANUEL AV. 1685",-58.373211,-34.646401,Comuna 4,3,calle_avenida,doble,sur,7925
2025-07-17,17,7,2025,"MONTES DE OCA, MANUEL AV. 1685",-58.373211,-34.646401,Comuna 4,3,calle_avenida,doble,sur,7199
2025-07-24,24,7,2025,"MONTES DE OCA, MANUEL AV. 1685",-58.373211,-34.646401,Comuna 4,3,calle_avenida,doble,sur,7568
2025-07-31,31,7,2025,"MONTES DE OCA, MANUEL AV. 1685",-58.373211,-34.646401,Comuna 4,3,calle_avenida,doble,sur,8604
2025-01-03,3,1,2025,RIVADAVIA AV. 9618,-58.499769,-34.637578,Comuna 10,2,calle_avenida,doble,este,15470
2025-01-10,10,1,2025,RIVADAVIA AV. 9618,-58.499769,-34.637578,Comuna 10,2,calle_avenida,doble,este,15396
2025-01-17,17,1,2025,RIVADAVIA AV. 9618,-58.499769,-34.637578,Comuna 10,2,calle_avenida,doble,este,13821
2025-01-24,24,1,2025,RIVADAVIA AV. 9618,-58.499769,-34.637578,Comuna 10,2,calle_avenida,doble,este,12540
2025-01-31,31,1,2025,RIVADAVIA AV. 9618,-58.499769,-34.637578,Comuna 10,2,calle_avenida,doble,este,14911
2025-02-07,7,2,2025,RIVADAVIA AV. 9618,-58.499769,-34.637578,Comuna 10,2,calle_avenida,doble,este,15626
2025-02-14,14,2,2025,RIVADAVIA AV. 9618,-58.499769,-34.637578,Comuna 10,2,calle_avenida,doble,este,14326
2025-02-21,21,2,2025,RIVADAVIA AV. 9618,-58.499769,-34.637578,Comuna 10,2,calle_avenida,doble,este,13681
2025-02-28,28,2,2025,RIVADAVIA AV. 9618,-58.499769,-34.637578,Comuna 10,2,calle_avenida,doble,este,12488
2025-03-06,6,3,2025,RIVADAVIA AV. 9618,-58.499769,-34.637578,Comuna 10,2,calle_avenida,doble,este,13251
2025-03-27,27,3,2025,RIVADAVIA AV. 9618,-58.499769,-34.637578,Comuna 10,2,calle_avenida,doble,este,16915
2025-04-03,3,4,2025,RIVADAVIA AV. 9618,-58.499769,-34.637578,Comuna 10,2,calle_avenida,doble,este,16392
2025-04-10,10,4,2025,RIVADAVIA AV. 9618,-58.499769,-34.637578,Comuna 10,2,calle_avenida,doble,este,16206
2025-04-17,17,4,2025,RIVADAVIA AV. 9618,-58.499769,-34.637578,Comuna 10,2,calle_avenida,doble,este,15887
2025-04-24,24,4,2025,RIVADAVIA AV. 9618,-58.499769,-34.637578,Comuna 10,2,calle_avenida,doble,este,15337
2025-05-01,1,5,2025,RIVADAVIA AV. 9618,-58.499769,-34.637578,Comuna 10,2,calle_avenida,doble,este,10572
2025-05-08,8,5,2025,RIVADAVIA AV. 9618,-58.499769,-34.637578,Comuna 10,2,calle_avenida,doble,este,15406
2025-05-15,15,5,2025,RIVADAVIA AV. 9618,-58.499769,-34.637578,Comuna 10,2,calle_avenida,doble,este,15624
2025-05-22,22,5,2025,RIVADAVIA AV. 9618,-58.499769,-34.637578,Comuna 10,2,calle_avenida,doble,este,17945
2025-05-29,29,5,2025,RIVADAVIA AV. 9618,-58.499769,-34.637578,Comuna 10,2,calle_avenida,doble,este,18099
2025-06-05,5,6,2025,RIVADAVIA AV. 9618,-58.499769,-34.637578,Comuna 10,2,calle_avenida,doble,este,18762
2025-06-12,12,6,2025,RIVADAVIA AV. 9618,-58.499769,-34.637578,Comuna 10,2,calle_avenida,doble,este,18269
2025-06-19,19,6,2025,RIVADAVIA AV. 9618,-58.499769,-34.637578,Comuna 10,2,calle_avenida,doble,este,18760
2025-06-26,26,6,2025,RIVADAVIA AV. 9618,-58.499769,-34.637578,Comuna 10,2,calle_avenida,doble,este,17817
2025-07-03,3,7,2025,RIVADAVIA AV. 9618,-58.499769,-34.637578,Comuna 10,2,calle_avenida,doble,este,18033
2025-07-10,10,7,2025,RIVADAVIA AV. 9618,-58.499769,-34.637578,Comuna 10,2,calle_avenida,doble,este,17338
2025-07-17,17,7,2025,RIVADAVIA AV. 9618,-58.499769,-34.637578,Comuna 10,2,calle_avenida,doble,este,16932
2025-07-24,24,7,2025,RIVADAVIA AV. 9618,-58.499769,-34.637578,Comuna 10,2,calle_avenida,doble,este,16357
2025-07-31,31,7,2025,RIVADAVIA AV. 9618,-58.499769,-34.637578,Comuna 10,2,calle_avenida,doble,este,17573
2025-01-03,3,1,2025,"DE LA TORRE, LISANDRO 663",-58.520368,-34.646059,Comuna 9,3,calle_avenida,única,sur,3881
2025-01-10,10,1,2025,"DE LA TORRE, LISANDRO 663",-58.520368,-34.646059,Comuna 9,3,calle_avenida,única,sur,3684
2025-01-17,17,1,2025,"DE LA TORRE, LISANDRO 663",-58.520368,-34.646059,Comuna 9,3,calle_avenida,única,sur,3756
2025-01-24,24,1,2025,"DE LA TORRE, LISANDRO 663",-58.520368,-34.646059,Comuna 9,3,calle_avenida,única,sur,3044
2025-01-31,31,1,2025,"DE LA TORRE, LISANDRO 663",-58.520368,-34.646059,Comuna 9,3,calle_avenida,única,sur,3764
2025-02-07,7,2,2025,"DE LA TORRE, LISANDRO 663",-58.520368,-34.646059,Comuna 9,3,calle_avenida,única,sur,4190
2025-02-14,14,2,2025,"DE LA TORRE, LISANDRO 663",-58.520368,-34.646059,Comuna 9,3,calle_avenida,única,sur,4191
2025-02-21,21,2,2025,"DE LA TORRE, LISANDRO 663",-58.520368,-34.646059,Comuna 9,3,calle_avenida,única,sur,3766
2025-02-28,28,2,2025,"DE LA TORRE, LISANDRO 663",-58.520368,-34.646059,Comuna 9,3,calle_avenida,única,sur,4170
2025-03-06,6,3,2025,"DE LA TORRE, LISANDRO 663",-58.520368,-34.646059,Comuna 9,3,calle_avenida,única,sur,4649
2025-03-13,13,3,2025,"DE LA TORRE, LISANDRO 663",-58.520368,-34.646059,Comuna 9,3,calle_avenida,única,sur,4970
2025-03-20,20,3,2025,"DE LA TORRE, LISANDRO 663",-58.520368,-34.646059,Comuna 9,3,calle_avenida,única,sur,4265
2025-03-27,27,3,2025,"DE LA TORRE, LISANDRO 663",-58.520368,-34.646059,Comuna 9,3,calle_avenida,única,sur,5755
2025-04-03,3,4,2025,"DE LA TORRE, LISANDRO 663",-58.520368,-34.646059,Comuna 9,3,calle_avenida,única,sur,5308
2025-04-10,10,4,2025,"DE LA TORRE, LISANDRO 663",-58.520368,-34.646059,Comuna 9,3,calle_avenida,única,sur,6256
2025-04-17,17,4,2025,"DE LA TORRE, LISANDRO 663",-58.520368,-34.646059,Comuna 9,3,calle_avenida,única,sur,6241
2025-04-24,24,4,2025,"DE LA TORRE, LISANDRO 663",-58.520368,-34.646059,Comuna 9,3,calle_avenida,única,sur,6156
2025-05-01,1,5,2025,"DE LA TORRE, LISANDRO 663",-58.520368,-34.646059,Comuna 9,3,calle_avenida,única,sur,2727
2025-05-08,8,5,2025,"DE LA TORRE, LISANDRO 663",-58.520368,-34.646059,Comuna 9,3,calle_avenida,única,sur,6291
2025-05-15,15,5,2025,"DE LA TORRE, LISANDRO 663",-58.520368,-34.646059,Comuna 9,3,calle_avenida,única,sur,5866
2025-05-22,22,5,2025,"DE LA TORRE, LISANDRO 663",-58.520368,-34.646059,Comuna 9,3,calle_avenida,única,sur,4112
2025-05-29,29,5,2025,"DE LA TORRE, LISANDRO 663",-58.520368,-34.646059,Comuna 9,3,calle_avenida,única,sur,5182
2025-06-05,5,6,2025,"DE LA TORRE, LISANDRO 663",-58.520368,-34.646059,Comuna 9,3,calle_avenida,única,sur,5090
2025-06-12,12,6,2025,"DE LA TORRE, LISANDRO 663",-58.520368,-34.646059,Comuna 9,3,calle_avenida,única,sur,5206
2025-06-19,19,6,2025,"DE LA TORRE, LISANDRO 663",-58.520368,-34.646059,Comuna 9,3,calle_avenida,única,sur,5547
2025-06-26,26,6,2025,"DE LA TORRE, LISANDRO 663",-58.520368,-34.646059,Comuna 9,3,calle_avenida,única,sur,4970
2025-07-03,3,7,2025,"DE LA TORRE, LISANDRO 663",-58.520368,-34.646059,Comuna 9,3,calle_avenida,única,sur,5320
2025-07-10,10,7,2025,"DE LA TORRE, LISANDRO 663",-58.520368,-34.646059,Comuna 9,3,calle_avenida,única,sur,5292
2025-07-17,17,7,2025,"DE LA TORRE, LISANDRO 663",-58.520368,-34.646059,Comuna 9,3,calle_avenida,única,sur,4107
2025-07-24,24,7,2025,"DE LA TORRE, LISANDRO 663",-58.520368,-34.646059,Comuna 9,3,calle_avenida,única,sur,3966
2025-01-03,3,1,2025,AVELLANEDA AV. 2924,-58.471929,-34.626563,Comuna 7,4,calle_avenida,única,este,10975
2025-01-10,10,1,2025,AVELLANEDA AV. 2924,-58.471929,-34.626563,Comuna 7,4,calle_avenida,única,este,9803
2025-01-17,17,1,2025,AVELLANEDA AV. 2924,-58.471929,-34.626563,Comuna 7,4,calle_avenida,única,este,7901
2025-01-24,24,1,2025,AVELLANEDA AV. 2924,-58.471929,-34.626563,Comuna 7,4,calle_avenida,única,este,6577
2025-01-31,31,1,2025,AVELLANEDA AV. 2924,-58.471929,-34.626563,Comuna 7,4,calle_avenida,única,este,9512
2025-02-07,7,2,2025,AVELLANEDA AV. 2924,-58.471929,-34.626563,Comuna 7,4,calle_avenida,única,este,11083
2025-02-14,14,2,2025,AVELLANEDA AV. 2924,-58.471929,-34.626563,Comuna 7,4,calle_avenida,única,este,10137
2025-02-21,21,2,2025,AVELLANEDA AV. 2924,-58.471929,-34.626563,Comuna 7,4,calle_avenida,única,este,8289
2025-02-28,28,2,2025,AVELLANEDA AV. 2924,-58.471929,-34.626563,Comuna 7,4,calle_avenida,única,este,8470
2025-03-06,6,3,2025,AVELLANEDA AV. 2924,-58.471929,-34.626563,Comuna 7,4,calle_avenida,única,este,6779
2025-03-13,13,3,2025,AVELLANEDA AV. 2924,-58.471929,-34.626563,Comuna 7,4,calle_avenida,única,este,13473
2025-03-20,20,3,2025,AVELLANEDA AV. 2924,-58.471929,-34.626563,Comuna 7,4,calle_avenida,única,este,10103
2025-03-27,27,3,2025,AVELLANEDA AV. 2924,-58.471929,-34.626563,Comuna 7,4,calle_avenida,única,este,11448
2025-04-03,3,4,2025,AVELLANEDA AV. 2924,-58.471929,-34.626563,Comuna 7,4,calle_avenida,única,este,13608
2025-04-10,10,4,2025,AVELLANEDA AV. 2924,-58.471929,-34.626563,Comuna 7,4,calle_avenida,única,este,11713
2025-04-17,17,4,2025,AVELLANEDA AV. 2924,-58.471929,-34.626563,Comuna 7,4,calle_avenida,única,este,9485
2025-04-24,24,4,2025,AVELLANEDA AV. 2924,-58.471929,-34.626563,Comuna 7,4,calle_avenida,única,este,9614
2025-05-01,1,5,2025,AVELLANEDA AV. 2924,-58.471929,-34.626563,Comuna 7,4,calle_avenida,única,este,7462
2025-05-08,8,5,2025,AVELLANEDA AV. 2924,-58.471929,-34.626563,Comuna 7,4,calle_avenida,única,este,10853
2025-05-15,15,5,2025,AVELLANEDA AV. 2924,-58.471929,-34.626563,Comuna 7,4,calle_avenida,única,este,9523
2025-05-22,22,5,2025,AVELLANEDA AV. 2924,-58.471929,-34.626563,Comuna 7,4,calle_avenida,única,este,10435
2025-05-29,29,5,2025,AVELLANEDA AV. 2924,-58.471929,-34.626563,Comuna 7,4,calle_avenida,única,este,10418
2025-06-05,5,6,2025,AVELLANEDA AV. 2924,-58.471929,-34.626563,Comuna 7,4,calle_avenida,única,este,10541
2025-06-12,12,6,2025,AVELLANEDA AV. 2924,-58.471929,-34.626563,Comuna 7,4,calle_avenida,única,este,10371
2025-06-19,19,6,2025,AVELLANEDA AV. 2924,-58.471929,-34.626563,Comuna 7,4,calle_avenida,única,este,9958
2025-06-26,26,6,2025,AVELLANEDA AV. 2924,-58.471929,-34.626563,Comuna 7,4,calle_avenida,única,este,9296
2025-07-03,3,7,2025,AVELLANEDA AV. 2924,-58.471929,-34.626563,Comuna 7,4,calle_avenida,única,este,10903
2025-07-10,10,7,2025,AVELLANEDA AV. 2924,-58.471929,-34.626563,Comuna 7,4,calle_avenida,única,este,9850
2025-07-17,17,7,2025,AVELLANEDA AV. 2924,-58.471929,-34.626563,Comuna 7,4,calle_avenida,única,este,8993
2025-07-24,24,7,2025,AVELLANEDA AV. 2924,-58.471929,-34.626563,Comuna 7,4,calle_avenida,única,este,9777
2025-01-03,3,1,2025,DEL LIBERTADOR AV. 5722,-58.445603,-34.55931,Comuna 13,4,calle_avenida,doble,sur,20582
2025-01-10,10,1,2025,DEL LIBERTADOR AV. 5722,-58.445603,-34.55931,Comuna 13,4,calle_avenida,doble,sur,23041
2025-01-17,17,1,2025,DEL LIBERTADOR AV. 5722,-58.445603,-34.55931,Comuna 13,4,calle_avenida,doble,sur,21856
2025-01-24,24,1,2025,DEL LIBERTADOR AV. 5722,-58.445603,-34.55931,Comuna 13,4,calle_avenida,doble,sur,17766
2025-01-31,31,1,2025,DEL LIBERTADOR AV. 5722,-58.445603,-34.55931,Comuna 13,4,calle_avenida,doble,sur,23261
2025-02-07,7,2,2025,DEL LIBERTADOR AV. 5722,-58.445603,-34.55931,Comuna 13,4,calle_avenida,doble,sur,27413
2025-02-14,14,2,2025,DEL LIBERTADOR AV. 5722,-58.445603,-34.55931,Comuna 13,4,calle_avenida,doble,sur,25704
2025-02-21,21,2,2025,DEL LIBERTADOR AV. 5722,-58.445603,-34.55931,Comuna 13,4,calle_avenida,doble,sur,25138
2025-02-28,28,2,2025,DEL LIBERTADOR AV. 5722,-58.445603,-34.55931,Comuna 13,4,calle_avenida,doble,sur,26411
2025-03-06,6,3,2025,DEL LIBERTADOR AV. 5722,-58.445603,-34.55931,Comuna 13,4,calle_avenida,doble,sur,27211
2025-03-13,13,3,2025,DEL LIBERTADOR AV. 5722,-58.445603,-34.55931,Comuna 13,4,calle_avenida,doble,sur,23213
2025-03-20,20,3,2025,DEL LIBERTADOR AV. 5722,-58.445603,-34.55931,Comuna 13,4,calle_avenida,doble,sur,19628
2025-03-27,27,3,2025,DEL LIBERTADOR AV. 5722,-58.445603,-34.55931,Comuna 13,4,calle_avenida,doble,sur,27595
2025-04-03,3,4,2025,DEL LIBERTADOR AV. 5722,-58.445603,-34.55931,Comuna 13,4,calle_avenida,doble,sur,24062
2025-04-10,10,4,2025,DEL LIBERTADOR AV. 5722,-58.445603,-34.55931,Comuna 13,4,calle_avenida,doble,sur,24937
2025-04-17,17,4,2025,DEL LIBERTADOR AV. 5722,-58.445603,-34.55931,Comuna 13,4,calle_avenida,doble,sur,25829
2025-04-24,24,4,2025,DEL LIBERTADOR AV. 5722,-58.445603,-34.55931,Comuna 13,4,calle_avenida,doble,sur,25644
2025-05-01,1,5,2025,DEL LIBERTADOR AV. 5722,-58.445603,-34.55931,Comuna 13,4,calle_avenida,doble,sur,17258
2025-05-08,8,5,2025,DEL LIBERTADOR AV. 5722,-58.445603,-34.55931,Comuna 13,4,calle_avenida,doble,sur,25596
2025-05-15,15,5,2025,DEL LIBERTADOR AV. 5722,-58.445603,-34.55931,Comuna 13,4,calle_avenida,doble,sur,26145
2025-05-22,22,5,2025,DEL LIBERTADOR AV. 5722,-58.445603,-34.55931,Comuna 13,4,calle_avenida,doble,sur,26897
2025-05-29,29,5,2025,DEL LIBERTADOR AV. 5722,-58.445603,-34.55931,Comuna 13,4,calle_avenida,doble,sur,25934
2025-06-05,5,6,2025,DEL LIBERTADOR AV. 5722,-58.445603,-34.55931,Comuna 13,4,calle_avenida,doble,sur,26623
2025-06-12,12,6,2025,DEL LIBERTADOR AV. 5722,-58.445603,-34.55931,Comuna 13,4,calle_avenida,doble,sur,25836
2025-06-19,19,6,2025,DEL LIBERTADOR AV. 5722,-58.445603,-34.55931,Comuna 13,4,calle_avenida,doble,sur,23836
2025-06-26,26,6,2025,DEL LIBERTADOR AV. 5722,-58.445603,-34.55931,Comuna 13,4,calle_avenida,doble,sur,25755
2025-07-03,3,7,2025,DEL LIBERTADOR AV. 5722,-58.445603,-34.55931,Comuna 13,4,calle_avenida,doble,sur,24398
2025-07-10,10,7,2025,DEL LIBERTADOR AV. 5722,-58.445603,-34.55931,Comuna 13,4,calle_avenida,doble,sur,26518
2025-07-17,17,7,2025,DEL LIBERTADOR AV. 5722,-58.445603,-34.55931,Comuna 13,4,calle_avenida,doble,sur,25930
2025-07-24,24,7,2025,DEL LIBERTADOR AV. 5722,-58.445603,-34.55931,Comuna 13,4,calle_avenida,doble,sur,24709
2025-07-31,31,7,2025,DEL LIBERTADOR AV. 5722,-58.445603,-34.55931,Comuna 13,4,calle_avenida,doble,sur,26149
2025-01-03,3,1,2025,INDEPENDENCIA AV. 1784,-58.391307,-34.618226,Comuna 1,4,calle_avenida,única,oeste,15531
2025-01-10,10,1,2025,INDEPENDENCIA AV. 1784,-58.391307,-34.618226,Comuna 1,4,calle_avenida,única,oeste,14977
2025-01-17,17,1,2025,INDEPENDENCIA AV. 1784,-58.391307,-34.618226,Comuna 1,4,calle_avenida,única,oeste,11987
2025-01-24,24,1,2025,INDEPENDENCIA AV. 1784,-58.391307,-34.618226,Comuna 1,4,calle_avenida,única,oeste,8782
2025-01-31,31,1,2025,INDEPENDENCIA AV. 1784,-58.391307,-34.618226,Comuna 1,4,calle_avenida,única,oeste,11892
2025-02-07,7,2,2025,INDEPENDENCIA AV. 1784,-58.391307,-34.618226,Comuna 1,4,calle_avenida,única,oeste,17752
2025-02-14,14,2,2025,INDEPENDENCIA AV. 1784,-58.391307,-34.618226,Comuna 1,4,calle_avenida,única,oeste,13333
2025-02-21,21,2,2025,INDEPENDENCIA AV. 1784,-58.391307,-34.618226,Comuna 1,4,calle_avenida,única,oeste,11262
2025-02-28,28,2,2025,INDEPENDENCIA AV. 1784,-58.391307,-34.618226,Comuna 1,4,calle_avenida,única,oeste,12460
2025-03-06,6,3,2025,INDEPENDENCIA AV. 1784,-58.391307,-34.618226,Comuna 1,4,calle_avenida,única,oeste,13080
2025-03-13,13,3,2025,INDEPENDENCIA AV. 1784,-58.391307,-34.618226,Comuna 1,4,calle_avenida,única,oeste,33
2025-03-20,20,3,2025,INDEPENDENCIA AV. 1784,-58.391307,-34.618226,Comuna 1,4,calle_avenida,única,oeste,6758
2025-03-27,27,3,2025,INDEPENDENCIA AV. 1784,-58.391307,-34.618226,Comuna 1,4,calle_avenida,única,oeste,14214
2025-04-03,3,4,2025,INDEPENDENCIA AV. 1784,-58.391307,-34.618226,Comuna 1,4,calle_avenida,única,oeste,8329
2025-04-10,10,4,2025,INDEPENDENCIA AV. 1784,-58.391307,-34.618226,Comuna 1,4,calle_avenida,única,oeste,10075
2025-04-17,17,4,2025,INDEPENDENCIA AV. 1784,-58.391307,-34.618226,Comuna 1,4,calle_avenida,única,oeste,11649
2025-04-24,24,4,2025,INDEPENDENCIA AV. 1784,-58.391307,-34.618226,Comuna 1,4,calle_avenida,única,oeste,15748
2025-05-01,1,5,2025,INDEPENDENCIA AV. 1784,-58.391307,-34.618226,Comuna 1,4,calle_avenida,única,oeste,5070
2025-05-08,8,5,2025,INDEPENDENCIA AV. 1784,-58.391307,-34.618226,Comuna 1,4,calle_avenida,única,oeste,17517
2025-05-15,15,5,2025,INDEPENDENCIA AV. 1784,-58.391307,-34.618226,Comuna 1,4,calle_avenida,única,oeste,15591
2025-05-22,22,5,2025,INDEPENDENCIA AV. 1784,-58.391307,-34.618226,Comuna 1,4,calle_avenida,única,oeste,14511
2025-05-29,29,5,2025,INDEPENDENCIA AV. 1784,-58.391307,-34.618226,Comuna 1,4,calle_avenida,única,oeste,12566
2025-06-05,5,6,2025,INDEPENDENCIA AV. 1784,-58.391307,-34.618226,Comuna 1,4,calle_avenida,única,oeste,9973
2025-06-12,12,6,2025,INDEPENDENCIA AV. 1784,-58.391307,-34.618226,Comuna 1,4,calle_avenida,única,oeste,9107
2025-06-19,19,6,2025,INDEPENDENCIA AV. 1784,-58.391307,-34.618226,Comuna 1,4,calle_avenida,única,oeste,15316
2025-06-26,26,6,2025,INDEPENDENCIA AV. 1784,-58.391307,-34.618226,Comuna 1,4,calle_avenida,única,oeste,10307
2025-07-03,3,7,2025,INDEPENDENCIA AV. 1784,-58.391307,-34.618226,Comuna 1,4,calle_avenida,única,oeste,14724
2025-07-10,10,7,2025,INDEPENDENCIA AV. 1784,-58.391307,-34.618226,Comuna 1,4,calle_avenida,única,oeste,15009
2025-07-17,17,7,2025,INDEPENDENCIA AV. 1784,-58.391307,-34.618226,Comuna 1,4,calle_avenida,única,oeste,14239
2025-07-24,24,7,2025,INDEPENDENCIA AV. 1784,-58.391307,-34.618226,Comuna 1,4,calle_avenida,única,oeste,11498
2025-07-31,31,7,2025,INDEPENDENCIA AV. 1784,-58.391307,-34.618226,Comuna 1,4,calle_avenida,única,oeste,14496
2025-01-03,3,1,2025,"ROCA, CNEL. AV. 5870",-58.460539,-34.689402,Comuna 8,3,calle_avenida,doble,este,3665
2025-01-10,10,1,2025,"ROCA, CNEL. AV. 5870",-58.460539,-34.689402,Comuna 8,3,calle_avenida,doble,este,3168
2025-01-17,17,1,2025,"ROCA, CNEL. AV. 5870",-58.460539,-34.689402,Comuna 8,3,calle_avenida,doble,este,3265
2025-01-24,24,1,2025,"ROCA, CNEL. AV. 5870",-58.460539,-34.689402,Comuna 8,3,calle_avenida,doble,este,2554
2025-01-31,31,1,2025,"ROCA, CNEL. AV. 5870",-58.460539,-34.689402,Comuna 8,3,calle_avenida,doble,este,3184
2025-02-07,7,2,2025,"ROCA, CNEL. AV. 5870",-58.460539,-34.689402,Comuna 8,3,calle_avenida,doble,este,4031
2025-02-14,14,2,2025,"ROCA, CNEL. AV. 5870",-58.460539,-34.689402,Comuna 8,3,calle_avenida,doble,este,3306
2025-02-21,21,2,2025,"ROCA, CNEL. AV. 5870",-58.460539,-34.689402,Comuna 8,3,calle_avenida,doble,este,3402
2025-02-28,28,2,2025,"ROCA, CNEL. AV. 5870",-58.460539,-34.689402,Comuna 8,3,calle_avenida,doble,este,3611
2025-03-06,6,3,2025,"ROCA, CNEL. AV. 5870",-58.460539,-34.689402,Comuna 8,3,calle_avenida,doble,este,3555
2025-03-13,13,3,2025,"ROCA, CNEL. AV. 5870",-58.460539,-34.689402,Comuna 8,3,calle_avenida,doble,este,1989
2025-03-20,20,3,2025,"ROCA, CNEL. AV. 5870",-58.460539,-34.689402,Comuna 8,3,calle_avenida,doble,este,2099
2025-03-27,27,3,2025,"ROCA, CNEL. AV. 5870",-58.460539,-34.689402,Comuna 8,3,calle_avenida,doble,este,4037
2025-04-03,3,4,2025,"ROCA, CNEL. AV. 5870",-58.460539,-34.689402,Comuna 8,3,calle_avenida,doble,este,3130
2025-04-10,10,4,2025,"ROCA, CNEL. AV. 5870",-58.460539,-34.689402,Comuna 8,3,calle_avenida,doble,este,6521
2025-04-17,17,4,2025,"ROCA, CNEL. AV. 5870",-58.460539,-34.689402,Comuna 8,3,calle_avenida,doble,este,6039
2025-04-24,24,4,2025,"ROCA, CNEL. AV. 5870",-58.460539,-34.689402,Comuna 8,3,calle_avenida,doble,este,5692
2025-05-01,1,5,2025,"ROCA, CNEL. AV. 5870",-58.460539,-34.689402,Comuna 8,3,calle_avenida,doble,este,3135
2025-05-08,8,5,2025,"ROCA, CNEL. AV. 5870",-58.460539,-34.689402,Comuna 8,3,calle_avenida,doble,este,6548
2025-05-15,15,5,2025,"ROCA, CNEL. AV. 5870",-58.460539,-34.689402,Comuna 8,3,calle_avenida,doble,este,5674
2025-05-22,22,5,2025,"ROCA, CNEL. AV. 5870",-58.460539,-34.689402,Comuna 8,3,calle_avenida,doble,este,6009
2025-06-05,5,6,2025,"ROCA, CNEL. AV. 5870",-58.460539,-34.689402,Comuna 8,3,calle_avenida,doble,este,4350
2025-06-12,12,6,2025,"ROCA, CNEL. AV. 5870",-58.460539,-34.689402,Comuna 8,3,calle_avenida,doble,este,4684
2025-06-19,19,6,2025,"ROCA, CNEL. AV. 5870",-58.460539,-34.689402,Comuna 8,3,calle_avenida,doble,este,4257
2025-06-26,26,6,2025,"ROCA, CNEL. AV. 5870",-58.460539,-34.689402,Comuna 8,3,calle_avenida,doble,este,4721
2025-07-03,3,7,2025,"ROCA, CNEL. AV. 5870",-58.460539,-34.689402,Comuna 8,3,calle_avenida,doble,este,4509
2025-07-10,10,7,2025,"ROCA, CNEL. AV. 5870",-58.460539,-34.689402,Comuna 8,3,calle_avenida,doble,este,4629
2025-07-17,17,7,2025,"ROCA, CNEL. AV. 5870",-58.460539,-34.689402,Comuna 8,3,calle_avenida,doble,este,3946
2025-07-24,24,7,2025,"ROCA, CNEL. AV. 5870",-58.460539,-34.689402,Comuna 8,3,calle_avenida,doble,este,3860
2025-07-31,31,7,2025,"ROCA, CNEL. AV. 5870",-58.460539,-34.689402,Comuna 8,3,calle_avenida,doble,este,4921
2025-08-07,7,8,2025,FOREST AV. 634,-58.454309,-34.584925,Comuna 15,3,calle_avenida,única,sur,34692
2025-08-07,7,8,2025,AU. 25 DE MAYO - SENTIDO PROVINCIA - PK 2+701,-58.439777,-34.631321,Comuna 7,,Autopista,doble,oeste,34385
2025-08-07,7,8,2025,GAONA AV. 2300,-58.459429,-34.613877,Comuna 6,4,calle_avenida,única,oeste,32698
2025-08-07,7,8,2025,CORDOBA AV. 4570,-58.429776,-34.594591,Comuna 15,4,calle_avenida,única,oeste,31391
2025-08-07,7,8,2025,CALLAO AV. 858,-58.39311,-34.599002,Comuna 2,4,calle_avenida,única,norte,31314
2025-08-07,7,8,2025,CORRIENTES AV. 5220,-58.439127,-34.59969,Comuna 15,4,calle_avenida,única,este,30961
2025-08-07,7,8,2025,AU. 25 DE MAYO - SENTIDO PROVINCIA - PK 1+261,-58.454008,-34.637039,Comuna 7,,Autopista,doble,oeste,29910
2025-08-07,7,8,2025,ENTRE RIOS AV. 326,-58.391646,-34.613,Comuna 1,4,calle_avenida,única,norte,27857
2025-08-07,7,8,2025,CALLAO AV. 1588,-58.391201,-34.591009,Comuna 2,4,calle_avenida,única,norte,27675
2025-08-07,7,8,2025,DEL LIBERTADOR AV. 5722,-58.445603,-34.55931,Comuna 13,4,calle_avenida,doble,sur,26831
2025-08-07,7,8,2025,ALVAREZ THOMAS AV. 1294,-58.459831,-34.578312,Comuna 13,4,calle_avenida,doble,oeste,26599
2025-08-07,7,8,2025,CORDOBA AV. 1980,-58.395434,-34.599776,Comuna 3,4,calle_avenida,única,oeste,25491
2025-08-07,7,8,2025,AVELLANEDA AV. 1825,-58.456423,-34.621237,Comuna 7,4,calle_avenida,única,este,25263
2025-08-07,7,8,2025,PUEYRREDON AV. 214,-58.406212,-34.607467,Comuna 3,3,calle_avenida,doble,sur,24188
2025-08-07,7,8,2025,CORRIENTES AV. 3022,-58.408125,-34.604302,Comuna 3,4,calle_avenida,única,este,22150
2025-08-07,7,8,2025,"ALBERDI, JUAN BAUTISTA AV. 890",-58.440541,-34.623013,Comuna 6,4,calle_avenida,única,oeste,22018
2025-08-07,7,8,2025,CORDOBA AV. 4471,-58.428774,-34.594989,Comuna 14,4,calle_avenida,única,oeste,21366
2025-08-07,7,8,2025,CORRIENTES AV. 6210,-58.448402,-34.591075,Comuna 15,4,calle_avenida,única,este,20909
2025-08-07,7,8,2025,TRIUNVIRATO AV. 4520,-58.4848,-34.575403,Comuna 12,4,calle_avenida,única,este,20654
2025-08-07,7,8,2025,"SCALABRINI ORTIZ, RAUL AV. 1385",-58.427003,-34.592379,Comuna 14,2,calle_avenida,doble,este,20409
2025-08-07,7,8,2025,SAN JUAN AV. 1119,-58.381832,-34.622096,Comuna 1,4,calle_avenida,única,este,18428
2025-08-07,7,8,2025,SAN MARTIN AV. 1844,-58.454414,-34.605652,Comuna 6,3,calle_avenida,doble,este,17395
2025-08-07,7,8,2025,"LACROZE, FEDERICO AV. 4199",-58.455081,-34.587105,Comuna 15,3,calle_avenida,doble,sur,17383
2025-08-07,7,8,2025,RIVADAVIA AV. 9618,-58.499769,-34.637578,Comuna 10,2,calle_avenida,doble,este,17216
2025-08-07,7,8,2025,ENTRE RIOS AV. 1818,-58.390787,-34.629623,Comuna 1,4,calle_avenida,doble,norte,17177
2025-08-07,7,8,2025,INDEPENDENCIA AV. 2086,-58.395712,-34.618449,Comuna 3,4,calle_avenida,única,oeste,16904
2025-08-07,7,8,2025,BELGRANO AV. 3218,-58.411416,-34.615436,Comuna 3,4,calle_avenida,única,este,16487
2025-08-07,7,8,2025,BOEDO AV. 965,-58.416231,-34.624996,Comuna 5,3,calle_avenida,única,sur,15942
2025-08-07,7,8,2025,BELGRANO AV. 324,-58.370911,-34.61249,Comuna 1,4,calle_avenida,única,este,15768
2025-08-07,7,8,2025,RIVADAVIA AV. 2775,-58.405518,-34.610013,Comuna 3,4,calle_avenida,única,oeste,15387
2025-08-07,7,8,2025,"GARAY, JUAN DE AV. 1769",-58.390037,-34.627139,Comuna 1,3,calle_avenida,doble,oeste,15196
2025-08-07,7,8,2025,PUEYRREDON AV. 1418,-58.402311,-34.594121,Comuna 2,3,calle_avenida,doble,sur,15192
2025-08-07,7,8,2025,SANTA FE AV. 2622,-58.403884,-34.594047,Comuna 2,3,calle_avenida,doble,este,14274
2025-08-07,7,8,2025,LIMA 1365,-58.381495,-34.624262,Comuna 1,3,calle_avenida,única,sur,13991
2025-08-07,7,8,2025,VEDIA 3438,-58.86039,-34.544242,Comuna 12,4,calle_avenida,única,este,13912
2025-08-07,7,8,2025,CABILDO AV. 1716,-58.453855,-34.565367,Comuna 13,2,calle_avenida,doble,sur,13449
2025-08-07,7,8,2025,PASEO COLON AV. 753,-58.369509,-34.616769,Comuna 1,4,calle_avenida,doble,sur,13107
2025-08-07,7,8,2025,RIVADAVIA AV. 7218,-58.467187,-34.630203,Comuna 7,2,calle_avenida,doble,este,12668
2025-08-07,7,8,2025,LAS HERAS GENERAL AV. 2289,-58.396838,-34.587651,Comuna 2,3,calle_avenida,doble,oeste,12568
2025-08-07,7,8,2025,SUAREZ 1635,-58.373758,-34.638502,Comuna 4,2,calle_avenida,única,este,11629
2025-08-07,7,8,2025,LIMA 281,-58.381872,-34.611723,Comuna 1,3,calle_avenida,única,sur,11602
2025-08-07,7,8,2025,CORDOBA AV. 3329,-58.413685,-34.597847,Comuna 2,,Carriles Exclusivos,única,oeste,11311
2025-08-07,7,8,2025,RIVADAVIA AV. 4987,-58.43608,-34.618047,Comuna 6,4,calle_avenida,única,oeste,11214
2025-08-07,7,8,2025,AVELLANEDA AV. 2924,-58.471929,-34.626563,Comuna 7,4,calle_avenida,única,este,10805
2025-08-07,7,8,2025,CORDOBA AV. 2149,-58.398175,-34.599668,Comuna 2,,Carriles Exclusivos,única,oeste,10646
2025-08-07,7,8,2025,INDEPENDENCIA AV. 1784,-58.391307,-34.618226,Comuna 1,4,calle_avenida,única,oeste,10573
2025-08-07,7,8,2025,CORDOBA AV. 3647,-58.417813,-34.597727,Comuna 14,,Carriles Exclusivos,única,oeste,10506
2025-08-07,7,8,2025,"RABANAL, FRANCISCO, INTENDENTE AV. 1323",-58.417658,-34.654886,Comuna 4,3,calle_avenida,doble,oeste,10205
2025-08-07,7,8,2025,"JUSTO, JUAN B. AV. 4781",-58.466338,-34.610364,Comuna 11,3,calle_avenida,doble,oeste,10180
2025-08-07,7,8,2025,CORDOBA AV. 2801,-58.407164,-34.597965,Comuna 2,,Carriles Exclusivos,única,oeste,9393
2025-08-07,7,8,2025,"LACROZE, FEDERICO AV. 2462",-58.445413,-34.571098,Comuna 13,2,calle_avenida,doble,norte,9036
2025-08-07,7,8,2025,PUEYRREDON AV. 350,-58.405942,-34.606096,Comuna 3,,Carriles Exclusivos,doble,sur,8753
2025-08-07,7,8,2025,CALLAO AV. 337,-58.392133,-34.605181,Comuna 1,,Carriles Exclusivos,única,norte,8723
2025-08-07,7,8,2025,RIVADAVIA AV. 10524,-58.511786,-34.639436,Comuna 9,3,calle_avenida,doble,este,8152
2025-08-07,7,8,2025,"MONTES DE OCA, MANUEL AV. 1685",-58.373211,-34.646401,Comuna 4,3,calle_avenida,doble,sur,8110
2025-08-07,7,8,2025,VERTIZ VIRREY AV. 2010,-58.449507,-34.559083,Comuna 13,3,calle_avenida,doble,sur,7873
2025-08-07,7,8,2025,RIVADAVIA AV. 7420,-58.469991,-34.630911,Comuna 7,4,calle_avenida,doble,este,7845
2025-08-07,7,8,2025,"ALEM, LEANDRO N. AV. 518",-58.370691,-34.601595,Comuna 1,4,calle_avenida,doble,sur,7814
2025-08-07,7,8,2025,"PERON, JUAN DOMINGO, TTE. GENERAL 2687",-58.404461,-34.607561,Comuna 3,2,calle_avenida,única,oeste,7433
2025-08-07,7,8,2025,SANTA FE AV. 3889,-58.418132,-34.583669,Comuna 14,,Carriles Exclusivos,doble,oeste,7228
2025-08-07,7,8,2025,ENTRE RIOS AV. 182,-58.391718,-34.611145,Comuna 1,,Carriles Exclusivos,única,norte,7224
2025-08-07,7,8,2025,"BEIRO, FRANCISCO AV. 2875",-58.494038,-34.594803,Comuna 15,2,calle_avenida,doble,oeste,7046
2025-08-07,7,8,2025,ROSARIO 21,-58.429075,-34.618311,Comuna 6,2,calle_avenida,única,este,7034
2025-08-07,7,8,2025,PUEYRREDON AV. 367,-58.40571,-34.605973,Comuna 3,,Carriles Exclusivos,doble,norte,6796
2025-08-07,7,8,2025,CALLAO AV. 681,-58.392623,-34.601114,Comuna 1,,Carriles Exclusivos,única,norte,6735
2025-08-07,7,8,2025,SANTA FE AV. 4650,-58.425858,-34.578448,Comuna 14,3,calle_avenida,doble,este,6553
2025-08-07,7,8,2025,CORDOBA AV. 1431,-58.387335,-34.599232,Comuna 2,,Carriles Exclusivos,única,oeste,6534
2025-08-07,7,8,2025,PUEYRREDON AV. 459,-58.405495,-34.60505,Comuna 3,,Carriles Exclusivos,doble,norte,6415
2025-08-07,7,8,2025,MOSCONI GENERAL AV. 3000,-58.50334,-34.587077,Comuna 12,4,calle_avenida,única,norte,6264
2025-08-07,7,8,2025,LARREA 477,-58.402156,-34.603736,Comuna 3,1,calle_avenida,única,norte,5886
2025-08-07,7,8,2025,PUEYRREDON AV. 768,-58.404705,-34.601207,Comuna 3,,Carriles Exclusivos,doble,sur,5797
2025-08-07,7,8,2025,OLIVERA AV. 187,-58.487032,-34.637596,Comuna 10,2,calle_avenida,doble,sur,5519
2025-08-07,7,8,2025,CORDOBA AV. 2523,-58.402911,-34.59879,Comuna 2,,Carriles Exclusivos,única,oeste,5513
2025-08-07,7,8,2025,CORDOBA AV. 1749,-58.392148,-34.599512,Comuna 2,,Carriles Exclusivos,única,oeste,5505
2025-08-07,7,8,2025,PASEO COLON AV. 400,-58.368952,-34.612207,Comuna 1,3,calle_avenida,doble,norte,5452
2025-08-07,7,8,2025,"DE LA TORRE, LISANDRO 663",-58.520368,-34.646059,Comuna 9,3,calle_avenida,única,sur,5368
2025-08-07,7,8,2025,ENTRE RIOS AV. 926,-58.391557,-34.619431,Comuna 1,,Carriles Exclusivos,única,norte,5318
2025-08-07,7,8,2025,PUEYRREDON AV. 870,-58.404389,-34.600218,Comuna 3,,Carriles Exclusivos,doble,sur,5288
2025-08-07,7,8,2025,LAS HERAS GENERAL AV. 1870,-58.392633,-34.591284,Comuna 2,,Carriles Exclusivos,doble,este,5213
2025-08-07,7,8,2025,SANTA FE AV. 1483,-58.388215,-34.595676,Comuna 2,,Carriles Exclusivos,doble,oeste,5099
2025-08-07,7,8,2025,"ROCA, CNEL. AV. 5870",-58.460539,-34.689402,Comuna 8,3,calle_avenida,doble,este,4898
2025-08-07,7,8,2025,CASEROS AV. 3020,-58.406358,-34.637334,Comuna 4,2,calle_avenida,doble,este,4488
2025-08-07,7,8,2025,RIVADAVIA AV. 6626,-58.459176,-34.62777,Comuna 7,2,calle_avenida,doble,este,4424
2025-08-07,7,8,2025,"LIMA ESTE Y GARAY, JUAN DE",-58.382235,-34.626842,Comuna 1,2,calle_avenida,doble,sur,4293
2025-08-07,7,8,2025,LAS HERAS GENERAL AV. 2252,-58.396535,-34.588012,Comuna 2,,Carriles Exclusivos,doble,este,4266
2025-08-07,7,8,2025,ENTRE RIOS AV. 678,-58.391572,-34.616551,Comuna 1,,Carriles Exclusivos,única,norte,3603
2025-08-07,7,8,2025,VUELTA DE OBLIGADO 2179,-58.456328,-34.560704,Comuna 13,3,calle_avenida,única,norte,3544
2025-08-07,7,8,2025,VARELA AV. 2779,-58.438057,-34.655973,Comuna 8,3,calle_avenida,doble,sur,3290
2025-08-07,7,8,2025,CORDOBA AV. 1147,-58.383217,-34.599039,Comuna 1,,Carriles Exclusivos,única,oeste,3153
2025-08-07,7,8,2025,LIMA OESTE 1524,-58.382189,-34.626200,Comuna 1,3,calle_avenida,doble,norte,1982
2025-08-07,7,8,2025,"AU 25 DE MAYO (AU10), SENTIDO CENTRO (ASCENDENTE), PK: 6+301",-58.402830,-34.625953,Comuna 3,,Autopista,doble,este,1718
2025-08-07,7,8,2025,AU. PERITO MORENO - SENTIDO PROVINCIA - PK 0+701,-58.522022,-34.636805,Comuna 9,,Autopista,doble,oeste,1450
2025-08-07,7,8,2025,CORDOBA AV. 3143,-58.410998,-34.597969,Comuna 2,,Carriles Exclusivos,única,oeste,98
2025-08-14,14,8,2025,FOREST AV. 634,-58.454309,-34.584925,Comuna 15,3,calle_avenida,única,sur,34973
2025-08-14,14,8,2025,CORDOBA AV. 4570,-58.429776,-34.594591,Comuna 15,4,calle_avenida,única,oeste,33278
2025-08-14,14,8,2025,GAONA AV. 2300,-58.459429,-34.613877,Comuna 6,4,calle_avenida,única,oeste,32747
2025-08-14,14,8,2025,CORRIENTES AV. 5220,-58.439127,-34.59969,Comuna 15,4,calle_avenida,única,este,31206
2025-08-14,14,8,2025,CALLAO AV. 858,-58.39311,-34.599002,Comuna 2,4,calle_avenida,única,norte,30309
2025-08-14,14,8,2025,AU. 25 DE MAYO - SENTIDO PROVINCIA - PK 2+701,-58.439777,-34.631321,Comuna 7,,Autopista,doble,oeste,29059
2025-08-14,14,8,2025,AU. 25 DE MAYO - SENTIDO PROVINCIA - PK 1+261,-58.454008,-34.637039,Comuna 7,,Autopista,doble,oeste,28351
2025-08-14,14,8,2025,CALLAO AV. 1588,-58.391201,-34.591009,Comuna 2,4,calle_avenida,única,norte,27337
2025-08-14,14,8,2025,DEL LIBERTADOR AV. 5722,-58.445603,-34.55931,Comuna 13,4,calle_avenida,doble,sur,27045
2025-08-14,14,8,2025,ALVAREZ THOMAS AV. 1294,-58.459831,-34.578312,Comuna 13,4,calle_avenida,doble,oeste,26595
2025-08-14,14,8,2025,CORDOBA AV. 1980,-58.395434,-34.599776,Comuna 3,4,calle_avenida,única,oeste,24672
2025-08-14,14,8,2025,AVELLANEDA AV. 1825,-58.456423,-34.621237,Comuna 7,4,calle_avenida,única,este,24162
2025-08-14,14,8,2025,PUEYRREDON AV. 214,-58.406212,-34.607467,Comuna 3,3,calle_avenida,doble,sur,24104
2025-08-14,14,8,2025,ENTRE RIOS AV. 326,-58.391646,-34.613,Comuna 1,4,calle_avenida,única,norte,23913
2025-08-14,14,8,2025,CORDOBA AV. 4471,-58.428774,-34.594989,Comuna 14,4,calle_avenida,única,oeste,23563
2025-08-14,14,8,2025,RIVADAVIA AV. 9618,-58.499769,-34.637578,Comuna 10,2,calle_avenida,doble,este,22480
2025-08-14,14,8,2025,TRIUNVIRATO AV. 4520,-58.4848,-34.575403,Comuna 12,4,calle_avenida,única,este,21355
2025-08-14,14,8,2025,"ALBERDI, JUAN BAUTISTA AV. 890",-58.440541,-34.623013,Comuna 6,4,calle_avenida,única,oeste,21032
2025-08-14,14,8,2025,CORRIENTES AV. 6210,-58.448402,-34.591075,Comuna 15,4,calle_avenida,única,este,20470
2025-08-14,14,8,2025,CORRIENTES AV. 3022,-58.408125,-34.604302,Comuna 3,4,calle_avenida,única,este,20016
2025-08-14,14,8,2025,BELGRANO AV. 3218,-58.411416,-34.615436,Comuna 3,4,calle_avenida,única,este,19813
2025-08-14,14,8,2025,"SCALABRINI ORTIZ, RAUL AV. 1385",-58.427003,-34.592379,Comuna 14,2,calle_avenida,doble,este,19006
2025-08-14,14,8,2025,SAN JUAN AV. 1119,-58.381832,-34.622096,Comuna 1,4,calle_avenida,única,este,18532
2025-08-14,14,8,2025,ENTRE RIOS AV. 1818,-58.390787,-34.629623,Comuna 1,4,calle_avenida,doble,norte,18195
2025-08-14,14,8,2025,INDEPENDENCIA AV. 2086,-58.395712,-34.618449,Comuna 3,4,calle_avenida,única,oeste,17859
2025-08-14,14,8,2025,SAN MARTIN AV. 1844,-58.454414,-34.605652,Comuna 6,3,calle_avenida,doble,este,17698
2025-08-14,14,8,2025,"LACROZE, FEDERICO AV. 4199",-58.455081,-34.587105,Comuna 15,3,calle_avenida,doble,sur,17401
2025-08-14,14,8,2025,BELGRANO AV. 324,-58.370911,-34.61249,Comuna 1,4,calle_avenida,única,este,17262
2025-08-14,14,8,2025,INDEPENDENCIA AV. 1784,-58.391307,-34.618226,Comuna 1,4,calle_avenida,única,oeste,16812
2025-08-14,14,8,2025,BOEDO AV. 965,-58.416231,-34.624996,Comuna 5,3,calle_avenida,única,sur,16310
2025-08-14,14,8,2025,RIVADAVIA AV. 2775,-58.405518,-34.610013,Comuna 3,4,calle_avenida,única,oeste,16076
2025-08-14,14,8,2025,SANTA FE AV. 2622,-58.403884,-34.594047,Comuna 2,3,calle_avenida,doble,este,15819
2025-08-14,14,8,2025,"GARAY, JUAN DE AV. 1769",-58.390037,-34.627139,Comuna 1,3,calle_avenida,doble,oeste,15779
2025-08-14,14,8,2025,PASEO COLON AV. 753,-58.369509,-34.616769,Comuna 1,4,calle_avenida,doble,sur,15325
2025-08-14,14,8,2025,PUEYRREDON AV. 1418,-58.402311,-34.594121,Comuna 2,3,calle_avenida,doble,sur,14945
2025-08-14,14,8,2025,CABILDO AV. 1716,-58.453855,-34.565367,Comuna 13,2,calle_avenida,doble,sur,14317
2025-08-14,14,8,2025,LIMA 1365,-58.381495,-34.624262,Comuna 1,3,calle_avenida,única,sur,14248
2025-08-14,14,8,2025,LAS HERAS GENERAL AV. 2289,-58.396838,-34.587651,Comuna 2,3,calle_avenida,doble,oeste,13325
2025-08-14,14,8,2025,LIMA 281,-58.381872,-34.611723,Comuna 1,3,calle_avenida,única,sur,12610
2025-08-14,14,8,2025,SUAREZ 1635,-58.373758,-34.638502,Comuna 4,2,calle_avenida,única,este,12380
2025-08-14,14,8,2025,VEDIA 3438,-58.86039,-34.544242,Comuna 12,4,calle_avenida,única,este,12083
2025-08-14,14,8,2025,RIVADAVIA AV. 7218,-58.467187,-34.630203,Comuna 7,2,calle_avenida,doble,este,12062
2025-08-14,14,8,2025,CORDOBA AV. 3329,-58.413685,-34.597847,Comuna 2,,Carriles Exclusivos,única,oeste,11385
2025-08-14,14,8,2025,RIVADAVIA AV. 4987,-58.43608,-34.618047,Comuna 6,4,calle_avenida,única,oeste,10754
2025-08-14,14,8,2025,CORDOBA AV. 2149,-58.398175,-34.599668,Comuna 2,,Carriles Exclusivos,única,oeste,10251
2025-08-14,14,8,2025,"LACROZE, FEDERICO AV. 2462",-58.445413,-34.571098,Comuna 13,2,calle_avenida,doble,norte,10214
2025-08-14,14,8,2025,"RABANAL, FRANCISCO, INTENDENTE AV. 1323",-58.417658,-34.654886,Comuna 4,3,calle_avenida,doble,oeste,10184
2025-08-14,14,8,2025,AVELLANEDA AV. 2924,-58.471929,-34.626563,Comuna 7,4,calle_avenida,única,este,9700
2025-08-14,14,8,2025,CORDOBA AV. 2801,-58.407164,-34.597965,Comuna 2,,Carriles Exclusivos,única,oeste,9557
2025-08-14,14,8,2025,CORDOBA AV. 3647,-58.417813,-34.597727,Comuna 14,,Carriles Exclusivos,única,oeste,8997
2025-08-14,14,8,2025,"ALEM, LEANDRO N. AV. 518",-58.370691,-34.601595,Comuna 1,4,calle_avenida,doble,sur,8839
2025-08-14,14,8,2025,"JUSTO, JUAN B. AV. 4781",-58.466338,-34.610364,Comuna 11,3,calle_avenida,doble,oeste,8732
2025-08-14,14,8,2025,CALLAO AV. 337,-58.392133,-34.605181,Comuna 1,,Carriles Exclusivos,única,norte,8446
2025-08-14,14,8,2025,"MONTES DE OCA, MANUEL AV. 1685",-58.373211,-34.646401,Comuna 4,3,calle_avenida,doble,sur,8384
2025-08-14,14,8,2025,RIVADAVIA AV. 10524,-58.511786,-34.639436,Comuna 9,3,calle_avenida,doble,este,8370
2025-08-14,14,8,2025,PUEYRREDON AV. 350,-58.405942,-34.606096,Comuna 3,,Carriles Exclusivos,doble,sur,8186
2025-08-14,14,8,2025,RIVADAVIA AV. 7420,-58.469991,-34.630911,Comuna 7,4,calle_avenida,doble,este,8158
2025-08-14,14,8,2025,ROSARIO 21,-58.429075,-34.618311,Comuna 6,2,calle_avenida,única,este,7932
2025-08-14,14,8,2025,VERTIZ VIRREY AV. 2010,-58.449507,-34.559083,Comuna 13,3,calle_avenida,doble,sur,7624
2025-08-14,14,8,2025,"PERON, JUAN DOMINGO, TTE. GENERAL 2687",-58.404461,-34.607561,Comuna 3,2,calle_avenida,única,oeste,7597
2025-08-14,14,8,2025,ENTRE RIOS AV. 182,-58.391718,-34.611145,Comuna 1,,Carriles Exclusivos,única,norte,7272
2025-08-14,14,8,2025,LARREA 477,-58.402156,-34.603736,Comuna 3,1,calle_avenida,única,norte,7268
2025-08-14,14,8,2025,"BEIRO, FRANCISCO AV. 2875",-58.494038,-34.594803,Comuna 15,2,calle_avenida,doble,oeste,7144
2025-08-14,14,8,2025,SANTA FE AV. 4650,-58.425858,-34.578448,Comuna 14,3,calle_avenida,doble,este,7079
2025-08-14,14,8,2025,SANTA FE AV. 3889,-58.418132,-34.583669,Comuna 14,,Carriles Exclusivos,doble,oeste,7006
2025-08-14,14,8,2025,PASEO COLON AV. 400,-58.368952,-34.612207,Comuna 1,3,calle_avenida,doble,norte,6880
2025-08-14,14,8,2025,PUEYRREDON AV. 367,-58.40571,-34.605973,Comuna 3,,Carriles Exclusivos,doble,norte,6753
2025-08-14,14,8,2025,PUEYRREDON AV. 459,-58.405495,-34.60505,Comuna 3,,Carriles Exclusivos,doble,norte,6724
2025-08-14,14,8,2025,CALLAO AV. 681,-58.392623,-34.601114,Comuna 1,,Carriles Exclusivos,única,norte,6458
2025-08-14,14,8,2025,CORDOBA AV. 1431,-58.387335,-34.599232,Comuna 2,,Carriles Exclusivos,única,oeste,6368
2025-08-14,14,8,2025,MOSCONI GENERAL AV. 3000,-58.50334,-34.587077,Comuna 12,4,calle_avenida,única,norte,6139
2025-08-14,14,8,2025,CORDOBA AV. 2523,-58.402911,-34.59879,Comuna 2,,Carriles Exclusivos,única,oeste,5983
2025-08-14,14,8,2025,PUEYRREDON AV. 768,-58.404705,-34.601207,Comuna 3,,Carriles Exclusivos,doble,sur,5853
2025-08-14,14,8,2025,CORDOBA AV. 3143,-58.410998,-34.597969,Comuna 2,,Carriles Exclusivos,única,oeste,5834
2025-08-14,14,8,2025,OLIVERA AV. 187,-58.487032,-34.637596,Comuna 10,2,calle_avenida,doble,sur,5609
2025-08-14,14,8,2025,ENTRE RIOS AV. 926,-58.391557,-34.619431,Comuna 1,,Carriles Exclusivos,única,norte,5550
2025-08-14,14,8,2025,CORDOBA AV. 1749,-58.392148,-34.599512,Comuna 2,,Carriles Exclusivos,única,oeste,5421
2025-08-14,14,8,2025,"DE LA TORRE, LISANDRO 663",-58.520368,-34.646059,Comuna 9,3,calle_avenida,única,sur,5313
2025-08-14,14,8,2025,PUEYRREDON AV. 870,-58.404389,-34.600218,Comuna 3,,Carriles Exclusivos,doble,sur,5272
2025-08-14,14,8,2025,LAS HERAS GENERAL AV. 1870,-58.392633,-34.591284,Comuna 2,,Carriles Exclusivos,doble,este,5226
2025-08-14,14,8,2025,"LIMA ESTE Y GARAY, JUAN DE",-58.382235,-34.626842,Comuna 1,2,calle_avenida,doble,sur,4834
2025-08-14,14,8,2025,SANTA FE AV. 1483,-58.388215,-34.595676,Comuna 2,,Carriles Exclusivos,doble,oeste,4805
2025-08-14,14,8,2025,LAS HERAS GENERAL AV. 2252,-58.396535,-34.588012,Comuna 2,,Carriles Exclusivos,doble,este,4743
2025-08-14,14,8,2025,"ROCA, CNEL. AV. 5870",-58.460539,-34.689402,Comuna 8,3,calle_avenida,doble,este,4740
2025-08-14,14,8,2025,CASEROS AV. 3020,-58.406358,-34.637334,Comuna 4,2,calle_avenida,doble,este,4624
2025-08-14,14,8,2025,RIVADAVIA AV. 6626,-58.459176,-34.62777,Comuna 7,2,calle_avenida,doble,este,4249
2025-08-14,14,8,2025,ENTRE RIOS AV. 678,-58.391572,-34.616551,Comuna 1,,Carriles Exclusivos,única,norte,3619
2025-08-14,14,8,2025,VUELTA DE OBLIGADO 2179,-58.456328,-34.560704,Comuna 13,3,calle_avenida,única,norte,3516
2025-08-14,14,8,2025,VARELA AV. 2779,-58.438057,-34.655973,Comuna 8,3,calle_avenida,doble,sur,3311
2025-08-14,14,8,2025,CORDOBA AV. 1147,-58.383217,-34.599039,Comuna 1,,Carriles Exclusivos,única,oeste,3078
2025-08-14,14,8,2025,LIMA OESTE 1524,-58.382189,-34.626200,Comuna 1,3,calle_avenida,doble,norte,1925
2025-08-14,14,8,2025,"AU 25 DE MAYO (AU10), SENTIDO CENTRO (ASCENDENTE), PK: 6+301",-58.402830,-34.625953,Comuna 3,,Autopista,doble,este,1633
2025-08-21,21,8,2025,AU. 25 DE MAYO - SENTIDO PROVINCIA - PK 2+701,-58.439777,-34.631321,Comuna 7,,Autopista,doble,oeste,33689
2025-08-21,21,8,2025,FOREST AV. 634,-58.454309,-34.584925,Comuna 15,3,calle_avenida,única,sur,33223
2025-08-21,21,8,2025,GAONA AV. 2300,-58.459429,-34.613877,Comuna 6,4,calle_avenida,única,oeste,32227
2025-08-21,21,8,2025,CORRIENTES AV. 5220,-58.439127,-34.59969,Comuna 15,4,calle_avenida,única,este,32087
2025-08-21,21,8,2025,CORDOBA AV. 4570,-58.429776,-34.594591,Comuna 15,4,calle_avenida,única,oeste,31405
2025-08-21,21,8,2025,CALLAO AV. 858,-58.39311,-34.599002,Comuna 2,4,calle_avenida,única,norte,30716
2025-08-21,21,8,2025,AU. 25 DE MAYO - SENTIDO PROVINCIA - PK 1+261,-58.454008,-34.637039,Comuna 7,,Autopista,doble,oeste,29652
2025-08-21,21,8,2025,CALLAO AV. 1588,-58.391201,-34.591009,Comuna 2,4,calle_avenida,única,norte,27704
2025-08-21,21,8,2025,ALVAREZ THOMAS AV. 1294,-58.459831,-34.578312,Comuna 13,4,calle_avenida,doble,oeste,26596
2025-08-21,21,8,2025,DEL LIBERTADOR AV. 5722,-58.445603,-34.55931,Comuna 13,4,calle_avenida,doble,sur,24643
2025-08-21,21,8,2025,ENTRE RIOS AV. 326,-58.391646,-34.613,Comuna 1,4,calle_avenida,única,norte,24133
2025-08-21,21,8,2025,AVELLANEDA AV. 1825,-58.456423,-34.621237,Comuna 7,4,calle_avenida,única,este,24047
2025-08-21,21,8,2025,CORDOBA AV. 1980,-58.395434,-34.599776,Comuna 3,4,calle_avenida,única,oeste,23761
2025-08-21,21,8,2025,PUEYRREDON AV. 214,-58.406212,-34.607467,Comuna 3,3,calle_avenida,doble,sur,23574
2025-08-21,21,8,2025,CORRIENTES AV. 3022,-58.408125,-34.604302,Comuna 3,4,calle_avenida,única,este,22886
2025-08-21,21,8,2025,"ALBERDI, JUAN BAUTISTA AV. 890",-58.440541,-34.623013,Comuna 6,4,calle_avenida,única,oeste,22052
2025-08-21,21,8,2025,RIVADAVIA AV. 9618,-58.499769,-34.637578,Comuna 10,2,calle_avenida,doble,este,21775
2025-08-21,21,8,2025,CORDOBA AV. 4471,-58.428774,-34.594989,Comuna 14,4,calle_avenida,única,oeste,20182
2025-08-21,21,8,2025,TRIUNVIRATO AV. 4520,-58.4848,-34.575403,Comuna 12,4,calle_avenida,única,este,20157
2025-08-21,21,8,2025,"SCALABRINI ORTIZ, RAUL AV. 1385",-58.427003,-34.592379,Comuna 14,2,calle_avenida,doble,este,19266
2025-08-21,21,8,2025,CORRIENTES AV. 6210,-58.448402,-34.591075,Comuna 15,4,calle_avenida,única,este,19108
2025-08-21,21,8,2025,ENTRE RIOS AV. 1818,-58.390787,-34.629623,Comuna 1,4,calle_avenida,doble,norte,18599
2025-08-21,21,8,2025,BELGRANO AV. 3218,-58.411416,-34.615436,Comuna 3,4,calle_avenida,única,este,17549
2025-08-21,21,8,2025,"LACROZE, FEDERICO AV. 4199",-58.455081,-34.587105,Comuna 15,3,calle_avenida,doble,sur,16909
2025-08-21,21,8,2025,BELGRANO AV. 324,-58.370911,-34.61249,Comuna 1,4,calle_avenida,única,este,16333
2025-08-21,21,8,2025,RIVADAVIA AV. 2775,-58.405518,-34.610013,Comuna 3,4,calle_avenida,única,oeste,16195
2025-08-21,21,8,2025,SANTA FE AV. 2622,-58.403884,-34.594047,Comuna 2,3,calle_avenida,doble,este,15938
2025-08-21,21,8,2025,SAN MARTIN AV. 1844,-58.454414,-34.605652,Comuna 6,3,calle_avenida,doble,este,15684
2025-08-21,21,8,2025,BOEDO AV. 965,-58.416231,-34.624996,Comuna 5,3,calle_avenida,única,sur,15525
2025-08-21,21,8,2025,"GARAY, JUAN DE AV. 1769",-58.390037,-34.627139,Comuna 1,3,calle_avenida,doble,oeste,14422
2025-08-21,21,8,2025,INDEPENDENCIA AV. 2086,-58.395712,-34.618449,Comuna 3,4,calle_avenida,única,oeste,14347
2025-08-21,21,8,2025,VEDIA 3438,-58.86039,-34.544242,Comuna 12,4,calle_avenida,única,este,14252
2025-08-21,21,8,2025,PUEYRREDON AV. 1418,-58.402311,-34.594121,Comuna 2,3,calle_avenida,doble,sur,14207
2025-08-21,21,8,2025,SAN JUAN AV. 1119,-58.381832,-34.622096,Comuna 1,4,calle_avenida,única,este,13890
2025-08-21,21,8,2025,CABILDO AV. 1716,-58.453855,-34.565367,Comuna 13,2,calle_avenida,doble,sur,13868
2025-08-21,21,8,2025,LAS HERAS GENERAL AV. 2289,-58.396838,-34.587651,Comuna 2,3,calle_avenida,doble,oeste,13297
2025-08-21,21,8,2025,LIMA 1365,-58.381495,-34.624262,Comuna 1,3,calle_avenida,única,sur,13085
2025-08-21,21,8,2025,INDEPENDENCIA AV. 1784,-58.391307,-34.618226,Comuna 1,4,calle_avenida,única,oeste,12307
2025-08-21,21,8,2025,RIVADAVIA AV. 7218,-58.467187,-34.630203,Comuna 7,2,calle_avenida,doble,este,12129
2025-08-21,21,8,2025,"DE IRIGIOYEN, BERNARDO 1026",-58.3799,-34.62006,Comuna 1,4,calle_avenida,única,norte,11973
2025-08-21,21,8,2025,SUAREZ 1635,-58.373758,-34.638502,Comuna 4,2,calle_avenida,única,este,11588
2025-08-21,21,8,2025,AU. PERITO MORENO - SENTIDO PROVINCIA - PK 0+701,-58.522022,-34.636805,Comuna 9,,Autopista,doble,oeste,11498
2025-08-21,21,8,2025,PASEO COLON AV. 753,-58.369509,-34.616769,Comuna 1,4,calle_avenida,doble,sur,11332
2025-08-21,21,8,2025,AVELLANEDA AV. 2924,-58.471929,-34.626563,Comuna 7,4,calle_avenida,única,este,10858
2025-08-21,21,8,2025,CORDOBA AV. 3329,-58.413685,-34.597847,Comuna 2,,Carriles Exclusivos,única,oeste,10814
2025-08-21,21,8,2025,LIMA 281,-58.381872,-34.611723,Comuna 1,3,calle_avenida,única,sur,10488
2025-08-21,21,8,2025,NAZCA AV. 479,-58.471328,-34.626678,Comuna 7,2,calle_avenida,doble,norte,10398
2025-08-21,21,8,2025,"LACROZE, FEDERICO AV. 2462",-58.445413,-34.571098,Comuna 13,2,calle_avenida,doble,norte,9917
2025-08-21,21,8,2025,"JUSTO, JUAN B. AV. 4781",-58.466338,-34.610364,Comuna 11,3,calle_avenida,doble,oeste,9904
2025-08-21,21,8,2025,"RABANAL, FRANCISCO, INTENDENTE AV. 1323",-58.417658,-34.654886,Comuna 4,3,calle_avenida,doble,oeste,9501
2025-08-21,21,8,2025,CORDOBA AV. 2149,-58.398175,-34.599668,Comuna 2,,Carriles Exclusivos,única,oeste,9417
2025-08-21,21,8,2025,RIVADAVIA AV. 4987,-58.43608,-34.618047,Comuna 6,4,calle_avenida,única,oeste,9186
2025-08-21,21,8,2025,CORDOBA AV. 2801,-58.407164,-34.597965,Comuna 2,,Carriles Exclusivos,única,oeste,9034
2025-08-21,21,8,2025,CALLAO AV. 337,-58.392133,-34.605181,Comuna 1,,Carriles Exclusivos,única,norte,8772
2025-08-21,21,8,2025,RIVADAVIA AV. 10524,-58.511786,-34.639436,Comuna 9,3,calle_avenida,doble,este,8674
2025-08-21,21,8,2025,CORDOBA AV. 3647,-58.417813,-34.597727,Comuna 14,,Carriles Exclusivos,única,oeste,8559
2025-08-21,21,8,2025,PUEYRREDON AV. 350,-58.405942,-34.606096,Comuna 3,,Carriles Exclusivos,doble,sur,8050
2025-08-21,21,8,2025,"MONTES DE OCA, MANUEL AV. 1685",-58.373211,-34.646401,Comuna 4,3,calle_avenida,doble,sur,7918
2025-08-21,21,8,2025,VERTIZ VIRREY AV. 2010,-58.449507,-34.559083,Comuna 13,3,calle_avenida,doble,sur,7803
2025-08-21,21,8,2025,RIVADAVIA AV. 7420,-58.469991,-34.630911,Comuna 7,4,calle_avenida,doble,este,7796
2025-08-21,21,8,2025,CALLAO AV. 681,-58.392623,-34.601114,Comuna 1,,Carriles Exclusivos,única,norte,7463
2025-08-21,21,8,2025,SANTA FE AV. 4650,-58.425858,-34.578448,Comuna 14,3,calle_avenida,doble,este,7252
2025-08-21,21,8,2025,"PERON, JUAN DOMINGO, TTE. GENERAL 2687",-58.404461,-34.607561,Comuna 3,2,calle_avenida,única,oeste,7246
2025-08-21,21,8,2025,SANTA FE AV. 3889,-58.418132,-34.583669,Comuna 14,,Carriles Exclusivos,doble,oeste,7194
2025-08-21,21,8,2025,"BEIRO, FRANCISCO AV. 2875",-58.494038,-34.594803,Comuna 15,2,calle_avenida,doble,oeste,7160
2025-08-21,21,8,2025,ENTRE RIOS AV. 182,-58.391718,-34.611145,Comuna 1,,Carriles Exclusivos,única,norte,6918
2025-08-21,21,8,2025,LARREA 477,-58.402156,-34.603736,Comuna 3,1,calle_avenida,única,norte,6860
2025-08-21,21,8,2025,CORDOBA AV. 1431,-58.387335,-34.599232,Comuna 2,,Carriles Exclusivos,única,oeste,6809
2025-08-21,21,8,2025,ROSARIO 21,-58.429075,-34.618311,Comuna 6,2,calle_avenida,única,este,6384
2025-08-21,21,8,2025,PUEYRREDON AV. 367,-58.40571,-34.605973,Comuna 3,,Carriles Exclusivos,doble,norte,6250
2025-08-21,21,8,2025,PUEYRREDON AV. 459,-58.405495,-34.60505,Comuna 3,,Carriles Exclusivos,doble,norte,6240
2025-08-21,21,8,2025,PASEO COLON AV. 400,-58.368952,-34.612207,Comuna 1,3,calle_avenida,doble,norte,5651
2025-08-21,21,8,2025,PUEYRREDON AV. 870,-58.404389,-34.600218,Comuna 3,,Carriles Exclusivos,doble,sur,5628
2025-08-21,21,8,2025,CORDOBA AV. 3143,-58.410998,-34.597969,Comuna 2,,Carriles Exclusivos,única,oeste,5448
2025-08-21,21,8,2025,MOSCONI GENERAL AV. 3000,-58.50334,-34.587077,Comuna 12,4,calle_avenida,única,norte,5418
2025-08-21,21,8,2025,PUEYRREDON AV. 768,-58.404705,-34.601207,Comuna 3,,Carriles Exclusivos,doble,sur,5334
2025-08-21,21,8,2025,CORDOBA AV. 1749,-58.392148,-34.599512,Comuna 2,,Carriles Exclusivos,única,oeste,5218
2025-08-21,21,8,2025,ENTRE RIOS AV. 926,-58.391557,-34.619431,Comuna 1,,Carriles Exclusivos,única,norte,5087
2025-08-21,21,8,2025,OLIVERA AV. 187,-58.487032,-34.637596,Comuna 10,2,calle_avenida,doble,sur,4970
2025-08-21,21,8,2025,LAS HERAS GENERAL AV. 1870,-58.392633,-34.591284,Comuna 2,,Carriles Exclusivos,doble,este,4907
2025-08-21,21,8,2025,CORDOBA AV. 2523,-58.402911,-34.59879,Comuna 2,,Carriles Exclusivos,única,oeste,4835
2025-08-21,21,8,2025,SANTA FE AV. 1483,-58.388215,-34.595676,Comuna 2,,Carriles Exclusivos,doble,oeste,4769
2025-08-21,21,8,2025,"DE LA TORRE, LISANDRO 663",-58.520368,-34.646059,Comuna 9,3,calle_avenida,única,sur,4742
2025-08-21,21,8,2025,RIVADAVIA AV. 6626,-58.459176,-34.62777,Comuna 7,2,calle_avenida,doble,este,4375
2025-08-21,21,8,2025,LAS HERAS GENERAL AV. 2252,-58.396535,-34.588012,Comuna 2,,Carriles Exclusivos,doble,este,4352
2025-08-21,21,8,2025,"ROCA, CNEL. AV. 5870",-58.460539,-34.689402,Comuna 8,3,calle_avenida,doble,este,4273
2025-08-21,21,8,2025,CASEROS AV. 3020,-58.406358,-34.637334,Comuna 4,2,calle_avenida,doble,este,4043
2025-08-21,21,8,2025,VUELTA DE OBLIGADO 2179,-58.456328,-34.560704,Comuna 13,3,calle_avenida,única,norte,3891
2025-08-21,21,8,2025,"LIMA ESTE Y GARAY, JUAN DE",-58.382235,-34.626842,Comuna 1,2,calle_avenida,doble,sur,3511
2025-08-21,21,8,2025,ENTRE RIOS AV. 678,-58.391572,-34.616551,Comuna 1,,Carriles Exclusivos,única,norte,3393
2025-08-21,21,8,2025,VARELA AV. 2779,-58.438057,-34.655973,Comuna 8,3,calle_avenida,doble,sur,3108
2025-08-21,21,8,2025,CORDOBA AV. 1147,-58.383217,-34.599039,Comuna 1,,Carriles Exclusivos,única,oeste,2982
2025-08-21,21,8,2025,LIMA OESTE 1524,-58.382189,-34.626200,Comuna 1,3,calle_avenida,doble,norte,2163
2025-08-21,21,8,2025,"AU 25 DE MAYO (AU10), SENTIDO CENTRO (ASCENDENTE), PK: 6+301",-58.402830,-34.625953,Comuna 3,,Autopista,doble,este,1678
2025-08-21,21,8,2025,"ALEM, LEANDRO N. AV. 518",-58.370691,-34.601595,Comuna 1,4,calle_avenida,doble,sur,309
2025-08-28,28,8,2025,FOREST AV. 634,-58.454309,-34.584925,Comuna 15,3,calle_avenida,única,sur,35617
2025-08-28,28,8,2025,CORDOBA AV. 4570,-58.429776,-34.594591,Comuna 15,4,calle_avenida,única,oeste,32699
2025-08-28,28,8,2025,GAONA AV. 2300,-58.459429,-34.613877,Comuna 6,4,calle_avenida,única,oeste,32581
2025-08-28,28,8,2025,CORRIENTES AV. 5220,-58.439127,-34.59969,Comuna 15,4,calle_avenida,única,este,31148
2025-08-28,28,8,2025,CALLAO AV. 858,-58.39311,-34.599002,Comuna 2,4,calle_avenida,única,norte,31115
2025-08-28,28,8,2025,AU. 25 DE MAYO - SENTIDO PROVINCIA - PK 2+701,-58.439777,-34.631321,Comuna 7,,Autopista,doble,oeste,28416
2025-08-28,28,8,2025,CALLAO AV. 1588,-58.391201,-34.591009,Comuna 2,4,calle_avenida,única,norte,28038
2025-08-28,28,8,2025,ENTRE RIOS AV. 326,-58.391646,-34.613,Comuna 1,4,calle_avenida,única,norte,27398
2025-08-28,28,8,2025,DEL LIBERTADOR AV. 5722,-58.445603,-34.55931,Comuna 13,4,calle_avenida,doble,sur,26620
2025-08-28,28,8,2025,CORDOBA AV. 1980,-58.395434,-34.599776,Comuna 3,4,calle_avenida,única,oeste,25929
2025-08-28,28,8,2025,ALVAREZ THOMAS AV. 1294,-58.459831,-34.578312,Comuna 13,4,calle_avenida,doble,oeste,24645
2025-08-28,28,8,2025,AVELLANEDA AV. 1825,-58.456423,-34.621237,Comuna 7,4,calle_avenida,única,este,24492
2025-08-28,28,8,2025,PUEYRREDON AV. 214,-58.406212,-34.607467,Comuna 3,3,calle_avenida,doble,sur,24232
2025-08-28,28,8,2025,AU. 25 DE MAYO - SENTIDO PROVINCIA - PK 1+261,-58.454008,-34.637039,Comuna 7,,Autopista,doble,oeste,23783
2025-08-28,28,8,2025,CORDOBA AV. 4471,-58.428774,-34.594989,Comuna 14,4,calle_avenida,única,oeste,23142
2025-08-28,28,8,2025,CORRIENTES AV. 3022,-58.408125,-34.604302,Comuna 3,4,calle_avenida,única,este,22310
2025-08-28,28,8,2025,RIVADAVIA AV. 9618,-58.499769,-34.637578,Comuna 10,2,calle_avenida,doble,este,22144
2025-08-28,28,8,2025,"ALBERDI, JUAN BAUTISTA AV. 890",-58.440541,-34.623013,Comuna 6,4,calle_avenida,única,oeste,21345
2025-08-28,28,8,2025,TRIUNVIRATO AV. 4520,-58.4848,-34.575403,Comuna 12,4,calle_avenida,única,este,20544
2025-08-28,28,8,2025,CORRIENTES AV. 6210,-58.448402,-34.591075,Comuna 15,4,calle_avenida,única,este,20284
2025-08-28,28,8,2025,BELGRANO AV. 3218,-58.411416,-34.615436,Comuna 3,4,calle_avenida,única,este,19750
2025-08-28,28,8,2025,INDEPENDENCIA AV. 2086,-58.395712,-34.618449,Comuna 3,4,calle_avenida,única,oeste,19295
2025-08-28,28,8,2025,"SCALABRINI ORTIZ, RAUL AV. 1385",-58.427003,-34.592379,Comuna 14,2,calle_avenida,doble,este,19011
2025-08-28,28,8,2025,"LACROZE, FEDERICO AV. 4199",-58.455081,-34.587105,Comuna 15,3,calle_avenida,doble,sur,17204
2025-08-28,28,8,2025,BELGRANO AV. 324,-58.370911,-34.61249,Comuna 1,4,calle_avenida,única,este,16958
2025-08-28,28,8,2025,SAN MARTIN AV. 1844,-58.454414,-34.605652,Comuna 6,3,calle_avenida,doble,este,16755
2025-08-28,28,8,2025,ENTRE RIOS AV. 1818,-58.390787,-34.629623,Comuna 1,4,calle_avenida,doble,norte,16670
2025-08-28,28,8,2025,INDEPENDENCIA AV. 1784,-58.391307,-34.618226,Comuna 1,4,calle_avenida,única,oeste,16416
2025-08-28,28,8,2025,BOEDO AV. 965,-58.416231,-34.624996,Comuna 5,3,calle_avenida,única,sur,16183
2025-08-28,28,8,2025,PUEYRREDON AV. 1418,-58.402311,-34.594121,Comuna 2,3,calle_avenida,doble,sur,15297
2025-08-28,28,8,2025,"GARAY, JUAN DE AV. 1769",-58.390037,-34.627139,Comuna 1,3,calle_avenida,doble,oeste,15279
2025-08-28,28,8,2025,SAN JUAN AV. 1119,-58.381832,-34.622096,Comuna 1,4,calle_avenida,única,este,15167
2025-08-28,28,8,2025,PASEO COLON AV. 753,-58.369509,-34.616769,Comuna 1,4,calle_avenida,doble,sur,14971
2025-08-28,28,8,2025,SANTA FE AV. 2622,-58.403884,-34.594047,Comuna 2,3,calle_avenida,doble,este,14743
2025-08-28,28,8,2025,RIVADAVIA AV. 2775,-58.405518,-34.610013,Comuna 3,4,calle_avenida,única,oeste,14708
2025-08-28,28,8,2025,CABILDO AV. 1716,-58.453855,-34.565367,Comuna 13,2,calle_avenida,doble,sur,13988
2025-08-28,28,8,2025,LIMA 1365,-58.381495,-34.624262,Comuna 1,3,calle_avenida,única,sur,13764
2025-08-28,28,8,2025,"DE IRIGIOYEN, BERNARDO 1026",-58.3799,-34.62006,Comuna 1,4,calle_avenida,única,norte,13484
2025-08-28,28,8,2025,LIMA 281,-58.381872,-34.611723,Comuna 1,3,calle_avenida,única,sur,13470
2025-08-28,28,8,2025,LAS HERAS GENERAL AV. 2289,-58.396838,-34.587651,Comuna 2,3,calle_avenida,doble,oeste,13044
2025-08-28,28,8,2025,VEDIA 3438,-58.86039,-34.544242,Comuna 12,4,calle_avenida,única,este,12006
2025-08-28,28,8,2025,RIVADAVIA AV. 4987,-58.43608,-34.618047,Comuna 6,4,calle_avenida,única,oeste,11853
2025-08-28,28,8,2025,SUAREZ 1635,-58.373758,-34.638502,Comuna 4,2,calle_avenida,única,este,11762
2025-08-28,28,8,2025,AU. PERITO MORENO - SENTIDO PROVINCIA - PK 0+701,-58.522022,-34.636805,Comuna 9,,Autopista,doble,oeste,11616
2025-08-28,28,8,2025,NAZCA AV. 479,-58.471328,-34.626678,Comuna 7,2,calle_avenida,doble,norte,11468
2025-08-28,28,8,2025,RIVADAVIA AV. 7218,-58.467187,-34.630203,Comuna 7,2,calle_avenida,doble,este,11214
2025-08-28,28,8,2025,CORDOBA AV. 3329,-58.413685,-34.597847,Comuna 2,,Carriles Exclusivos,única,oeste,11176
2025-08-28,28,8,2025,"LACROZE, FEDERICO AV. 2462",-58.445413,-34.571098,Comuna 13,2,calle_avenida,doble,norte,10160
2025-08-28,28,8,2025,"JUSTO, JUAN B. AV. 4781",-58.466338,-34.610364,Comuna 11,3,calle_avenida,doble,oeste,10111
2025-08-28,28,8,2025,CORDOBA AV. 2149,-58.398175,-34.599668,Comuna 2,,Carriles Exclusivos,única,oeste,9942
2025-08-28,28,8,2025,AVELLANEDA AV. 2924,-58.471929,-34.626563,Comuna 7,4,calle_avenida,única,este,9629
2025-08-28,28,8,2025,"RABANAL, FRANCISCO, INTENDENTE AV. 1323",-58.417658,-34.654886,Comuna 4,3,calle_avenida,doble,oeste,9082
2025-08-28,28,8,2025,PUEYRREDON AV. 350,-58.405942,-34.606096,Comuna 3,,Carriles Exclusivos,doble,sur,8886
2025-08-28,28,8,2025,CORDOBA AV. 2801,-58.407164,-34.597965,Comuna 2,,Carriles Exclusivos,única,oeste,8872
2025-08-28,28,8,2025,CORDOBA AV. 3647,-58.417813,-34.597727,Comuna 14,,Carriles Exclusivos,única,oeste,8812
2025-08-28,28,8,2025,CALLAO AV. 337,-58.392133,-34.605181,Comuna 1,,Carriles Exclusivos,única,norte,8641
2025-08-28,28,8,2025,RIVADAVIA AV. 7420,-58.469991,-34.630911,Comuna 7,4,calle_avenida,doble,este,8446
2025-08-28,28,8,2025,"ALEM, LEANDRO N. AV. 518",-58.370691,-34.601595,Comuna 1,4,calle_avenida,doble,sur,8436
2025-08-28,28,8,2025,"MONTES DE OCA, MANUEL AV. 1685",-58.373211,-34.646401,Comuna 4,3,calle_avenida,doble,sur,7705
2025-08-28,28,8,2025,"PERON, JUAN DOMINGO, TTE. GENERAL 2687",-58.404461,-34.607561,Comuna 3,2,calle_avenida,única,oeste,7660
2025-08-28,28,8,2025,LARREA 477,-58.402156,-34.603736,Comuna 3,1,calle_avenida,única,norte,7462
2025-08-28,28,8,2025,ROSARIO 21,-58.429075,-34.618311,Comuna 6,2,calle_avenida,única,este,7375
2025-08-28,28,8,2025,RIVADAVIA AV. 10524,-58.511786,-34.639436,Comuna 9,3,calle_avenida,doble,este,7260
2025-08-28,28,8,2025,ENTRE RIOS AV. 182,-58.391718,-34.611145,Comuna 1,,Carriles Exclusivos,única,norte,6764
2025-08-28,28,8,2025,"BEIRO, FRANCISCO AV. 2875",-58.494038,-34.594803,Comuna 15,2,calle_avenida,doble,oeste,6653
2025-08-28,28,8,2025,SANTA FE AV. 3889,-58.418132,-34.583669,Comuna 14,,Carriles Exclusivos,doble,oeste,6556
2025-08-28,28,8,2025,CALLAO AV. 681,-58.392623,-34.601114,Comuna 1,,Carriles Exclusivos,única,norte,6355
2025-08-28,28,8,2025,CORDOBA AV. 1431,-58.387335,-34.599232,Comuna 2,,Carriles Exclusivos,única,oeste,6343
2025-08-28,28,8,2025,VERTIZ VIRREY AV. 2010,-58.449507,-34.559083,Comuna 13,3,calle_avenida,doble,sur,6330
2025-08-28,28,8,2025,PUEYRREDON AV. 459,-58.405495,-34.60505,Comuna 3,,Carriles Exclusivos,doble,norte,6290
2025-08-28,28,8,2025,SANTA FE AV. 4650,-58.425858,-34.578448,Comuna 14,3,calle_avenida,doble,este,6047
2025-08-28,28,8,2025,PUEYRREDON AV. 367,-58.40571,-34.605973,Comuna 3,,Carriles Exclusivos,doble,norte,5807
2025-08-28,28,8,2025,PASEO COLON AV. 400,-58.368952,-34.612207,Comuna 1,3,calle_avenida,doble,norte,5746
2025-08-28,28,8,2025,MOSCONI GENERAL AV. 3000,-58.50334,-34.587077,Comuna 12,4,calle_avenida,única,norte,5726
2025-08-28,28,8,2025,PUEYRREDON AV. 768,-58.404705,-34.601207,Comuna 3,,Carriles Exclusivos,doble,sur,5702
2025-08-28,28,8,2025,OLIVERA AV. 187,-58.487032,-34.637596,Comuna 10,2,calle_avenida,doble,sur,5687
2025-08-28,28,8,2025,CORDOBA AV. 3143,-58.410998,-34.597969,Comuna 2,,Carriles Exclusivos,única,oeste,5601
2025-08-28,28,8,2025,ENTRE RIOS AV. 926,-58.391557,-34.619431,Comuna 1,,Carriles Exclusivos,única,norte,5430
2025-08-28,28,8,2025,CORDOBA AV. 1749,-58.392148,-34.599512,Comuna 2,,Carriles Exclusivos,única,oeste,5421
2025-08-28,28,8,2025,CORDOBA AV. 2523,-58.402911,-34.59879,Comuna 2,,Carriles Exclusivos,única,oeste,5301
2025-08-28,28,8,2025,"DE LA TORRE, LISANDRO 663",-58.520368,-34.646059,Comuna 9,3,calle_avenida,única,sur,5185
2025-08-28,28,8,2025,PUEYRREDON AV. 870,-58.404389,-34.600218,Comuna 3,,Carriles Exclusivos,doble,sur,5145
2025-08-28,28,8,2025,SANTA FE AV. 1483,-58.388215,-34.595676,Comuna 2,,Carriles Exclusivos,doble,oeste,5136
2025-08-28,28,8,2025,LAS HERAS GENERAL AV. 1870,-58.392633,-34.591284,Comuna 2,,Carriles Exclusivos,doble,este,5109
2025-08-28,28,8,2025,"ROCA, CNEL. AV. 5870",-58.460539,-34.689402,Comuna 8,3,calle_avenida,doble,este,4936
2025-08-28,28,8,2025,RIVADAVIA AV. 6626,-58.459176,-34.62777,Comuna 7,2,calle_avenida,doble,este,4854
2025-08-28,28,8,2025,LAS HERAS GENERAL AV. 2252,-58.396535,-34.588012,Comuna 2,,Carriles Exclusivos,doble,este,4769
2025-08-28,28,8,2025,"LIMA ESTE Y GARAY, JUAN DE",-58.382235,-34.626842,Comuna 1,2,calle_avenida,doble,sur,4497
2025-08-28,28,8,2025,ENTRE RIOS AV. 678,-58.391572,-34.616551,Comuna 1,,Carriles Exclusivos,única,norte,3766
2025-08-28,28,8,2025,CASEROS AV. 3020,-58.406358,-34.637334,Comuna 4,2,calle_avenida,doble,este,3627
2025-08-28,28,8,2025,VARELA AV. 2779,-58.438057,-34.655973,Comuna 8,3,calle_avenida,doble,sur,3216
2025-08-28,28,8,2025,CORDOBA AV. 1147,-58.383217,-34.599039,Comuna 1,,Carriles Exclusivos,única,oeste,3122
2025-08-28,28,8,2025,VUELTA DE OBLIGADO 2179,-58.456328,-34.560704,Comuna 13,3,calle_avenida,única,norte,3105
2025-08-28,28,8,2025,LIMA OESTE 1524,-58.382189,-34.626200,Comuna 1,3,calle_avenida,doble,norte,1920
2025-08-28,28,8,2025,"AU 25 DE MAYO (AU10), SENTIDO CENTRO (ASCENDENTE), PK: 6+301",-58.402830,-34.625953,Comuna 3,,Autopista,doble,este,1561
2025-09-04,4,9,2025,FOREST AV. 634,-58.454309,-34.584925,Comuna 15,3,calle_avenida,única,sur,35279
2025-09-04,4,9,2025,CORDOBA AV. 4570,-58.429776,-34.594591,Comuna 15,4,calle_avenida,única,oeste,33044
2025-09-04,4,9,2025,GAONA AV. 2300,-58.459429,-34.613877,Comuna 6,4,calle_avenida,única,oeste,32710
2025-09-04,4,9,2025,AU. 25 DE MAYO - SENTIDO PROVINCIA - PK 2+701,-58.439777,-34.631321,Comuna 7,,Autopista,doble,oeste,32188
2025-09-04,4,9,2025,CORRIENTES AV. 5220,-58.439127,-34.59969,Comuna 15,4,calle_avenida,única,este,31515
2025-09-04,4,9,2025,CALLAO AV. 1588,-58.391201,-34.591009,Comuna 2,4,calle_avenida,única,norte,28803
2025-09-04,4,9,2025,DEL LIBERTADOR AV. 5722,-58.445603,-34.55931,Comuna 13,4,calle_avenida,doble,sur,27620
2025-09-04,4,9,2025,AU. 25 DE MAYO - SENTIDO PROVINCIA - PK 1+261,-58.454008,-34.637039,Comuna 7,,Autopista,doble,oeste,26607
2025-09-04,4,9,2025,CORDOBA AV. 1980,-58.395434,-34.599776,Comuna 3,4,calle_avenida,única,oeste,25714
2025-09-04,4,9,2025,AVELLANEDA AV. 1825,-58.456423,-34.621237,Comuna 7,4,calle_avenida,única,este,25308
2025-09-04,4,9,2025,ALVAREZ THOMAS AV. 1294,-58.459831,-34.578312,Comuna 13,4,calle_avenida,doble,oeste,25294
2025-09-04,4,9,2025,PUEYRREDON AV. 214,-58.406212,-34.607467,Comuna 3,3,calle_avenida,doble,sur,24723
2025-09-04,4,9,2025,CORDOBA AV. 4471,-58.428774,-34.594989,Comuna 14,4,calle_avenida,única,oeste,23954
2025-09-04,4,9,2025,ENTRE RIOS AV. 326,-58.391646,-34.613,Comuna 1,4,calle_avenida,única,norte,23859
2025-09-04,4,9,2025,RIVADAVIA AV. 9618,-58.499769,-34.637578,Comuna 10,2,calle_avenida,doble,este,23397
2025-09-04,4,9,2025,CORRIENTES AV. 3022,-58.408125,-34.604302,Comuna 3,4,calle_avenida,única,este,22113
2025-09-04,4,9,2025,TRIUNVIRATO AV. 4520,-58.4848,-34.575403,Comuna 12,4,calle_avenida,única,este,21172
2025-09-04,4,9,2025,CORRIENTES AV. 6210,-58.448402,-34.591075,Comuna 15,4,calle_avenida,única,este,20578
2025-09-04,4,9,2025,"SCALABRINI ORTIZ, RAUL AV. 1385",-58.427003,-34.592379,Comuna 14,2,calle_avenida,doble,este,19603
2025-09-04,4,9,2025,BELGRANO AV. 3218,-58.411416,-34.615436,Comuna 3,4,calle_avenida,única,este,18836
2025-09-04,4,9,2025,SAN JUAN AV. 1119,-58.381832,-34.622096,Comuna 1,4,calle_avenida,única,este,18117
2025-09-04,4,9,2025,SAN MARTIN AV. 1844,-58.454414,-34.605652,Comuna 6,3,calle_avenida,doble,este,17762
2025-09-04,4,9,2025,INDEPENDENCIA AV. 1784,-58.391307,-34.618226,Comuna 1,4,calle_avenida,única,oeste,17750
2025-09-04,4,9,2025,"LACROZE, FEDERICO AV. 4199",-58.455081,-34.587105,Comuna 15,3,calle_avenida,doble,sur,17566
2025-09-04,4,9,2025,BELGRANO AV. 324,-58.370911,-34.61249,Comuna 1,4,calle_avenida,única,este,17328
2025-09-04,4,9,2025,CALLAO AV. 858,-58.39311,-34.599002,Comuna 2,4,calle_avenida,única,norte,17300
2025-09-04,4,9,2025,ENTRE RIOS AV. 1818,-58.390787,-34.629623,Comuna 1,4,calle_avenida,doble,norte,17143
2025-09-04,4,9,2025,BOEDO AV. 965,-58.416231,-34.624996,Comuna 5,3,calle_avenida,única,sur,16327
2025-09-04,4,9,2025,PASEO COLON AV. 753,-58.369509,-34.616769,Comuna 1,4,calle_avenida,doble,sur,15739
2025-09-04,4,9,2025,"GARAY, JUAN DE AV. 1769",-58.390037,-34.627139,Comuna 1,3,calle_avenida,doble,oeste,15532
2025-09-04,4,9,2025,SANTA FE AV. 2622,-58.403884,-34.594047,Comuna 2,3,calle_avenida,doble,este,15521
2025-09-04,4,9,2025,PUEYRREDON AV. 1418,-58.402311,-34.594121,Comuna 2,3,calle_avenida,doble,sur,14997
2025-09-04,4,9,2025,RIVADAVIA AV. 2775,-58.405518,-34.610013,Comuna 3,4,calle_avenida,única,oeste,14930
2025-09-04,4,9,2025,CABILDO AV. 1716,-58.453855,-34.565367,Comuna 13,2,calle_avenida,doble,sur,14055
2025-09-04,4,9,2025,LIMA 281,-58.381872,-34.611723,Comuna 1,3,calle_avenida,única,sur,13740
2025-09-04,4,9,2025,LAS HERAS GENERAL AV. 2289,-58.396838,-34.587651,Comuna 2,3,calle_avenida,doble,oeste,13701
2025-09-04,4,9,2025,LIMA 1365,-58.381495,-34.624262,Comuna 1,3,calle_avenida,única,sur,13663
2025-09-04,4,9,2025,"DE IRIGIOYEN, BERNARDO 1026",-58.3799,-34.62006,Comuna 1,4,calle_avenida,única,norte,13618
2025-09-04,4,9,2025,VEDIA 3438,-58.86039,-34.544242,Comuna 12,4,calle_avenida,única,este,13219
2025-09-04,4,9,2025,RIVADAVIA AV. 4987,-58.43608,-34.618047,Comuna 6,4,calle_avenida,única,oeste,12592
2025-09-04,4,9,2025,NAZCA AV. 479,-58.471328,-34.626678,Comuna 7,2,calle_avenida,doble,norte,12579
2025-09-04,4,9,2025,RIVADAVIA AV. 7218,-58.467187,-34.630203,Comuna 7,2,calle_avenida,doble,este,12393
2025-09-04,4,9,2025,SUAREZ 1635,-58.373758,-34.638502,Comuna 4,2,calle_avenida,única,este,12204
2025-09-04,4,9,2025,AU. PERITO MORENO - SENTIDO PROVINCIA - PK 0+701,-58.522022,-34.636805,Comuna 9,,Autopista,doble,oeste,12087
2025-09-04,4,9,2025,CORDOBA AV. 3329,-58.413685,-34.597847,Comuna 2,,Carriles Exclusivos,única,oeste,11325
2025-09-04,4,9,2025,AVELLANEDA AV. 2924,-58.471929,-34.626563,Comuna 7,4,calle_avenida,única,este,10684
2025-09-04,4,9,2025,CORDOBA AV. 2149,-58.398175,-34.599668,Comuna 2,,Carriles Exclusivos,única,oeste,10343
2025-09-04,4,9,2025,"LACROZE, FEDERICO AV. 2462",-58.445413,-34.571098,Comuna 13,2,calle_avenida,doble,norte,10197
2025-09-04,4,9,2025,"JUSTO, JUAN B. AV. 4781",-58.466338,-34.610364,Comuna 11,3,calle_avenida,doble,oeste,9890
2025-09-04,4,9,2025,"RABANAL, FRANCISCO, INTENDENTE AV. 1323",-58.417658,-34.654886,Comuna 4,3,calle_avenida,doble,oeste,9610
2025-09-04,4,9,2025,PUEYRREDON AV. 350,-58.405942,-34.606096,Comuna 3,,Carriles Exclusivos,doble,sur,9490
2025-09-04,4,9,2025,CORDOBA AV. 2801,-58.407164,-34.597965,Comuna 2,,Carriles Exclusivos,única,oeste,9317
2025-09-04,4,9,2025,CORDOBA AV. 3647,-58.417813,-34.597727,Comuna 14,,Carriles Exclusivos,única,oeste,9093
2025-09-04,4,9,2025,RIVADAVIA AV. 7420,-58.469991,-34.630911,Comuna 7,4,calle_avenida,doble,este,8593
2025-09-04,4,9,2025,VERTIZ VIRREY AV. 2010,-58.449507,-34.559083,Comuna 13,3,calle_avenida,doble,sur,8188
2025-09-04,4,9,2025,RIVADAVIA AV. 10524,-58.511786,-34.639436,Comuna 9,3,calle_avenida,doble,este,8046
2025-09-04,4,9,2025,"MONTES DE OCA, MANUEL AV. 1685",-58.373211,-34.646401,Comuna 4,3,calle_avenida,doble,sur,7925
2025-09-04,4,9,2025,ROSARIO 21,-58.429075,-34.618311,Comuna 6,2,calle_avenida,única,este,7746
2025-09-04,4,9,2025,CALLAO AV. 337,-58.392133,-34.605181,Comuna 1,,Carriles Exclusivos,única,norte,7642
2025-09-04,4,9,2025,LARREA 477,-58.402156,-34.603736,Comuna 3,1,calle_avenida,única,norte,7639
2025-09-04,4,9,2025,"ALBERDI, JUAN BAUTISTA AV. 890",-58.440541,-34.623013,Comuna 6,4,calle_avenida,única,oeste,7430
2025-09-04,4,9,2025,"PERON, JUAN DOMINGO, TTE. GENERAL 2687",-58.404461,-34.607561,Comuna 3,2,calle_avenida,única,oeste,6879
2025-09-04,4,9,2025,ENTRE RIOS AV. 182,-58.391718,-34.611145,Comuna 1,,Carriles Exclusivos,única,norte,6863
2025-09-04,4,9,2025,SANTA FE AV. 3889,-58.418132,-34.583669,Comuna 14,,Carriles Exclusivos,doble,oeste,6734
2025-09-04,4,9,2025,PUEYRREDON AV. 459,-58.405495,-34.60505,Comuna 3,,Carriles Exclusivos,doble,norte,6602
2025-09-04,4,9,2025,"BEIRO, FRANCISCO AV. 2875",-58.494038,-34.594803,Comuna 15,2,calle_avenida,doble,oeste,6346
2025-09-04,4,9,2025,MOSCONI GENERAL AV. 3000,-58.50334,-34.587077,Comuna 12,4,calle_avenida,única,norte,6272
2025-09-04,4,9,2025,PUEYRREDON AV. 367,-58.40571,-34.605973,Comuna 3,,Carriles Exclusivos,doble,norte,6213
2025-09-04,4,9,2025,CALLAO AV. 681,-58.392623,-34.601114,Comuna 1,,Carriles Exclusivos,única,norte,6151
2025-09-04,4,9,2025,PASEO COLON AV. 400,-58.368952,-34.612207,Comuna 1,3,calle_avenida,doble,norte,6004
2025-09-04,4,9,2025,PUEYRREDON AV. 768,-58.404705,-34.601207,Comuna 3,,Carriles Exclusivos,doble,sur,5861
2025-09-04,4,9,2025,CORDOBA AV. 2523,-58.402911,-34.59879,Comuna 2,,Carriles Exclusivos,única,oeste,5794
2025-09-04,4,9,2025,ENTRE RIOS AV. 926,-58.391557,-34.619431,Comuna 1,,Carriles Exclusivos,única,norte,5625
2025-09-04,4,9,2025,CORDOBA AV. 3143,-58.410998,-34.597969,Comuna 2,,Carriles Exclusivos,única,oeste,5573
2025-09-04,4,9,2025,CORDOBA AV. 1749,-58.392148,-34.599512,Comuna 2,,Carriles Exclusivos,única,oeste,5562
2025-09-04,4,9,2025,"DE LA TORRE, LISANDRO 663",-58.520368,-34.646059,Comuna 9,3,calle_avenida,única,sur,5535
2025-09-04,4,9,2025,SANTA FE AV. 1483,-58.388215,-34.595676,Comuna 2,,Carriles Exclusivos,doble,oeste,5325
2025-09-04,4,9,2025,PUEYRREDON AV. 870,-58.404389,-34.600218,Comuna 3,,Carriles Exclusivos,doble,sur,5275
2025-09-04,4,9,2025,SANTA FE AV. 4650,-58.425858,-34.578448,Comuna 14,3,calle_avenida,doble,este,5247
2025-09-04,4,9,2025,"ROCA, CNEL. AV. 5870",-58.460539,-34.689402,Comuna 8,3,calle_avenida,doble,este,5156
2025-09-04,4,9,2025,LAS HERAS GENERAL AV. 1870,-58.392633,-34.591284,Comuna 2,,Carriles Exclusivos,doble,este,5004
2025-09-04,4,9,2025,RIVADAVIA AV. 6626,-58.459176,-34.62777,Comuna 7,2,calle_avenida,doble,este,4894
2025-09-04,4,9,2025,LAS HERAS GENERAL AV. 2252,-58.396535,-34.588012,Comuna 2,,Carriles Exclusivos,doble,este,4881
2025-09-04,4,9,2025,"LIMA ESTE Y GARAY, JUAN DE",-58.382235,-34.626842,Comuna 1,2,calle_avenida,doble,sur,4668
2025-09-04,4,9,2025,CORDOBA AV. 1431,-58.387335,-34.599232,Comuna 2,,Carriles Exclusivos,única,oeste,4354
2025-09-04,4,9,2025,CASEROS AV. 3020,-58.406358,-34.637334,Comuna 4,2,calle_avenida,doble,este,4146
2025-09-04,4,9,2025,ENTRE RIOS AV. 678,-58.391572,-34.616551,Comuna 1,,Carriles Exclusivos,única,norte,3520
2025-09-04,4,9,2025,VUELTA DE OBLIGADO 2179,-58.456328,-34.560704,Comuna 13,3,calle_avenida,única,norte,3346
2025-09-04,4,9,2025,VARELA AV. 2779,-58.438057,-34.655973,Comuna 8,3,calle_avenida,doble,sur,3288
2025-09-04,4,9,2025,CORDOBA AV. 1147,-58.383217,-34.599039,Comuna 1,,Carriles Exclusivos,única,oeste,3215
2025-09-04,4,9,2025,"AU 25 DE MAYO (AU10), SENTIDO CENTRO (ASCENDENTE), PK: 6+301",-58.402830,-34.625953,Comuna 3,,Autopista,doble,este,1770
2025-09-04,4,9,2025,LIMA OESTE 1524,-58.382189,-34.626200,Comuna 1,3,calle_avenida,doble,norte,613
2025-09-11,11,9,2025,FOREST AV. 634,-58.454309,-34.584925,Comuna 15,3,calle_avenida,única,sur,35498
2025-09-11,11,9,2025,CORDOBA AV. 4570,-58.429776,-34.594591,Comuna 15,4,calle_avenida,única,oeste,35265
2025-09-11,11,9,2025,GAONA AV. 2300,-58.459429,-34.613877,Comuna 6,4,calle_avenida,única,oeste,33200
2025-09-11,11,9,2025,CORRIENTES AV. 5220,-58.439127,-34.59969,Comuna 15,4,calle_avenida,única,este,31942
2025-09-11,11,9,2025,AU. 25 DE MAYO - SENTIDO PROVINCIA - PK 1+261,-58.454008,-34.637039,Comuna 7,,Autopista,doble,oeste,30327
2025-09-11,11,9,2025,"ALBERDI, JUAN BAUTISTA AV. 890",-58.440541,-34.623013,Comuna 6,4,calle_avenida,única,oeste,28910
2025-09-11,11,9,2025,AU. 25 DE MAYO - SENTIDO PROVINCIA - PK 2+701,-58.439777,-34.631321,Comuna 7,,Autopista,doble,oeste,27672
2025-09-11,11,9,2025,CALLAO AV. 1588,-58.391201,-34.591009,Comuna 2,4,calle_avenida,única,norte,26878
2025-09-11,11,9,2025,DEL LIBERTADOR AV. 5722,-58.445603,-34.55931,Comuna 13,4,calle_avenida,doble,sur,26507
2025-09-11,11,9,2025,CORDOBA AV. 4471,-58.428774,-34.594989,Comuna 14,4,calle_avenida,única,oeste,26498
2025-09-11,11,9,2025,ALVAREZ THOMAS AV. 1294,-58.459831,-34.578312,Comuna 13,4,calle_avenida,doble,oeste,26189
2025-09-11,11,9,2025,CALLAO AV. 858,-58.39311,-34.599002,Comuna 2,4,calle_avenida,única,norte,25252
2025-09-11,11,9,2025,PUEYRREDON AV. 214,-58.406212,-34.607467,Comuna 3,3,calle_avenida,doble,sur,24588
2025-09-11,11,9,2025,CORDOBA AV. 1980,-58.395434,-34.599776,Comuna 3,4,calle_avenida,única,oeste,24546
2025-09-11,11,9,2025,AVELLANEDA AV. 1825,-58.456423,-34.621237,Comuna 7,4,calle_avenida,única,este,24412
2025-09-11,11,9,2025,CORRIENTES AV. 6210,-58.448402,-34.591075,Comuna 15,4,calle_avenida,única,este,21480
2025-09-11,11,9,2025,CORRIENTES AV. 3022,-58.408125,-34.604302,Comuna 3,4,calle_avenida,única,este,20917
2025-09-11,11,9,2025,TRIUNVIRATO AV. 4520,-58.4848,-34.575403,Comuna 12,4,calle_avenida,única,este,20760
2025-09-11,11,9,2025,"SCALABRINI ORTIZ, RAUL AV. 1385",-58.427003,-34.592379,Comuna 14,2,calle_avenida,doble,este,20360
2025-09-11,11,9,2025,RIVADAVIA AV. 9618,-58.499769,-34.637578,Comuna 10,2,calle_avenida,doble,este,19576
2025-09-11,11,9,2025,SAN JUAN AV. 1119,-58.381832,-34.622096,Comuna 1,4,calle_avenida,única,este,19024
2025-09-11,11,9,2025,BELGRANO AV. 3218,-58.411416,-34.615436,Comuna 3,4,calle_avenida,única,este,18861
2025-09-11,11,9,2025,ENTRE RIOS AV. 326,-58.391646,-34.613,Comuna 1,4,calle_avenida,única,norte,17975
2025-09-11,11,9,2025,SAN MARTIN AV. 1844,-58.454414,-34.605652,Comuna 6,3,calle_avenida,doble,este,17738
2025-09-11,11,9,2025,ENTRE RIOS AV. 1818,-58.390787,-34.629623,Comuna 1,4,calle_avenida,doble,norte,17519
2025-09-11,11,9,2025,INDEPENDENCIA AV. 2086,-58.395712,-34.618449,Comuna 3,4,calle_avenida,única,oeste,17223
2025-09-11,11,9,2025,"LACROZE, FEDERICO AV. 4199",-58.455081,-34.587105,Comuna 15,3,calle_avenida,doble,sur,17091
2025-09-11,11,9,2025,BOEDO AV. 965,-58.416231,-34.624996,Comuna 5,3,calle_avenida,única,sur,16350
2025-09-11,11,9,2025,INDEPENDENCIA AV. 1784,-58.391307,-34.618226,Comuna 1,4,calle_avenida,única,oeste,16150
2025-09-11,11,9,2025,"GARAY, JUAN DE AV. 1769",-58.390037,-34.627139,Comuna 1,3,calle_avenida,doble,oeste,16084
2025-09-11,11,9,2025,PASEO COLON AV. 753,-58.369509,-34.616769,Comuna 1,4,calle_avenida,doble,sur,15858
2025-09-11,11,9,2025,BELGRANO AV. 324,-58.370911,-34.61249,Comuna 1,4,calle_avenida,única,este,15832
2025-09-11,11,9,2025,SANTA FE AV. 2622,-58.403884,-34.594047,Comuna 2,3,calle_avenida,doble,este,15475
2025-09-11,11,9,2025,LAS HERAS GENERAL AV. 2289,-58.396838,-34.587651,Comuna 2,3,calle_avenida,doble,oeste,14681
2025-09-11,11,9,2025,RIVADAVIA AV. 2775,-58.405518,-34.610013,Comuna 3,4,calle_avenida,única,oeste,14102
2025-09-11,11,9,2025,VEDIA 3438,-58.86039,-34.544242,Comuna 12,4,calle_avenida,única,este,13999
2025-09-11,11,9,2025,CABILDO AV. 1716,-58.453855,-34.565367,Comuna 13,2,calle_avenida,doble,sur,13896
2025-09-11,11,9,2025,LIMA 1365,-58.381495,-34.624262,Comuna 1,3,calle_avenida,única,sur,13117
2025-09-11,11,9,2025,"DE IRIGIOYEN, BERNARDO 1026",-58.3799,-34.62006,Comuna 1,4,calle_avenida,única,norte,12975
2025-09-11,11,9,2025,RIVADAVIA AV. 7218,-58.467187,-34.630203,Comuna 7,2,calle_avenida,doble,este,12703
2025-09-11,11,9,2025,NAZCA AV. 479,-58.471328,-34.626678,Comuna 7,2,calle_avenida,doble,norte,12647
2025-09-11,11,9,2025,RIVADAVIA AV. 4987,-58.43608,-34.618047,Comuna 6,4,calle_avenida,única,oeste,12626
2025-09-11,11,9,2025,LIMA 281,-58.381872,-34.611723,Comuna 1,3,calle_avenida,única,sur,12237
2025-09-11,11,9,2025,AU. PERITO MORENO - SENTIDO PROVINCIA - PK 0+701,-58.522022,-34.636805,Comuna 9,,Autopista,doble,oeste,11339
2025-09-11,11,9,2025,AVELLANEDA AV. 2924,-58.471929,-34.626563,Comuna 7,4,calle_avenida,única,este,11326
2025-09-11,11,9,2025,"JUSTO, JUAN B. AV. 4781",-58.466338,-34.610364,Comuna 11,3,calle_avenida,doble,oeste,11138
2025-09-11,11,9,2025,SUAREZ 1635,-58.373758,-34.638502,Comuna 4,2,calle_avenida,única,este,11052
2025-09-11,11,9,2025,CORDOBA AV. 3329,-58.413685,-34.597847,Comuna 2,,Carriles Exclusivos,única,oeste,10856
2025-09-11,11,9,2025,"LACROZE, FEDERICO AV. 2462",-58.445413,-34.571098,Comuna 13,2,calle_avenida,doble,norte,10049
2025-09-11,11,9,2025,CORDOBA AV. 2149,-58.398175,-34.599668,Comuna 2,,Carriles Exclusivos,única,oeste,10001
2025-09-11,11,9,2025,"RABANAL, FRANCISCO, INTENDENTE AV. 1323",-58.417658,-34.654886,Comuna 4,3,calle_avenida,doble,oeste,9977
2025-09-11,11,9,2025,CORDOBA AV. 2801,-58.407164,-34.597965,Comuna 2,,Carriles Exclusivos,única,oeste,9519
2025-09-11,11,9,2025,PUEYRREDON AV. 350,-58.405942,-34.606096,Comuna 3,,Carriles Exclusivos,doble,sur,9270
2025-09-11,11,9,2025,"ALEM, LEANDRO N. AV. 518",-58.370691,-34.601595,Comuna 1,4,calle_avenida,doble,sur,9076
2025-09-11,11,9,2025,RIVADAVIA AV. 10524,-58.511786,-34.639436,Comuna 9,3,calle_avenida,doble,este,9002
2025-09-11,11,9,2025,CORDOBA AV. 3647,-58.417813,-34.597727,Comuna 14,,Carriles Exclusivos,única,oeste,8676
2025-09-11,11,9,2025,RIVADAVIA AV. 7420,-58.469991,-34.630911,Comuna 7,4,calle_avenida,doble,este,8560
2025-09-11,11,9,2025,PASEO COLON AV. 400,-58.368952,-34.612207,Comuna 1,3,calle_avenida,doble,norte,8498
2025-09-11,11,9,2025,VERTIZ VIRREY AV. 2010,-58.449507,-34.559083,Comuna 13,3,calle_avenida,doble,sur,8249
2025-09-11,11,9,2025,ROSARIO 21,-58.429075,-34.618311,Comuna 6,2,calle_avenida,única,este,8038
2025-09-11,11,9,2025,MOSCONI GENERAL AV. 3000,-58.50334,-34.587077,Comuna 12,4,calle_avenida,única,norte,7960
2025-09-11,11,9,2025,"BEIRO, FRANCISCO AV. 2875",-58.494038,-34.594803,Comuna 15,2,calle_avenida,doble,oeste,7941
2025-09-11,11,9,2025,LARREA 477,-58.402156,-34.603736,Comuna 3,1,calle_avenida,única,norte,7844
2025-09-11,11,9,2025,"MONTES DE OCA, MANUEL AV. 1685",-58.373211,-34.646401,Comuna 4,3,calle_avenida,doble,sur,7478
2025-09-11,11,9,2025,SANTA FE AV. 4650,-58.425858,-34.578448,Comuna 14,3,calle_avenida,doble,este,7073
2025-09-11,11,9,2025,PUEYRREDON AV. 367,-58.40571,-34.605973,Comuna 3,,Carriles Exclusivos,doble,norte,7035
2025-09-11,11,9,2025,SANTA FE AV. 3889,-58.418132,-34.583669,Comuna 14,,Carriles Exclusivos,doble,oeste,6977
2025-09-11,11,9,2025,CALLAO AV. 337,-58.392133,-34.605181,Comuna 1,,Carriles Exclusivos,única,norte,6975
2025-09-11,11,9,2025,"PERON, JUAN DOMINGO, TTE. GENERAL 2687",-58.404461,-34.607561,Comuna 3,2,calle_avenida,única,oeste,6848
2025-09-11,11,9,2025,PUEYRREDON AV. 459,-58.405495,-34.60505,Comuna 3,,Carriles Exclusivos,doble,norte,6795
2025-09-11,11,9,2025,CORDOBA AV. 2523,-58.402911,-34.59879,Comuna 2,,Carriles Exclusivos,única,oeste,6446
2025-09-11,11,9,2025,CORDOBA AV. 1431,-58.387335,-34.599232,Comuna 2,,Carriles Exclusivos,única,oeste,6237
2025-09-11,11,9,2025,CALLAO AV. 681,-58.392623,-34.601114,Comuna 1,,Carriles Exclusivos,única,norte,5935
2025-09-11,11,9,2025,PUEYRREDON AV. 768,-58.404705,-34.601207,Comuna 3,,Carriles Exclusivos,doble,sur,5855
2025-09-11,11,9,2025,OLIVERA AV. 187,-58.487032,-34.637596,Comuna 10,2,calle_avenida,doble,sur,5838
2025-09-11,11,9,2025,CORDOBA AV. 1749,-58.392148,-34.599512,Comuna 2,,Carriles Exclusivos,única,oeste,5535
2025-09-11,11,9,2025,CORDOBA AV. 3143,-58.410998,-34.597969,Comuna 2,,Carriles Exclusivos,única,oeste,5320
2025-09-11,11,9,2025,LAS HERAS GENERAL AV. 1870,-58.392633,-34.591284,Comuna 2,,Carriles Exclusivos,doble,este,5274
2025-09-11,11,9,2025,SANTA FE AV. 1483,-58.388215,-34.595676,Comuna 2,,Carriles Exclusivos,doble,oeste,5167
2025-09-11,11,9,2025,PUEYRREDON AV. 870,-58.404389,-34.600218,Comuna 3,,Carriles Exclusivos,doble,sur,5048
2025-09-11,11,9,2025,CASEROS AV. 3020,-58.406358,-34.637334,Comuna 4,2,calle_avenida,doble,este,4977
2025-09-11,11,9,2025,LAS HERAS GENERAL AV. 2252,-58.396535,-34.588012,Comuna 2,,Carriles Exclusivos,doble,este,4803
2025-09-11,11,9,2025,"ROCA, CNEL. AV. 5870",-58.460539,-34.689402,Comuna 8,3,calle_avenida,doble,este,4774
2025-09-11,11,9,2025,RIVADAVIA AV. 6626,-58.459176,-34.62777,Comuna 7,2,calle_avenida,doble,este,4724
2025-09-11,11,9,2025,"DE LA TORRE, LISANDRO 663",-58.520368,-34.646059,Comuna 9,3,calle_avenida,única,sur,4718
2025-09-11,11,9,2025,"LIMA ESTE Y GARAY, JUAN DE",-58.382235,-34.626842,Comuna 1,2,calle_avenida,doble,sur,4633
2025-09-11,11,9,2025,ENTRE RIOS AV. 182,-58.391718,-34.611145,Comuna 1,,Carriles Exclusivos,única,norte,4445
2025-09-11,11,9,2025,ENTRE RIOS AV. 926,-58.391557,-34.619431,Comuna 1,,Carriles Exclusivos,única,norte,3889
2025-09-11,11,9,2025,VUELTA DE OBLIGADO 2179,-58.456328,-34.560704,Comuna 13,3,calle_avenida,única,norte,3170
2025-09-11,11,9,2025,CORDOBA AV. 1147,-58.383217,-34.599039,Comuna 1,,Carriles Exclusivos,única,oeste,3098
2025-09-11,11,9,2025,VARELA AV. 2779,-58.438057,-34.655973,Comuna 8,3,calle_avenida,doble,sur,2995
2025-09-11,11,9,2025,ENTRE RIOS AV. 678,-58.391572,-34.616551,Comuna 1,,Carriles Exclusivos,única,norte,2654
2025-09-11,11,9,2025,LIMA OESTE 1524,-58.382189,-34.626200,Comuna 1,3,calle_avenida,doble,norte,2194
2025-09-11,11,9,2025,"AU 25 DE MAYO (AU10), SENTIDO CENTRO (ASCENDENTE), PK: 6+301",-58.402830,-34.625953,Comuna 3,,Autopista,doble,este,1790
2025-09-18,18,9,2025,FOREST AV. 634,-58.454309,-34.584925,Comuna 15,3,calle_avenida,única,sur,35913
2025-09-18,18,9,2025,CORDOBA AV. 4570,-58.429776,-34.594591,Comuna 15,4,calle_avenida,única,oeste,34166
2025-09-18,18,9,2025,GAONA AV. 2300,-58.459429,-34.613877,Comuna 6,4,calle_avenida,única,oeste,32308
2025-09-18,18,9,2025,AU. 25 DE MAYO - SENTIDO PROVINCIA - PK 2+701,-58.439777,-34.631321,Comuna 7,,Autopista,doble,oeste,30896
2025-09-18,18,9,2025,CORRIENTES AV. 5220,-58.439127,-34.59969,Comuna 15,4,calle_avenida,única,este,30859
2025-09-18,18,9,2025,CALLAO AV. 858,-58.39311,-34.599002,Comuna 2,4,calle_avenida,única,norte,28998
2025-09-18,18,9,2025,"ALBERDI, JUAN BAUTISTA AV. 890",-58.440541,-34.623013,Comuna 6,4,calle_avenida,única,oeste,28253
2025-09-18,18,9,2025,ENTRE RIOS AV. 326,-58.391646,-34.613,Comuna 1,4,calle_avenida,única,norte,27842
2025-09-18,18,9,2025,AU. 25 DE MAYO - SENTIDO PROVINCIA - PK 1+261,-58.454008,-34.637039,Comuna 7,,Autopista,doble,oeste,27633
2025-09-18,18,9,2025,DEL LIBERTADOR AV. 5722,-58.445603,-34.55931,Comuna 13,4,calle_avenida,doble,sur,27400
2025-09-18,18,9,2025,CALLAO AV. 1588,-58.391201,-34.591009,Comuna 2,4,calle_avenida,única,norte,26097
2025-09-18,18,9,2025,CORDOBA AV. 1980,-58.395434,-34.599776,Comuna 3,4,calle_avenida,única,oeste,26080
2025-09-18,18,9,2025,CORDOBA AV. 4471,-58.428774,-34.594989,Comuna 14,4,calle_avenida,única,oeste,25879
2025-09-18,18,9,2025,AVELLANEDA AV. 1825,-58.456423,-34.621237,Comuna 7,4,calle_avenida,única,este,25296
2025-09-18,18,9,2025,ALVAREZ THOMAS AV. 1294,-58.459831,-34.578312,Comuna 13,4,calle_avenida,doble,oeste,24362
2025-09-18,18,9,2025,PUEYRREDON AV. 214,-58.406212,-34.607467,Comuna 3,3,calle_avenida,doble,sur,24320
2025-09-18,18,9,2025,CORRIENTES AV. 3022,-58.408125,-34.604302,Comuna 3,4,calle_avenida,única,este,20699
2025-09-18,18,9,2025,CORRIENTES AV. 6210,-58.448402,-34.591075,Comuna 15,4,calle_avenida,única,este,20000
2025-09-18,18,9,2025,INDEPENDENCIA AV. 2086,-58.395712,-34.618449,Comuna 3,4,calle_avenida,única,oeste,19370
2025-09-18,18,9,2025,BELGRANO AV. 3218,-58.411416,-34.615436,Comuna 3,4,calle_avenida,única,este,18024
2025-09-18,18,9,2025,ENTRE RIOS AV. 1818,-58.390787,-34.629623,Comuna 1,4,calle_avenida,doble,norte,17761
2025-09-18,18,9,2025,SAN MARTIN AV. 1844,-58.454414,-34.605652,Comuna 6,3,calle_avenida,doble,este,17741
2025-09-18,18,9,2025,RIVADAVIA AV. 9618,-58.499769,-34.637578,Comuna 10,2,calle_avenida,doble,este,17442
2025-09-18,18,9,2025,SAN JUAN AV. 1119,-58.381832,-34.622096,Comuna 1,4,calle_avenida,única,este,17435
2025-09-18,18,9,2025,"LACROZE, FEDERICO AV. 4199",-58.455081,-34.587105,Comuna 15,3,calle_avenida,doble,sur,17178
2025-09-18,18,9,2025,INDEPENDENCIA AV. 1784,-58.391307,-34.618226,Comuna 1,4,calle_avenida,única,oeste,17033
2025-09-18,18,9,2025,BELGRANO AV. 324,-58.370911,-34.61249,Comuna 1,4,calle_avenida,única,este,16750
2025-09-18,18,9,2025,"SCALABRINI ORTIZ, RAUL AV. 1385",-58.427003,-34.592379,Comuna 14,2,calle_avenida,doble,este,16159
2025-09-18,18,9,2025,SANTA FE AV. 2622,-58.403884,-34.594047,Comuna 2,3,calle_avenida,doble,este,15816
2025-09-18,18,9,2025,"GARAY, JUAN DE AV. 1769",-58.390037,-34.627139,Comuna 1,3,calle_avenida,doble,oeste,15807
2025-09-18,18,9,2025,BOEDO AV. 965,-58.416231,-34.624996,Comuna 5,3,calle_avenida,única,sur,15588
2025-09-18,18,9,2025,PUEYRREDON AV. 1418,-58.402311,-34.594121,Comuna 2,3,calle_avenida,doble,sur,15066
2025-09-18,18,9,2025,RIVADAVIA AV. 2775,-58.405518,-34.610013,Comuna 3,4,calle_avenida,única,oeste,14659
2025-09-18,18,9,2025,CABILDO AV. 1716,-58.453855,-34.565367,Comuna 13,2,calle_avenida,doble,sur,13853
2025-09-18,18,9,2025,"DE IRIGIOYEN, BERNARDO 1026",-58.3799,-34.62006,Comuna 1,4,calle_avenida,única,norte,13451
2025-09-18,18,9,2025,LIMA 1365,-58.381495,-34.624262,Comuna 1,3,calle_avenida,única,sur,13436
2025-09-18,18,9,2025,LIMA 281,-58.381872,-34.611723,Comuna 1,3,calle_avenida,única,sur,13329
2025-09-18,18,9,2025,VEDIA 3438,-58.86039,-34.544242,Comuna 12,4,calle_avenida,única,este,13144
2025-09-18,18,9,2025,LAS HERAS GENERAL AV. 2289,-58.396838,-34.587651,Comuna 2,3,calle_avenida,doble,oeste,12892
2025-09-18,18,9,2025,AU. PERITO MORENO - SENTIDO PROVINCIA - PK 0+701,-58.522022,-34.636805,Comuna 9,,Autopista,doble,oeste,12524
2025-09-18,18,9,2025,RIVADAVIA AV. 4987,-58.43608,-34.618047,Comuna 6,4,calle_avenida,única,oeste,12248
2025-09-18,18,9,2025,SUAREZ 1635,-58.373758,-34.638502,Comuna 4,2,calle_avenida,única,este,11556
2025-09-18,18,9,2025,RIVADAVIA AV. 7218,-58.467187,-34.630203,Comuna 7,2,calle_avenida,doble,este,11492
2025-09-18,18,9,2025,CORDOBA AV. 3329,-58.413685,-34.597847,Comuna 2,,Carriles Exclusivos,única,oeste,11242
2025-09-18,18,9,2025,"LACROZE, FEDERICO AV. 2462",-58.445413,-34.571098,Comuna 13,2,calle_avenida,doble,norte,10571
2025-09-18,18,9,2025,"RABANAL, FRANCISCO, INTENDENTE AV. 1323",-58.417658,-34.654886,Comuna 4,3,calle_avenida,doble,oeste,10087
2025-09-18,18,9,2025,CORDOBA AV. 2149,-58.398175,-34.599668,Comuna 2,,Carriles Exclusivos,única,oeste,10055
2025-09-18,18,9,2025,AVELLANEDA AV. 2924,-58.471929,-34.626563,Comuna 7,4,calle_avenida,única,este,9864
2025-09-18,18,9,2025,"JUSTO, JUAN B. AV. 4781",-58.466338,-34.610364,Comuna 11,3,calle_avenida,doble,oeste,9765
2025-09-18,18,9,2025,CORDOBA AV. 2801,-58.407164,-34.597965,Comuna 2,,Carriles Exclusivos,única,oeste,9356
2025-09-18,18,9,2025,PUEYRREDON AV. 350,-58.405942,-34.606096,Comuna 3,,Carriles Exclusivos,doble,sur,9278
2025-09-18,18,9,2025,CORDOBA AV. 3647,-58.417813,-34.597727,Comuna 14,,Carriles Exclusivos,única,oeste,8945
2025-09-18,18,9,2025,"ALEM, LEANDRO N. AV. 518",-58.370691,-34.601595,Comuna 1,4,calle_avenida,doble,sur,8574
2025-09-18,18,9,2025,CALLAO AV. 337,-58.392133,-34.605181,Comuna 1,,Carriles Exclusivos,única,norte,8511
2025-09-18,18,9,2025,RIVADAVIA AV. 7420,-58.469991,-34.630911,Comuna 7,4,calle_avenida,doble,este,8301
2025-09-18,18,9,2025,VERTIZ VIRREY AV. 2010,-58.449507,-34.559083,Comuna 13,3,calle_avenida,doble,sur,8135
2025-09-18,18,9,2025,ROSARIO 21,-58.429075,-34.618311,Comuna 6,2,calle_avenida,única,este,7762
2025-09-18,18,9,2025,"MONTES DE OCA, MANUEL AV. 1685",-58.373211,-34.646401,Comuna 4,3,calle_avenida,doble,sur,7695
2025-09-18,18,9,2025,LARREA 477,-58.402156,-34.603736,Comuna 3,1,calle_avenida,única,norte,7650
2025-09-18,18,9,2025,SANTA FE AV. 3889,-58.418132,-34.583669,Comuna 14,,Carriles Exclusivos,doble,oeste,6980
2025-09-18,18,9,2025,ENTRE RIOS AV. 182,-58.391718,-34.611145,Comuna 1,,Carriles Exclusivos,única,norte,6898
2025-09-18,18,9,2025,"PERON, JUAN DOMINGO, TTE. GENERAL 2687",-58.404461,-34.607561,Comuna 3,2,calle_avenida,única,oeste,6869
2025-09-18,18,9,2025,RIVADAVIA AV. 10524,-58.511786,-34.639436,Comuna 9,3,calle_avenida,doble,este,6784
2025-09-18,18,9,2025,PUEYRREDON AV. 459,-58.405495,-34.60505,Comuna 3,,Carriles Exclusivos,doble,norte,6700
2025-09-18,18,9,2025,"BEIRO, FRANCISCO AV. 2875",-58.494038,-34.594803,Comuna 15,2,calle_avenida,doble,oeste,6578
2025-09-18,18,9,2025,MOSCONI GENERAL AV. 3000,-58.50334,-34.587077,Comuna 12,4,calle_avenida,única,norte,6538
2025-09-18,18,9,2025,CORDOBA AV. 1431,-58.387335,-34.599232,Comuna 2,,Carriles Exclusivos,única,oeste,6537
2025-09-18,18,9,2025,PUEYRREDON AV. 367,-58.40571,-34.605973,Comuna 3,,Carriles Exclusivos,doble,norte,6418
2025-09-18,18,9,2025,CALLAO AV. 681,-58.392623,-34.601114,Comuna 1,,Carriles Exclusivos,única,norte,6332
2025-09-18,18,9,2025,NAZCA AV. 479,-58.471328,-34.626678,Comuna 7,2,calle_avenida,doble,norte,6113
2025-09-18,18,9,2025,CORDOBA AV. 2523,-58.402911,-34.59879,Comuna 2,,Carriles Exclusivos,única,oeste,6089
2025-09-18,18,9,2025,PASEO COLON AV. 400,-58.368952,-34.612207,Comuna 1,3,calle_avenida,doble,norte,6006
2025-09-18,18,9,2025,SANTA FE AV. 4650,-58.425858,-34.578448,Comuna 14,3,calle_avenida,doble,este,5838
2025-09-18,18,9,2025,OLIVERA AV. 187,-58.487032,-34.637596,Comuna 10,2,calle_avenida,doble,sur,5521
2025-09-18,18,9,2025,PUEYRREDON AV. 768,-58.404705,-34.601207,Comuna 3,,Carriles Exclusivos,doble,sur,5513
2025-09-18,18,9,2025,CORDOBA AV. 3143,-58.410998,-34.597969,Comuna 2,,Carriles Exclusivos,única,oeste,5461
2025-09-18,18,9,2025,CORDOBA AV. 1749,-58.392148,-34.599512,Comuna 2,,Carriles Exclusivos,única,oeste,5436
2025-09-18,18,9,2025,"ROCA, CNEL. AV. 5870",-58.460539,-34.689402,Comuna 8,3,calle_avenida,doble,este,5348
2025-09-18,18,9,2025,SANTA FE AV. 1483,-58.388215,-34.595676,Comuna 2,,Carriles Exclusivos,doble,oeste,5294
2025-09-18,18,9,2025,"DE LA TORRE, LISANDRO 663",-58.520368,-34.646059,Comuna 9,3,calle_avenida,única,sur,5275
2025-09-18,18,9,2025,ENTRE RIOS AV. 926,-58.391557,-34.619431,Comuna 1,,Carriles Exclusivos,única,norte,5253
2025-09-18,18,9,2025,PUEYRREDON AV. 870,-58.404389,-34.600218,Comuna 3,,Carriles Exclusivos,doble,sur,5140
2025-09-18,18,9,2025,LAS HERAS GENERAL AV. 2252,-58.396535,-34.588012,Comuna 2,,Carriles Exclusivos,doble,este,4926
2025-09-18,18,9,2025,RIVADAVIA AV. 6626,-58.459176,-34.62777,Comuna 7,2,calle_avenida,doble,este,4846
2025-09-18,18,9,2025,LAS HERAS GENERAL AV. 1870,-58.392633,-34.591284,Comuna 2,,Carriles Exclusivos,doble,este,4845
2025-09-18,18,9,2025,"LIMA ESTE Y GARAY, JUAN DE",-58.382235,-34.626842,Comuna 1,2,calle_avenida,doble,sur,4734
2025-09-18,18,9,2025,TRIUNVIRATO AV. 4520,-58.4848,-34.575403,Comuna 12,4,calle_avenida,única,este,4645
2025-09-18,18,9,2025,CASEROS AV. 3020,-58.406358,-34.637334,Comuna 4,2,calle_avenida,doble,este,4276
2025-09-18,18,9,2025,ENTRE RIOS AV. 678,-58.391572,-34.616551,Comuna 1,,Carriles Exclusivos,única,norte,3662
2025-09-18,18,9,2025,CORDOBA AV. 1147,-58.383217,-34.599039,Comuna 1,,Carriles Exclusivos,única,oeste,3281
2025-09-18,18,9,2025,VUELTA DE OBLIGADO 2179,-58.456328,-34.560704,Comuna 13,3,calle_avenida,única,norte,3232
2025-09-18,18,9,2025,VARELA AV. 2779,-58.438057,-34.655973,Comuna 8,3,calle_avenida,doble,sur,3191
2025-09-18,18,9,2025,LIMA OESTE 1524,-58.382189,-34.626200,Comuna 1,3,calle_avenida,doble,norte,1982
2025-09-18,18,9,2025,"AU 25 DE MAYO (AU10), SENTIDO CENTRO (ASCENDENTE), PK: 6+301",-58.402830,-34.625953,Comuna 3,,Autopista,doble,este,1783
2025-09-25,25,9,2025,FOREST AV. 634,-58.454309,-34.584925,Comuna 15,3,calle_avenida,única,sur,36732
2025-09-25,25,9,2025,AU. 25 DE MAYO - SENTIDO PROVINCIA - PK 2+701,-58.439777,-34.631321,Comuna 7,,Autopista,doble,oeste,35595
2025-09-25,25,9,2025,CORDOBA AV. 4570,-58.429776,-34.594591,Comuna 15,4,calle_avenida,única,oeste,35012
2025-09-25,25,9,2025,AU. 25 DE MAYO - SENTIDO PROVINCIA - PK 1+261,-58.454008,-34.637039,Comuna 7,,Autopista,doble,oeste,34125
2025-09-25,25,9,2025,GAONA AV. 2300,-58.459429,-34.613877,Comuna 6,4,calle_avenida,única,oeste,32807
2025-09-25,25,9,2025,CORRIENTES AV. 5220,-58.439127,-34.59969,Comuna 15,4,calle_avenida,única,este,32545
2025-09-25,25,9,2025,CALLAO AV. 858,-58.39311,-34.599002,Comuna 2,4,calle_avenida,única,norte,31704
2025-09-25,25,9,2025,CALLAO AV. 1588,-58.391201,-34.591009,Comuna 2,4,calle_avenida,única,norte,29397
2025-09-25,25,9,2025,DEL LIBERTADOR AV. 5722,-58.445603,-34.55931,Comuna 13,4,calle_avenida,doble,sur,28218
2025-09-25,25,9,2025,ENTRE RIOS AV. 326,-58.391646,-34.613,Comuna 1,4,calle_avenida,única,norte,27983
2025-09-25,25,9,2025,"ALBERDI, JUAN BAUTISTA AV. 890",-58.440541,-34.623013,Comuna 6,4,calle_avenida,única,oeste,27154
2025-09-25,25,9,2025,CORDOBA AV. 4471,-58.428774,-34.594989,Comuna 14,4,calle_avenida,única,oeste,26593
2025-09-25,25,9,2025,ALVAREZ THOMAS AV. 1294,-58.459831,-34.578312,Comuna 13,4,calle_avenida,doble,oeste,25507
2025-09-25,25,9,2025,CORDOBA AV. 1980,-58.395434,-34.599776,Comuna 3,4,calle_avenida,única,oeste,25346
2025-09-25,25,9,2025,AVELLANEDA AV. 1825,-58.456423,-34.621237,Comuna 7,4,calle_avenida,única,este,24875
2025-09-25,25,9,2025,PUEYRREDON AV. 214,-58.406212,-34.607467,Comuna 3,3,calle_avenida,doble,sur,24642
2025-09-25,25,9,2025,CORRIENTES AV. 6210,-58.448402,-34.591075,Comuna 15,4,calle_avenida,única,este,21198
2025-09-25,25,9,2025,TRIUNVIRATO AV. 4520,-58.4848,-34.575403,Comuna 12,4,calle_avenida,única,este,21152
2025-09-25,25,9,2025,CORRIENTES AV. 3022,-58.408125,-34.604302,Comuna 3,4,calle_avenida,única,este,20846
2025-09-25,25,9,2025,BELGRANO AV. 3218,-58.411416,-34.615436,Comuna 3,4,calle_avenida,única,este,20707
2025-09-25,25,9,2025,"SCALABRINI ORTIZ, RAUL AV. 1385",-58.427003,-34.592379,Comuna 14,2,calle_avenida,doble,este,19541
2025-09-25,25,9,2025,INDEPENDENCIA AV. 2086,-58.395712,-34.618449,Comuna 3,4,calle_avenida,única,oeste,18603
2025-09-25,25,9,2025,ENTRE RIOS AV. 1818,-58.390787,-34.629623,Comuna 1,4,calle_avenida,doble,norte,18416
2025-09-25,25,9,2025,RIVADAVIA AV. 9618,-58.499769,-34.637578,Comuna 10,2,calle_avenida,doble,este,18313
2025-09-25,25,9,2025,SAN JUAN AV. 1119,-58.381832,-34.622096,Comuna 1,4,calle_avenida,única,este,17736
2025-09-25,25,9,2025,"LACROZE, FEDERICO AV. 4199",-58.455081,-34.587105,Comuna 15,3,calle_avenida,doble,sur,17642
2025-09-25,25,9,2025,BELGRANO AV. 324,-58.370911,-34.61249,Comuna 1,4,calle_avenida,única,este,17501
2025-09-25,25,9,2025,SAN MARTIN AV. 1844,-58.454414,-34.605652,Comuna 6,3,calle_avenida,doble,este,17285
2025-09-25,25,9,2025,"GARAY, JUAN DE AV. 1769",-58.390037,-34.627139,Comuna 1,3,calle_avenida,doble,oeste,16168
2025-09-25,25,9,2025,SANTA FE AV. 2622,-58.403884,-34.594047,Comuna 2,3,calle_avenida,doble,este,16153
2025-09-25,25,9,2025,BOEDO AV. 965,-58.416231,-34.624996,Comuna 5,3,calle_avenida,única,sur,15619
2025-09-25,25,9,2025,PUEYRREDON AV. 1418,-58.402311,-34.594121,Comuna 2,3,calle_avenida,doble,sur,15303
2025-09-25,25,9,2025,VEDIA 3438,-58.86039,-34.544242,Comuna 12,4,calle_avenida,única,este,15001
2025-09-25,25,9,2025,CABILDO AV. 1716,-58.453855,-34.565367,Comuna 13,2,calle_avenida,doble,sur,14788
2025-09-25,25,9,2025,RIVADAVIA AV. 2775,-58.405518,-34.610013,Comuna 3,4,calle_avenida,única,oeste,14417
2025-09-25,25,9,2025,AU. PERITO MORENO - SENTIDO PROVINCIA - PK 0+701,-58.522022,-34.636805,Comuna 9,,Autopista,doble,oeste,14180
2025-09-25,25,9,2025,LIMA 1365,-58.381495,-34.624262,Comuna 1,3,calle_avenida,única,sur,13723
2025-09-25,25,9,2025,"DE IRIGIOYEN, BERNARDO 1026",-58.3799,-34.62006,Comuna 1,4,calle_avenida,única,norte,13687
2025-09-25,25,9,2025,LAS HERAS GENERAL AV. 2289,-58.396838,-34.587651,Comuna 2,3,calle_avenida,doble,oeste,13607
2025-09-25,25,9,2025,RIVADAVIA AV. 7218,-58.467187,-34.630203,Comuna 7,2,calle_avenida,doble,este,13193
2025-09-25,25,9,2025,LIMA 281,-58.381872,-34.611723,Comuna 1,3,calle_avenida,única,sur,12909
2025-09-25,25,9,2025,RIVADAVIA AV. 4987,-58.43608,-34.618047,Comuna 6,4,calle_avenida,única,oeste,12498
2025-09-25,25,9,2025,SUAREZ 1635,-58.373758,-34.638502,Comuna 4,2,calle_avenida,única,este,11685
2025-09-25,25,9,2025,AVELLANEDA AV. 2924,-58.471929,-34.626563,Comuna 7,4,calle_avenida,única,este,11543
2025-09-25,25,9,2025,CORDOBA AV. 3329,-58.413685,-34.597847,Comuna 2,,Carriles Exclusivos,única,oeste,10947
2025-09-25,25,9,2025,INDEPENDENCIA AV. 1784,-58.391307,-34.618226,Comuna 1,4,calle_avenida,única,oeste,10796
2025-09-25,25,9,2025,"LACROZE, FEDERICO AV. 2462",-58.445413,-34.571098,Comuna 13,2,calle_avenida,doble,norte,10547
2025-09-25,25,9,2025,"RABANAL, FRANCISCO, INTENDENTE AV. 1323",-58.417658,-34.654886,Comuna 4,3,calle_avenida,doble,oeste,10524
2025-09-25,25,9,2025,CORDOBA AV. 2149,-58.398175,-34.599668,Comuna 2,,Carriles Exclusivos,única,oeste,9953
2025-09-25,25,9,2025,"JUSTO, JUAN B. AV. 4781",-58.466338,-34.610364,Comuna 11,3,calle_avenida,doble,oeste,9682
2025-09-25,25,9,2025,CORDOBA AV. 2801,-58.407164,-34.597965,Comuna 2,,Carriles Exclusivos,única,oeste,9582
2025-09-25,25,9,2025,"ALEM, LEANDRO N. AV. 518",-58.370691,-34.601595,Comuna 1,4,calle_avenida,doble,sur,9214
2025-09-25,25,9,2025,VERTIZ VIRREY AV. 2010,-58.449507,-34.559083,Comuna 13,3,calle_avenida,doble,sur,9204
2025-09-25,25,9,2025,PUEYRREDON AV. 350,-58.405942,-34.606096,Comuna 3,,Carriles Exclusivos,doble,sur,9055
2025-09-25,25,9,2025,RIVADAVIA AV. 7420,-58.469991,-34.630911,Comuna 7,4,calle_avenida,doble,este,8521
2025-09-25,25,9,2025,CORDOBA AV. 3647,-58.417813,-34.597727,Comuna 14,,Carriles Exclusivos,única,oeste,8494
2025-09-25,25,9,2025,ROSARIO 21,-58.429075,-34.618311,Comuna 6,2,calle_avenida,única,este,8257
2025-09-25,25,9,2025,RIVADAVIA AV. 10524,-58.511786,-34.639436,Comuna 9,3,calle_avenida,doble,este,8243
2025-09-25,25,9,2025,PASEO COLON AV. 400,-58.368952,-34.612207,Comuna 1,3,calle_avenida,doble,norte,7807
2025-09-25,25,9,2025,"MONTES DE OCA, MANUEL AV. 1685",-58.373211,-34.646401,Comuna 4,3,calle_avenida,doble,sur,7749
2025-09-25,25,9,2025,LARREA 477,-58.402156,-34.603736,Comuna 3,1,calle_avenida,única,norte,7510
2025-09-25,25,9,2025,MOSCONI GENERAL AV. 3000,-58.50334,-34.587077,Comuna 12,4,calle_avenida,única,norte,7272
2025-09-25,25,9,2025,"BEIRO, FRANCISCO AV. 2875",-58.494038,-34.594803,Comuna 15,2,calle_avenida,doble,oeste,7207
2025-09-25,25,9,2025,CALLAO AV. 681,-58.392623,-34.601114,Comuna 1,,Carriles Exclusivos,única,norte,7169
2025-09-25,25,9,2025,CALLAO AV. 337,-58.392133,-34.605181,Comuna 1,,Carriles Exclusivos,única,norte,7152
2025-09-25,25,9,2025,ENTRE RIOS AV. 182,-58.391718,-34.611145,Comuna 1,,Carriles Exclusivos,única,norte,6982
2025-09-25,25,9,2025,SANTA FE AV. 3889,-58.418132,-34.583669,Comuna 14,,Carriles Exclusivos,doble,oeste,6939
2025-09-25,25,9,2025,NAZCA AV. 479,-58.471328,-34.626678,Comuna 7,2,calle_avenida,doble,norte,6838
2025-09-25,25,9,2025,CORDOBA AV. 2523,-58.402911,-34.59879,Comuna 2,,Carriles Exclusivos,única,oeste,6751
2025-09-25,25,9,2025,"PERON, JUAN DOMINGO, TTE. GENERAL 2687",-58.404461,-34.607561,Comuna 3,2,calle_avenida,única,oeste,6704
2025-09-25,25,9,2025,PUEYRREDON AV. 367,-58.40571,-34.605973,Comuna 3,,Carriles Exclusivos,doble,norte,6682
2025-09-25,25,9,2025,PUEYRREDON AV. 459,-58.405495,-34.60505,Comuna 3,,Carriles Exclusivos,doble,norte,6653
2025-09-25,25,9,2025,CORDOBA AV. 1431,-58.387335,-34.599232,Comuna 2,,Carriles Exclusivos,única,oeste,6098
2025-09-25,25,9,2025,SANTA FE AV. 4650,-58.425858,-34.578448,Comuna 14,3,calle_avenida,doble,este,6029
2025-09-25,25,9,2025,PUEYRREDON AV. 768,-58.404705,-34.601207,Comuna 3,,Carriles Exclusivos,doble,sur,5822
2025-09-25,25,9,2025,OLIVERA AV. 187,-58.487032,-34.637596,Comuna 10,2,calle_avenida,doble,sur,5759
2025-09-25,25,9,2025,CORDOBA AV. 1749,-58.392148,-34.599512,Comuna 2,,Carriles Exclusivos,única,oeste,5565
2025-09-25,25,9,2025,ENTRE RIOS AV. 926,-58.391557,-34.619431,Comuna 1,,Carriles Exclusivos,única,norte,5440
2025-09-25,25,9,2025,PUEYRREDON AV. 870,-58.404389,-34.600218,Comuna 3,,Carriles Exclusivos,doble,sur,5381
2025-09-25,25,9,2025,CORDOBA AV. 3143,-58.410998,-34.597969,Comuna 2,,Carriles Exclusivos,única,oeste,5347
2025-09-25,25,9,2025,SANTA FE AV. 1483,-58.388215,-34.595676,Comuna 2,,Carriles Exclusivos,doble,oeste,5297
2025-09-25,25,9,2025,"DE LA TORRE, LISANDRO 663",-58.520368,-34.646059,Comuna 9,3,calle_avenida,única,sur,5265
2025-09-25,25,9,2025,CASEROS AV. 3020,-58.406358,-34.637334,Comuna 4,2,calle_avenida,doble,este,5169
2025-09-25,25,9,2025,LAS HERAS GENERAL AV. 1870,-58.392633,-34.591284,Comuna 2,,Carriles Exclusivos,doble,este,5119
2025-09-25,25,9,2025,"ROCA, CNEL. AV. 5870",-58.460539,-34.689402,Comuna 8,3,calle_avenida,doble,este,5005
2025-09-25,25,9,2025,"LIMA ESTE Y GARAY, JUAN DE",-58.382235,-34.626842,Comuna 1,2,calle_avenida,doble,sur,4890
2025-09-25,25,9,2025,LAS HERAS GENERAL AV. 2252,-58.396535,-34.588012,Comuna 2,,Carriles Exclusivos,doble,este,4875
2025-09-25,25,9,2025,RIVADAVIA AV. 6626,-58.459176,-34.62777,Comuna 7,2,calle_avenida,doble,este,4734
2025-09-25,25,9,2025,ENTRE RIOS AV. 678,-58.391572,-34.616551,Comuna 1,,Carriles Exclusivos,única,norte,3597
2025-09-25,25,9,2025,VUELTA DE OBLIGADO 2179,-58.456328,-34.560704,Comuna 13,3,calle_avenida,única,norte,3268
2025-09-25,25,9,2025,CORDOBA AV. 1147,-58.383217,-34.599039,Comuna 1,,Carriles Exclusivos,única,oeste,3206
2025-09-25,25,9,2025,VARELA AV. 2779,-58.438057,-34.655973,Comuna 8,3,calle_avenida,doble,sur,3168
2025-09-25,25,9,2025,LIMA OESTE 1524,-58.382189,-34.626200,Comuna 1,3,calle_avenida,doble,norte,2030
2025-10-02,2,10,2025,FOREST AV. 634,-58.454309,-34.584925,Comuna 15,3,calle_avenida,única,sur,34530
2025-10-02,2,10,2025,CORDOBA AV. 4570,-58.429776,-34.594591,Comuna 15,4,calle_avenida,única,oeste,33683
2025-10-02,2,10,2025,AU. 25 DE MAYO - SENTIDO PROVINCIA - PK 2+701,-58.439777,-34.631321,Comuna 7,,Autopista,doble,oeste,32200
2025-10-02,2,10,2025,GAONA AV. 2300,-58.459429,-34.613877,Comuna 6,4,calle_avenida,única,oeste,31760
2025-10-02,2,10,2025,CORRIENTES AV. 5220,-58.439127,-34.59969,Comuna 15,4,calle_avenida,única,este,30429
2025-10-02,2,10,2025,CORDOBA AV. 4471,-58.428774,-34.594989,Comuna 14,4,calle_avenida,única,oeste,27467
2025-10-02,2,10,2025,DEL LIBERTADOR AV. 5722,-58.445603,-34.55931,Comuna 13,4,calle_avenida,doble,sur,27226
2025-10-02,2,10,2025,AU. 25 DE MAYO - SENTIDO PROVINCIA - PK 1+261,-58.454008,-34.637039,Comuna 7,,Autopista,doble,oeste,27045
2025-10-02,2,10,2025,AVELLANEDA AV. 1825,-58.456423,-34.621237,Comuna 7,4,calle_avenida,única,este,25543
2025-10-02,2,10,2025,CALLAO AV. 1588,-58.391201,-34.591009,Comuna 2,4,calle_avenida,única,norte,25005
2025-10-02,2,10,2025,"ALBERDI, JUAN BAUTISTA AV. 890",-58.440541,-34.623013,Comuna 6,4,calle_avenida,única,oeste,23526
2025-10-02,2,10,2025,ALVAREZ THOMAS AV. 1294,-58.459831,-34.578312,Comuna 13,4,calle_avenida,doble,oeste,23359
2025-10-02,2,10,2025,CALLAO AV. 858,-58.39311,-34.599002,Comuna 2,4,calle_avenida,única,norte,22297
2025-10-02,2,10,2025,TRIUNVIRATO AV. 4520,-58.4848,-34.575403,Comuna 12,4,calle_avenida,única,este,21786
2025-10-02,2,10,2025,PUEYRREDON AV. 214,-58.406212,-34.607467,Comuna 3,3,calle_avenida,doble,sur,20778
2025-10-02,2,10,2025,"SCALABRINI ORTIZ, RAUL AV. 1385",-58.427003,-34.592379,Comuna 14,2,calle_avenida,doble,este,20263
2025-10-02,2,10,2025,CORRIENTES AV. 3022,-58.408125,-34.604302,Comuna 3,4,calle_avenida,única,este,19934
2025-10-02,2,10,2025,CORDOBA AV. 1980,-58.395434,-34.599776,Comuna 3,4,calle_avenida,única,oeste,19860
2025-10-02,2,10,2025,CORRIENTES AV. 6210,-58.448402,-34.591075,Comuna 15,4,calle_avenida,única,este,19758
2025-10-02,2,10,2025,"LACROZE, FEDERICO AV. 4199",-58.455081,-34.587105,Comuna 15,3,calle_avenida,doble,sur,17643
2025-10-02,2,10,2025,BELGRANO AV. 3218,-58.411416,-34.615436,Comuna 3,4,calle_avenida,única,este,17089
2025-10-02,2,10,2025,SAN MARTIN AV. 1844,-58.454414,-34.605652,Comuna 6,3,calle_avenida,doble,este,16700
2025-10-02,2,10,2025,ENTRE RIOS AV. 1818,-58.390787,-34.629623,Comuna 1,4,calle_avenida,doble,norte,16290
2025-10-02,2,10,2025,BOEDO AV. 965,-58.416231,-34.624996,Comuna 5,3,calle_avenida,única,sur,15533
2025-10-02,2,10,2025,"GARAY, JUAN DE AV. 1769",-58.390037,-34.627139,Comuna 1,3,calle_avenida,doble,oeste,15478
2025-10-02,2,10,2025,INDEPENDENCIA AV. 2086,-58.395712,-34.618449,Comuna 3,4,calle_avenida,única,oeste,15313
2025-10-02,2,10,2025,SAN JUAN AV. 1119,-58.381832,-34.622096,Comuna 1,4,calle_avenida,única,este,14589
2025-10-02,2,10,2025,CABILDO AV. 1716,-58.453855,-34.565367,Comuna 13,2,calle_avenida,doble,sur,14438
2025-10-02,2,10,2025,ENTRE RIOS AV. 326,-58.391646,-34.613,Comuna 1,4,calle_avenida,única,norte,14036
2025-10-02,2,10,2025,PASEO COLON AV. 753,-58.369509,-34.616769,Comuna 1,4,calle_avenida,doble,sur,13877
2025-10-02,2,10,2025,PUEYRREDON AV. 1418,-58.402311,-34.594121,Comuna 2,3,calle_avenida,doble,sur,13604
2025-10-02,2,10,2025,NAZCA AV. 479,-58.471328,-34.626678,Comuna 7,2,calle_avenida,doble,norte,13542
2025-10-02,2,10,2025,VEDIA 3438,-58.86039,-34.544242,Comuna 12,4,calle_avenida,única,este,13191
2025-10-02,2,10,2025,RIVADAVIA AV. 7218,-58.467187,-34.630203,Comuna 7,2,calle_avenida,doble,este,12501
2025-10-02,2,10,2025,"DE IRIGIOYEN, BERNARDO 1026",-58.3799,-34.62006,Comuna 1,4,calle_avenida,única,norte,12485
2025-10-02,2,10,2025,LIMA 1365,-58.381495,-34.624262,Comuna 1,3,calle_avenida,única,sur,12383
2025-10-02,2,10,2025,BELGRANO AV. 324,-58.370911,-34.61249,Comuna 1,4,calle_avenida,única,este,12217
2025-10-02,2,10,2025,AU. PERITO MORENO - SENTIDO PROVINCIA - PK 0+701,-58.522022,-34.636805,Comuna 9,,Autopista,doble,oeste,11694
2025-10-02,2,10,2025,LAS HERAS GENERAL AV. 2289,-58.396838,-34.587651,Comuna 2,3,calle_avenida,doble,oeste,11556
2025-10-02,2,10,2025,LIMA 281,-58.381872,-34.611723,Comuna 1,3,calle_avenida,única,sur,11313
2025-10-02,2,10,2025,RIVADAVIA AV. 4987,-58.43608,-34.618047,Comuna 6,4,calle_avenida,única,oeste,11302
2025-10-02,2,10,2025,"LACROZE, FEDERICO AV. 2462",-58.445413,-34.571098,Comuna 13,2,calle_avenida,doble,norte,10996
2025-10-02,2,10,2025,SUAREZ 1635,-58.373758,-34.638502,Comuna 4,2,calle_avenida,única,este,10720
2025-10-02,2,10,2025,SANTA FE AV. 2622,-58.403884,-34.594047,Comuna 2,3,calle_avenida,doble,este,10554
2025-10-02,2,10,2025,RIVADAVIA AV. 2775,-58.405518,-34.610013,Comuna 3,4,calle_avenida,única,oeste,10261
2025-10-02,2,10,2025,"RABANAL, FRANCISCO, INTENDENTE AV. 1323",-58.417658,-34.654886,Comuna 4,3,calle_avenida,doble,oeste,9716
2025-10-02,2,10,2025,CORDOBA AV. 3329,-58.413685,-34.597847,Comuna 2,,Carriles Exclusivos,única,oeste,9565
2025-10-02,2,10,2025,"JUSTO, JUAN B. AV. 4781",-58.466338,-34.610364,Comuna 11,3,calle_avenida,doble,oeste,8869
2025-10-02,2,10,2025,INDEPENDENCIA AV. 1784,-58.391307,-34.618226,Comuna 1,4,calle_avenida,única,oeste,8650
2025-10-02,2,10,2025,"ALEM, LEANDRO N. AV. 518",-58.370691,-34.601595,Comuna 1,4,calle_avenida,doble,sur,8159
2025-10-02,2,10,2025,RIVADAVIA AV. 7420,-58.469991,-34.630911,Comuna 7,4,calle_avenida,doble,este,7997
2025-10-02,2,10,2025,VERTIZ VIRREY AV. 2010,-58.449507,-34.559083,Comuna 13,3,calle_avenida,doble,sur,7798
2025-10-02,2,10,2025,LARREA 477,-58.402156,-34.603736,Comuna 3,1,calle_avenida,única,norte,7724
2025-10-02,2,10,2025,CORDOBA AV. 2801,-58.407164,-34.597965,Comuna 2,,Carriles Exclusivos,única,oeste,7646
2025-10-02,2,10,2025,CORDOBA AV. 2149,-58.398175,-34.599668,Comuna 2,,Carriles Exclusivos,única,oeste,7556
2025-10-02,2,10,2025,CORDOBA AV. 3647,-58.417813,-34.597727,Comuna 14,,Carriles Exclusivos,única,oeste,7547
2025-10-02,2,10,2025,PUEYRREDON AV. 350,-58.405942,-34.606096,Comuna 3,,Carriles Exclusivos,doble,sur,7484
2025-10-02,2,10,2025,"MONTES DE OCA, MANUEL AV. 1685",-58.373211,-34.646401,Comuna 4,3,calle_avenida,doble,sur,7365
2025-10-02,2,10,2025,PASEO COLON AV. 400,-58.368952,-34.612207,Comuna 1,3,calle_avenida,doble,norte,7323
2025-10-02,2,10,2025,ROSARIO 21,-58.429075,-34.618311,Comuna 6,2,calle_avenida,única,este,7315
2025-10-02,2,10,2025,SANTA FE AV. 3889,-58.418132,-34.583669,Comuna 14,,Carriles Exclusivos,doble,oeste,7074
2025-10-02,2,10,2025,RIVADAVIA AV. 9618,-58.499769,-34.637578,Comuna 10,2,calle_avenida,doble,este,6654
2025-10-02,2,10,2025,RIVADAVIA AV. 10524,-58.511786,-34.639436,Comuna 9,3,calle_avenida,doble,este,6606
2025-10-02,2,10,2025,"PERON, JUAN DOMINGO, TTE. GENERAL 2687",-58.404461,-34.607561,Comuna 3,2,calle_avenida,única,oeste,6312
2025-10-02,2,10,2025,MOSCONI GENERAL AV. 3000,-58.50334,-34.587077,Comuna 12,4,calle_avenida,única,norte,6144
2025-10-02,2,10,2025,PUEYRREDON AV. 367,-58.40571,-34.605973,Comuna 3,,Carriles Exclusivos,doble,norte,6010
2025-10-02,2,10,2025,PUEYRREDON AV. 459,-58.405495,-34.60505,Comuna 3,,Carriles Exclusivos,doble,norte,5950
2025-10-02,2,10,2025,SANTA FE AV. 4650,-58.425858,-34.578448,Comuna 14,3,calle_avenida,doble,este,5888
2025-10-02,2,10,2025,CORDOBA AV. 1431,-58.387335,-34.599232,Comuna 2,,Carriles Exclusivos,única,oeste,5421
2025-10-02,2,10,2025,SANTA FE AV. 1483,-58.388215,-34.595676,Comuna 2,,Carriles Exclusivos,doble,oeste,5349
2025-10-02,2,10,2025,CORDOBA AV. 2523,-58.402911,-34.59879,Comuna 2,,Carriles Exclusivos,única,oeste,5113
2025-10-02,2,10,2025,CORDOBA AV. 3143,-58.410998,-34.597969,Comuna 2,,Carriles Exclusivos,única,oeste,5030
2025-10-02,2,10,2025,PUEYRREDON AV. 768,-58.404705,-34.601207,Comuna 3,,Carriles Exclusivos,doble,sur,4923
2025-10-02,2,10,2025,"DE LA TORRE, LISANDRO 663",-58.520368,-34.646059,Comuna 9,3,calle_avenida,única,sur,4917
2025-10-02,2,10,2025,"BEIRO, FRANCISCO AV. 2875",-58.494038,-34.594803,Comuna 15,2,calle_avenida,doble,oeste,4890
2025-10-02,2,10,2025,LAS HERAS GENERAL AV. 1870,-58.392633,-34.591284,Comuna 2,,Carriles Exclusivos,doble,este,4874
2025-10-02,2,10,2025,CALLAO AV. 337,-58.392133,-34.605181,Comuna 1,,Carriles Exclusivos,única,norte,4867
2025-10-02,2,10,2025,CORDOBA AV. 1749,-58.392148,-34.599512,Comuna 2,,Carriles Exclusivos,única,oeste,4816
2025-10-02,2,10,2025,OLIVERA AV. 187,-58.487032,-34.637596,Comuna 10,2,calle_avenida,doble,sur,4810
2025-10-02,2,10,2025,"ROCA, CNEL. AV. 5870",-58.460539,-34.689402,Comuna 8,3,calle_avenida,doble,este,4645
2025-10-02,2,10,2025,LAS HERAS GENERAL AV. 2252,-58.396535,-34.588012,Comuna 2,,Carriles Exclusivos,doble,este,4507
2025-10-02,2,10,2025,CASEROS AV. 3020,-58.406358,-34.637334,Comuna 4,2,calle_avenida,doble,este,4483
2025-10-02,2,10,2025,PUEYRREDON AV. 870,-58.404389,-34.600218,Comuna 3,,Carriles Exclusivos,doble,sur,4420
2025-10-02,2,10,2025,"LIMA ESTE Y GARAY, JUAN DE",-58.382235,-34.626842,Comuna 1,2,calle_avenida,doble,sur,4291
2025-10-02,2,10,2025,ENTRE RIOS AV. 182,-58.391718,-34.611145,Comuna 1,,Carriles Exclusivos,única,norte,3788
2025-10-02,2,10,2025,CALLAO AV. 681,-58.392623,-34.601114,Comuna 1,,Carriles Exclusivos,única,norte,3684
2025-10-02,2,10,2025,ENTRE RIOS AV. 926,-58.391557,-34.619431,Comuna 1,,Carriles Exclusivos,única,norte,3458
2025-10-02,2,10,2025,VUELTA DE OBLIGADO 2179,-58.456328,-34.560704,Comuna 13,3,calle_avenida,única,norte,3349
2025-10-02,2,10,2025,RIVADAVIA AV. 6626,-58.459176,-34.62777,Comuna 7,2,calle_avenida,doble,este,3303
2025-10-02,2,10,2025,VARELA AV. 2779,-58.438057,-34.655973,Comuna 8,3,calle_avenida,doble,sur,3059
2025-10-02,2,10,2025,CORDOBA AV. 1147,-58.383217,-34.599039,Comuna 1,,Carriles Exclusivos,única,oeste,2500
2025-10-02,2,10,2025,ENTRE RIOS AV. 678,-58.391572,-34.616551,Comuna 1,,Carriles Exclusivos,única,norte,2194
2025-10-02,2,10,2025,LIMA OESTE 1524,-58.382189,-34.626200,Comuna 1,3,calle_avenida,doble,norte,1937
2025-10-02,2,10,2025,"AU 25 DE MAYO (AU10), SENTIDO CENTRO (ASCENDENTE), PK: 6+301",-58.402830,-34.625953,Comuna 3,,Autopista,doble,este,1790
2025-10-09,9,10,2025,AU. 25 DE MAYO - SENTIDO PROVINCIA - PK 1+261,-58.454008,-34.637039,Comuna 7,,Autopista,doble,oeste,36063
2025-10-09,9,10,2025,FOREST AV. 634,-58.454309,-34.584925,Comuna 15,3,calle_avenida,única,sur,35327
2025-10-09,9,10,2025,CORDOBA AV. 4570,-58.429776,-34.594591,Comuna 15,4,calle_avenida,única,oeste,33221
2025-10-09,9,10,2025,GAONA AV. 2300,-58.459429,-34.613877,Comuna 6,4,calle_avenida,única,oeste,31544
2025-10-09,9,10,2025,CORRIENTES AV. 5220,-58.439127,-34.59969,Comuna 15,4,calle_avenida,única,este,30742
2025-10-09,9,10,2025,CALLAO AV. 1588,-58.391201,-34.591009,Comuna 2,4,calle_avenida,única,norte,28235
2025-10-09,9,10,2025,CALLAO AV. 858,-58.39311,-34.599002,Comuna 2,4,calle_avenida,única,norte,27439
2025-10-09,9,10,2025,"ALBERDI, JUAN BAUTISTA AV. 890",-58.440541,-34.623013,Comuna 6,4,calle_avenida,única,oeste,27229
2025-10-09,9,10,2025,CORDOBA AV. 4471,-58.428774,-34.594989,Comuna 14,4,calle_avenida,única,oeste,27025
2025-10-09,9,10,2025,AVELLANEDA AV. 1825,-58.456423,-34.621237,Comuna 7,4,calle_avenida,única,este,25282
2025-10-09,9,10,2025,ALVAREZ THOMAS AV. 1294,-58.459831,-34.578312,Comuna 13,4,calle_avenida,doble,oeste,24913
2025-10-09,9,10,2025,CORDOBA AV. 1980,-58.395434,-34.599776,Comuna 3,4,calle_avenida,única,oeste,22660
2025-10-09,9,10,2025,TRIUNVIRATO AV. 4520,-58.4848,-34.575403,Comuna 12,4,calle_avenida,única,este,22381
2025-10-09,9,10,2025,PUEYRREDON AV. 214,-58.406212,-34.607467,Comuna 3,3,calle_avenida,doble,sur,22240
2025-10-09,9,10,2025,"SCALABRINI ORTIZ, RAUL AV. 1385",-58.427003,-34.592379,Comuna 14,2,calle_avenida,doble,este,20809
2025-10-09,9,10,2025,CORRIENTES AV. 6210,-58.448402,-34.591075,Comuna 15,4,calle_avenida,única,este,20567
2025-10-09,9,10,2025,BELGRANO AV. 3218,-58.411416,-34.615436,Comuna 3,4,calle_avenida,única,este,19816
2025-10-09,9,10,2025,INDEPENDENCIA AV. 2086,-58.395712,-34.618449,Comuna 3,4,calle_avenida,única,oeste,19711
2025-10-09,9,10,2025,CORRIENTES AV. 3022,-58.408125,-34.604302,Comuna 3,4,calle_avenida,única,este,19301
2025-10-09,9,10,2025,SAN JUAN AV. 1119,-58.381832,-34.622096,Comuna 1,4,calle_avenida,única,este,18624
2025-10-09,9,10,2025,ENTRE RIOS AV. 1818,-58.390787,-34.629623,Comuna 1,4,calle_avenida,doble,norte,17949
2025-10-09,9,10,2025,"LACROZE, FEDERICO AV. 4199",-58.455081,-34.587105,Comuna 15,3,calle_avenida,doble,sur,17467
2025-10-09,9,10,2025,"GARAY, JUAN DE AV. 1769",-58.390037,-34.627139,Comuna 1,3,calle_avenida,doble,oeste,17312
2025-10-09,9,10,2025,SAN MARTIN AV. 1844,-58.454414,-34.605652,Comuna 6,3,calle_avenida,doble,este,17184
2025-10-09,9,10,2025,INDEPENDENCIA AV. 1784,-58.391307,-34.618226,Comuna 1,4,calle_avenida,única,oeste,16522
2025-10-09,9,10,2025,BOEDO AV. 965,-58.416231,-34.624996,Comuna 5,3,calle_avenida,única,sur,16113
2025-10-09,9,10,2025,VEDIA 3438,-58.86039,-34.544242,Comuna 12,4,calle_avenida,única,este,15589
2025-10-09,9,10,2025,DEL LIBERTADOR AV. 5722,-58.445603,-34.55931,Comuna 13,4,calle_avenida,doble,sur,15562
2025-10-09,9,10,2025,PUEYRREDON AV. 1418,-58.402311,-34.594121,Comuna 2,3,calle_avenida,doble,sur,15147
2025-10-09,9,10,2025,BELGRANO AV. 324,-58.370911,-34.61249,Comuna 1,4,calle_avenida,única,este,15064
2025-10-09,9,10,2025,PASEO COLON AV. 753,-58.369509,-34.616769,Comuna 1,4,calle_avenida,doble,sur,14717
2025-10-09,9,10,2025,CABILDO AV. 1716,-58.453855,-34.565367,Comuna 13,2,calle_avenida,doble,sur,14358
2025-10-09,9,10,2025,NAZCA AV. 479,-58.471328,-34.626678,Comuna 7,2,calle_avenida,doble,norte,14055
2025-10-09,9,10,2025,RIVADAVIA AV. 7218,-58.467187,-34.630203,Comuna 7,2,calle_avenida,doble,este,13682
2025-10-09,9,10,2025,LIMA 1365,-58.381495,-34.624262,Comuna 1,3,calle_avenida,única,sur,13590
2025-10-09,9,10,2025,ENTRE RIOS AV. 326,-58.391646,-34.613,Comuna 1,4,calle_avenida,única,norte,13579
2025-10-09,9,10,2025,"DE IRIGIOYEN, BERNARDO 1026",-58.3799,-34.62006,Comuna 1,4,calle_avenida,única,norte,13506
2025-10-09,9,10,2025,RIVADAVIA AV. 2775,-58.405518,-34.610013,Comuna 3,4,calle_avenida,única,oeste,13239
2025-10-09,9,10,2025,LAS HERAS GENERAL AV. 2289,-58.396838,-34.587651,Comuna 2,3,calle_avenida,doble,oeste,13203
2025-10-09,9,10,2025,RIVADAVIA AV. 4987,-58.43608,-34.618047,Comuna 6,4,calle_avenida,única,oeste,12842
2025-10-09,9,10,2025,LIMA 281,-58.381872,-34.611723,Comuna 1,3,calle_avenida,única,sur,12800
2025-10-09,9,10,2025,SUAREZ 1635,-58.373758,-34.638502,Comuna 4,2,calle_avenida,única,este,11600
2025-10-09,9,10,2025,"LACROZE, FEDERICO AV. 2462",-58.445413,-34.571098,Comuna 13,2,calle_avenida,doble,norte,10755
2025-10-09,9,10,2025,"JUSTO, JUAN B. AV. 4781",-58.466338,-34.610364,Comuna 11,3,calle_avenida,doble,oeste,10580
2025-10-09,9,10,2025,"RABANAL, FRANCISCO, INTENDENTE AV. 1323",-58.417658,-34.654886,Comuna 4,3,calle_avenida,doble,oeste,10527
2025-10-09,9,10,2025,CORDOBA AV. 3329,-58.413685,-34.597847,Comuna 2,,Carriles Exclusivos,única,oeste,10080
2025-10-09,9,10,2025,AVELLANEDA AV. 2924,-58.471929,-34.626563,Comuna 7,4,calle_avenida,única,este,9369
2025-10-09,9,10,2025,PASEO COLON AV. 400,-58.368952,-34.612207,Comuna 1,3,calle_avenida,doble,norte,9114
2025-10-09,9,10,2025,RIVADAVIA AV. 9618,-58.499769,-34.637578,Comuna 10,2,calle_avenida,doble,este,8980
2025-10-09,9,10,2025,RIVADAVIA AV. 10524,-58.511786,-34.639436,Comuna 9,3,calle_avenida,doble,este,8928
2025-10-09,9,10,2025,CORDOBA AV. 2801,-58.407164,-34.597965,Comuna 2,,Carriles Exclusivos,única,oeste,8601
2025-10-09,9,10,2025,CORDOBA AV. 3647,-58.417813,-34.597727,Comuna 14,,Carriles Exclusivos,única,oeste,8366
2025-10-09,9,10,2025,"ALEM, LEANDRO N. AV. 518",-58.370691,-34.601595,Comuna 1,4,calle_avenida,doble,sur,8302
2025-10-09,9,10,2025,VERTIZ VIRREY AV. 2010,-58.449507,-34.559083,Comuna 13,3,calle_avenida,doble,sur,8291
2025-10-09,9,10,2025,ROSARIO 21,-58.429075,-34.618311,Comuna 6,2,calle_avenida,única,este,8010
2025-10-09,9,10,2025,CORDOBA AV. 2149,-58.398175,-34.599668,Comuna 2,,Carriles Exclusivos,única,oeste,7965
2025-10-09,9,10,2025,LARREA 477,-58.402156,-34.603736,Comuna 3,1,calle_avenida,única,norte,7756
2025-10-09,9,10,2025,MOSCONI GENERAL AV. 3000,-58.50334,-34.587077,Comuna 12,4,calle_avenida,única,norte,7565
2025-10-09,9,10,2025,"MONTES DE OCA, MANUEL AV. 1685",-58.373211,-34.646401,Comuna 4,3,calle_avenida,doble,sur,7528
2025-10-09,9,10,2025,PUEYRREDON AV. 459,-58.405495,-34.60505,Comuna 3,,Carriles Exclusivos,doble,norte,7448
2025-10-09,9,10,2025,PUEYRREDON AV. 367,-58.40571,-34.605973,Comuna 3,,Carriles Exclusivos,doble,norte,7433
2025-10-09,9,10,2025,"BEIRO, FRANCISCO AV. 2875",-58.494038,-34.594803,Comuna 15,2,calle_avenida,doble,oeste,7429
2025-10-09,9,10,2025,SANTA FE AV. 3889,-58.418132,-34.583669,Comuna 14,,Carriles Exclusivos,doble,oeste,7136
2025-10-09,9,10,2025,PUEYRREDON AV. 350,-58.405942,-34.606096,Comuna 3,,Carriles Exclusivos,doble,sur,6824
2025-10-09,9,10,2025,CORDOBA AV. 2523,-58.402911,-34.59879,Comuna 2,,Carriles Exclusivos,única,oeste,6611
2025-10-09,9,10,2025,SANTA FE AV. 4650,-58.425858,-34.578448,Comuna 14,3,calle_avenida,doble,este,6234
2025-10-09,9,10,2025,CALLAO AV. 337,-58.392133,-34.605181,Comuna 1,,Carriles Exclusivos,única,norte,6105
2025-10-09,9,10,2025,CORDOBA AV. 1749,-58.392148,-34.599512,Comuna 2,,Carriles Exclusivos,única,oeste,6081
2025-10-09,9,10,2025,"PERON, JUAN DOMINGO, TTE. GENERAL 2687",-58.404461,-34.607561,Comuna 3,2,calle_avenida,única,oeste,5634
2025-10-09,9,10,2025,"ROCA, CNEL. AV. 5870",-58.460539,-34.689402,Comuna 8,3,calle_avenida,doble,este,5415
2025-10-09,9,10,2025,SANTA FE AV. 1483,-58.388215,-34.595676,Comuna 2,,Carriles Exclusivos,doble,oeste,5290
2025-10-09,9,10,2025,"DE LA TORRE, LISANDRO 663",-58.520368,-34.646059,Comuna 9,3,calle_avenida,única,sur,5268
2025-10-09,9,10,2025,CASEROS AV. 3020,-58.406358,-34.637334,Comuna 4,2,calle_avenida,doble,este,5206
2025-10-09,9,10,2025,OLIVERA AV. 187,-58.487032,-34.637596,Comuna 10,2,calle_avenida,doble,sur,5127
2025-10-09,9,10,2025,LAS HERAS GENERAL AV. 1870,-58.392633,-34.591284,Comuna 2,,Carriles Exclusivos,doble,este,5071
2025-10-09,9,10,2025,PUEYRREDON AV. 768,-58.404705,-34.601207,Comuna 3,,Carriles Exclusivos,doble,sur,4986
2025-10-09,9,10,2025,CALLAO AV. 681,-58.392623,-34.601114,Comuna 1,,Carriles Exclusivos,única,norte,4876
2025-10-09,9,10,2025,CORDOBA AV. 3143,-58.410998,-34.597969,Comuna 2,,Carriles Exclusivos,única,oeste,4796
2025-10-09,9,10,2025,"LIMA ESTE Y GARAY, JUAN DE",-58.382235,-34.626842,Comuna 1,2,calle_avenida,doble,sur,4792
2025-10-09,9,10,2025,ENTRE RIOS AV. 926,-58.391557,-34.619431,Comuna 1,,Carriles Exclusivos,única,norte,4625
2025-10-09,9,10,2025,LAS HERAS GENERAL AV. 2252,-58.396535,-34.588012,Comuna 2,,Carriles Exclusivos,doble,este,4525
2025-10-09,9,10,2025,PUEYRREDON AV. 870,-58.404389,-34.600218,Comuna 3,,Carriles Exclusivos,doble,sur,4389
2025-10-09,9,10,2025,SANTA FE AV. 2622,-58.403884,-34.594047,Comuna 2,3,calle_avenida,doble,este,4253
2025-10-09,9,10,2025,RIVADAVIA AV. 7420,-58.469991,-34.630911,Comuna 7,4,calle_avenida,doble,este,4186
2025-10-09,9,10,2025,ENTRE RIOS AV. 182,-58.391718,-34.611145,Comuna 1,,Carriles Exclusivos,única,norte,3675
2025-10-09,9,10,2025,VARELA AV. 2779,-58.438057,-34.655973,Comuna 8,3,calle_avenida,doble,sur,3418
2025-10-09,9,10,2025,VUELTA DE OBLIGADO 2179,-58.456328,-34.560704,Comuna 13,3,calle_avenida,única,norte,3314
2025-10-09,9,10,2025,ENTRE RIOS AV. 678,-58.391572,-34.616551,Comuna 1,,Carriles Exclusivos,única,norte,3093
2025-10-09,9,10,2025,CORDOBA AV. 1147,-58.383217,-34.599039,Comuna 1,,Carriles Exclusivos,única,oeste,3020
2025-10-09,9,10,2025,LIMA OESTE 1524,-58.382189,-34.626200,Comuna 1,3,calle_avenida,doble,norte,2033
2025-10-09,9,10,2025,"AU 25 DE MAYO (AU10), SENTIDO CENTRO (ASCENDENTE), PK: 6+301",-58.402830,-34.625953,Comuna 3,,Autopista,doble,este,1929
2025-10-09,9,10,2025,CORDOBA AV. 1431,-58.387335,-34.599232,Comuna 2,,Carriles Exclusivos,única,oeste,1709
2025-10-09,9,10,2025,AU. PERITO MORENO - SENTIDO PROVINCIA - PK 0+701,-58.522022,-34.636805,Comuna 9,,Autopista,doble,oeste,179
2025-10-16,16,10,2025,FOREST AV. 634,-58.454309,-34.584925,Comuna 15,3,calle_avenida,única,sur,35045
2025-10-16,16,10,2025,CORDOBA AV. 4570,-58.429776,-34.594591,Comuna 15,4,calle_avenida,única,oeste,33796
2025-10-16,16,10,2025,AU. 25 DE MAYO - SENTIDO PROVINCIA - PK 2+701,-58.439777,-34.631321,Comuna 7,,Autopista,doble,oeste,33001
2025-10-16,16,10,2025,GAONA AV. 2300,-58.459429,-34.613877,Comuna 6,4,calle_avenida,única,oeste,31991
2025-10-16,16,10,2025,CORRIENTES AV. 5220,-58.439127,-34.59969,Comuna 15,4,calle_avenida,única,este,30828
2025-10-16,16,10,2025,ENTRE RIOS AV. 326,-58.391646,-34.613,Comuna 1,4,calle_avenida,única,norte,29404
2025-10-16,16,10,2025,CALLAO AV. 1588,-58.391201,-34.591009,Comuna 2,4,calle_avenida,única,norte,29333
2025-10-16,16,10,2025,AU. 25 DE MAYO - SENTIDO PROVINCIA - PK 1+261,-58.454008,-34.637039,Comuna 7,,Autopista,doble,oeste,29311
2025-10-16,16,10,2025,CORDOBA AV. 4471,-58.428774,-34.594989,Comuna 14,4,calle_avenida,única,oeste,28577
2025-10-16,16,10,2025,CALLAO AV. 858,-58.39311,-34.599002,Comuna 2,4,calle_avenida,única,norte,28112
2025-10-16,16,10,2025,DEL LIBERTADOR AV. 5722,-58.445603,-34.55931,Comuna 13,4,calle_avenida,doble,sur,27960
2025-10-16,16,10,2025,AVELLANEDA AV. 1825,-58.456423,-34.621237,Comuna 7,4,calle_avenida,única,este,24467
2025-10-16,16,10,2025,CORDOBA AV. 1980,-58.395434,-34.599776,Comuna 3,4,calle_avenida,única,oeste,22186
2025-10-16,16,10,2025,CORRIENTES AV. 3022,-58.408125,-34.604302,Comuna 3,4,calle_avenida,única,este,21795
2025-10-16,16,10,2025,ALVAREZ THOMAS AV. 1294,-58.459831,-34.578312,Comuna 13,4,calle_avenida,doble,oeste,21550
2025-10-16,16,10,2025,TRIUNVIRATO AV. 4520,-58.4848,-34.575403,Comuna 12,4,calle_avenida,única,este,21269
2025-10-16,16,10,2025,"ALBERDI, JUAN BAUTISTA AV. 890",-58.440541,-34.623013,Comuna 6,4,calle_avenida,única,oeste,20593
2025-10-16,16,10,2025,"SCALABRINI ORTIZ, RAUL AV. 1385",-58.427003,-34.592379,Comuna 14,2,calle_avenida,doble,este,20581
2025-10-16,16,10,2025,CORRIENTES AV. 6210,-58.448402,-34.591075,Comuna 15,4,calle_avenida,única,este,20276
2025-10-16,16,10,2025,PUEYRREDON AV. 214,-58.406212,-34.607467,Comuna 3,3,calle_avenida,doble,sur,19317
2025-10-16,16,10,2025,BELGRANO AV. 3218,-58.411416,-34.615436,Comuna 3,4,calle_avenida,única,este,18972
2025-10-16,16,10,2025,ENTRE RIOS AV. 1818,-58.390787,-34.629623,Comuna 1,4,calle_avenida,doble,norte,17801
2025-10-16,16,10,2025,"LACROZE, FEDERICO AV. 4199",-58.455081,-34.587105,Comuna 15,3,calle_avenida,doble,sur,17537
2025-10-16,16,10,2025,INDEPENDENCIA AV. 2086,-58.395712,-34.618449,Comuna 3,4,calle_avenida,única,oeste,16876
2025-10-16,16,10,2025,BOEDO AV. 965,-58.416231,-34.624996,Comuna 5,3,calle_avenida,única,sur,15760
2025-10-16,16,10,2025,"GARAY, JUAN DE AV. 1769",-58.390037,-34.627139,Comuna 1,3,calle_avenida,doble,oeste,15505
2025-10-16,16,10,2025,PUEYRREDON AV. 1418,-58.402311,-34.594121,Comuna 2,3,calle_avenida,doble,sur,15501
2025-10-16,16,10,2025,INDEPENDENCIA AV. 1784,-58.391307,-34.618226,Comuna 1,4,calle_avenida,única,oeste,14980
2025-10-16,16,10,2025,CABILDO AV. 1716,-58.453855,-34.565367,Comuna 13,2,calle_avenida,doble,sur,14649
2025-10-16,16,10,2025,VEDIA 3438,-58.86039,-34.544242,Comuna 12,4,calle_avenida,única,este,14247
2025-10-16,16,10,2025,"DE IRIGIOYEN, BERNARDO 1026",-58.3799,-34.62006,Comuna 1,4,calle_avenida,única,norte,13865
2025-10-16,16,10,2025,NAZCA AV. 479,-58.471328,-34.626678,Comuna 7,2,calle_avenida,doble,norte,13825
2025-10-16,16,10,2025,LIMA 1365,-58.381495,-34.624262,Comuna 1,3,calle_avenida,única,sur,13821
2025-10-16,16,10,2025,SAN MARTIN AV. 1844,-58.454414,-34.605652,Comuna 6,3,calle_avenida,doble,este,13532
2025-10-16,16,10,2025,BELGRANO AV. 324,-58.370911,-34.61249,Comuna 1,4,calle_avenida,única,este,13078
2025-10-16,16,10,2025,RIVADAVIA AV. 7218,-58.467187,-34.630203,Comuna 7,2,calle_avenida,doble,este,13043
2025-10-16,16,10,2025,RIVADAVIA AV. 4987,-58.43608,-34.618047,Comuna 6,4,calle_avenida,única,oeste,12910
2025-10-16,16,10,2025,LIMA 281,-58.381872,-34.611723,Comuna 1,3,calle_avenida,única,sur,12380
2025-10-16,16,10,2025,RIVADAVIA AV. 2775,-58.405518,-34.610013,Comuna 3,4,calle_avenida,única,oeste,11624
2025-10-16,16,10,2025,SUAREZ 1635,-58.373758,-34.638502,Comuna 4,2,calle_avenida,única,este,11211
2025-10-16,16,10,2025,AU. PERITO MORENO - SENTIDO PROVINCIA - PK 0+701,-58.522022,-34.636805,Comuna 9,,Autopista,doble,oeste,11132
2025-10-16,16,10,2025,"LACROZE, FEDERICO AV. 2462",-58.445413,-34.571098,Comuna 13,2,calle_avenida,doble,norte,10875
2025-10-16,16,10,2025,CORDOBA AV. 3329,-58.413685,-34.597847,Comuna 2,,Carriles Exclusivos,única,oeste,10088
2025-10-16,16,10,2025,SAN JUAN AV. 1119,-58.381832,-34.622096,Comuna 1,4,calle_avenida,única,este,9773
2025-10-16,16,10,2025,"RABANAL, FRANCISCO, INTENDENTE AV. 1323",-58.417658,-34.654886,Comuna 4,3,calle_avenida,doble,oeste,9629
2025-10-16,16,10,2025,CALLAO AV. 337,-58.392133,-34.605181,Comuna 1,,Carriles Exclusivos,única,norte,8867
2025-10-16,16,10,2025,"ALEM, LEANDRO N. AV. 518",-58.370691,-34.601595,Comuna 1,4,calle_avenida,doble,sur,8636
2025-10-16,16,10,2025,"JUSTO, JUAN B. AV. 4781",-58.466338,-34.610364,Comuna 11,3,calle_avenida,doble,oeste,8607
2025-10-16,16,10,2025,CORDOBA AV. 2149,-58.398175,-34.599668,Comuna 2,,Carriles Exclusivos,única,oeste,8246
2025-10-16,16,10,2025,VERTIZ VIRREY AV. 2010,-58.449507,-34.559083,Comuna 13,3,calle_avenida,doble,sur,8049
2025-10-16,16,10,2025,PASEO COLON AV. 753,-58.369509,-34.616769,Comuna 1,4,calle_avenida,doble,sur,7936
2025-10-16,16,10,2025,CORDOBA AV. 2801,-58.407164,-34.597965,Comuna 2,,Carriles Exclusivos,única,oeste,7840
2025-10-16,16,10,2025,AVELLANEDA AV. 2924,-58.471929,-34.626563,Comuna 7,4,calle_avenida,única,este,7594
2025-10-16,16,10,2025,"MONTES DE OCA, MANUEL AV. 1685",-58.373211,-34.646401,Comuna 4,3,calle_avenida,doble,sur,7573
2025-10-16,16,10,2025,LARREA 477,-58.402156,-34.603736,Comuna 3,1,calle_avenida,única,norte,7553
2025-10-16,16,10,2025,ROSARIO 21,-58.429075,-34.618311,Comuna 6,2,calle_avenida,única,este,7537
2025-10-16,16,10,2025,PASEO COLON AV. 400,-58.368952,-34.612207,Comuna 1,3,calle_avenida,doble,norte,7439
2025-10-16,16,10,2025,SANTA FE AV. 3889,-58.418132,-34.583669,Comuna 14,,Carriles Exclusivos,doble,oeste,7308
2025-10-16,16,10,2025,RIVADAVIA AV. 10524,-58.511786,-34.639436,Comuna 9,3,calle_avenida,doble,este,7156
2025-10-16,16,10,2025,CORDOBA AV. 3647,-58.417813,-34.597727,Comuna 14,,Carriles Exclusivos,única,oeste,7116
2025-10-16,16,10,2025,RIVADAVIA AV. 7420,-58.469991,-34.630911,Comuna 7,4,calle_avenida,doble,este,6941
2025-10-16,16,10,2025,CALLAO AV. 681,-58.392623,-34.601114,Comuna 1,,Carriles Exclusivos,única,norte,6748
2025-10-16,16,10,2025,PUEYRREDON AV. 459,-58.405495,-34.60505,Comuna 3,,Carriles Exclusivos,doble,norte,6725
2025-10-16,16,10,2025,"PERON, JUAN DOMINGO, TTE. GENERAL 2687",-58.404461,-34.607561,Comuna 3,2,calle_avenida,única,oeste,6716
2025-10-16,16,10,2025,CORDOBA AV. 1431,-58.387335,-34.599232,Comuna 2,,Carriles Exclusivos,única,oeste,6287
2025-10-16,16,10,2025,"BEIRO, FRANCISCO AV. 2875",-58.494038,-34.594803,Comuna 15,2,calle_avenida,doble,oeste,6190
2025-10-16,16,10,2025,MOSCONI GENERAL AV. 3000,-58.50334,-34.587077,Comuna 12,4,calle_avenida,única,norte,5896
2025-10-16,16,10,2025,ENTRE RIOS AV. 926,-58.391557,-34.619431,Comuna 1,,Carriles Exclusivos,única,norte,5879
2025-10-16,16,10,2025,ENTRE RIOS AV. 182,-58.391718,-34.611145,Comuna 1,,Carriles Exclusivos,única,norte,5779
2025-10-16,16,10,2025,CORDOBA AV. 2523,-58.402911,-34.59879,Comuna 2,,Carriles Exclusivos,única,oeste,5736
2025-10-16,16,10,2025,"ROCA, CNEL. AV. 5870",-58.460539,-34.689402,Comuna 8,3,calle_avenida,doble,este,5666
2025-10-16,16,10,2025,SANTA FE AV. 4650,-58.425858,-34.578448,Comuna 14,3,calle_avenida,doble,este,5642
2025-10-16,16,10,2025,CORDOBA AV. 1749,-58.392148,-34.599512,Comuna 2,,Carriles Exclusivos,única,oeste,5359
2025-10-16,16,10,2025,SANTA FE AV. 1483,-58.388215,-34.595676,Comuna 2,,Carriles Exclusivos,doble,oeste,5240
2025-10-16,16,10,2025,PUEYRREDON AV. 768,-58.404705,-34.601207,Comuna 3,,Carriles Exclusivos,doble,sur,5093
2025-10-16,16,10,2025,CORDOBA AV. 3143,-58.410998,-34.597969,Comuna 2,,Carriles Exclusivos,única,oeste,5081
2025-10-16,16,10,2025,LAS HERAS GENERAL AV. 1870,-58.392633,-34.591284,Comuna 2,,Carriles Exclusivos,doble,este,5065
2025-10-16,16,10,2025,OLIVERA AV. 187,-58.487032,-34.637596,Comuna 10,2,calle_avenida,doble,sur,4864
2025-10-16,16,10,2025,"LIMA ESTE Y GARAY, JUAN DE",-58.382235,-34.626842,Comuna 1,2,calle_avenida,doble,sur,4809
2025-10-16,16,10,2025,CASEROS AV. 3020,-58.406358,-34.637334,Comuna 4,2,calle_avenida,doble,este,4804
2025-10-16,16,10,2025,PUEYRREDON AV. 870,-58.404389,-34.600218,Comuna 3,,Carriles Exclusivos,doble,sur,4782
2025-10-16,16,10,2025,"DE LA TORRE, LISANDRO 663",-58.520368,-34.646059,Comuna 9,3,calle_avenida,única,sur,4746
2025-10-16,16,10,2025,PUEYRREDON AV. 350,-58.405942,-34.606096,Comuna 3,,Carriles Exclusivos,doble,sur,4722
2025-10-16,16,10,2025,RIVADAVIA AV. 6626,-58.459176,-34.62777,Comuna 7,2,calle_avenida,doble,este,4693
2025-10-16,16,10,2025,SANTA FE AV. 2622,-58.403884,-34.594047,Comuna 2,3,calle_avenida,doble,este,4631
2025-10-16,16,10,2025,LAS HERAS GENERAL AV. 2252,-58.396535,-34.588012,Comuna 2,,Carriles Exclusivos,doble,este,4588
2025-10-16,16,10,2025,PUEYRREDON AV. 367,-58.40571,-34.605973,Comuna 3,,Carriles Exclusivos,doble,norte,4272
2025-10-16,16,10,2025,ENTRE RIOS AV. 678,-58.391572,-34.616551,Comuna 1,,Carriles Exclusivos,única,norte,3779
2025-10-16,16,10,2025,VUELTA DE OBLIGADO 2179,-58.456328,-34.560704,Comuna 13,3,calle_avenida,única,norte,3277
2025-10-16,16,10,2025,VARELA AV. 2779,-58.438057,-34.655973,Comuna 8,3,calle_avenida,doble,sur,3105
2025-10-16,16,10,2025,CORDOBA AV. 1147,-58.383217,-34.599039,Comuna 1,,Carriles Exclusivos,única,oeste,2847
2025-10-16,16,10,2025,LIMA OESTE 1524,-58.382189,-34.626200,Comuna 1,3,calle_avenida,doble,norte,1976
2025-10-16,16,10,2025,"AU 25 DE MAYO (AU10), SENTIDO CENTRO (ASCENDENTE), PK: 6+301",-58.402830,-34.625953,Comuna 3,,Autopista,doble,este,1829
2025-10-23,23,10,2025,AU. 25 DE MAYO - SENTIDO PROVINCIA - PK 2+701,-58.439777,-34.631321,Comuna 7,,Autopista,doble,oeste,34988
2025-10-23,23,10,2025,AU. 25 DE MAYO - SENTIDO PROVINCIA - PK 1+261,-58.454008,-34.637039,Comuna 7,,Autopista,doble,oeste,33869
2025-10-23,23,10,2025,CORDOBA AV. 4570,-58.429776,-34.594591,Comuna 15,4,calle_avenida,única,oeste,31862
2025-10-23,23,10,2025,CORRIENTES AV. 5220,-58.439127,-34.59969,Comuna 15,4,calle_avenida,única,este,31492
2025-10-23,23,10,2025,GAONA AV. 2300,-58.459429,-34.613877,Comuna 6,4,calle_avenida,única,oeste,31072
2025-10-23,23,10,2025,CALLAO AV. 858,-58.39311,-34.599002,Comuna 2,4,calle_avenida,única,norte,29433
2025-10-23,23,10,2025,ENTRE RIOS AV. 326,-58.391646,-34.613,Comuna 1,4,calle_avenida,única,norte,27766
2025-10-23,23,10,2025,CALLAO AV. 1588,-58.391201,-34.591009,Comuna 2,4,calle_avenida,única,norte,27350
2025-10-23,23,10,2025,ALVAREZ THOMAS AV. 1294,-58.459831,-34.578312,Comuna 13,4,calle_avenida,doble,oeste,26110
2025-10-23,23,10,2025,CORDOBA AV. 4471,-58.428774,-34.594989,Comuna 14,4,calle_avenida,única,oeste,23715
2025-10-23,23,10,2025,CORDOBA AV. 1980,-58.395434,-34.599776,Comuna 3,4,calle_avenida,única,oeste,23638
2025-10-23,23,10,2025,AVELLANEDA AV. 1825,-58.456423,-34.621237,Comuna 7,4,calle_avenida,única,este,23603
2025-10-23,23,10,2025,PUEYRREDON AV. 214,-58.406212,-34.607467,Comuna 3,3,calle_avenida,doble,sur,22132
2025-10-23,23,10,2025,CORRIENTES AV. 3022,-58.408125,-34.604302,Comuna 3,4,calle_avenida,única,este,21934
2025-10-23,23,10,2025,CORRIENTES AV. 6210,-58.448402,-34.591075,Comuna 15,4,calle_avenida,única,este,21495
2025-10-23,23,10,2025,TRIUNVIRATO AV. 4520,-58.4848,-34.575403,Comuna 12,4,calle_avenida,única,este,20414
2025-10-23,23,10,2025,BELGRANO AV. 3218,-58.411416,-34.615436,Comuna 3,4,calle_avenida,única,este,20150
2025-10-23,23,10,2025,"SCALABRINI ORTIZ, RAUL AV. 1385",-58.427003,-34.592379,Comuna 14,2,calle_avenida,doble,este,18913
2025-10-23,23,10,2025,ENTRE RIOS AV. 1818,-58.390787,-34.629623,Comuna 1,4,calle_avenida,doble,norte,18693
2025-10-23,23,10,2025,RIVADAVIA AV. 2775,-58.405518,-34.610013,Comuna 3,4,calle_avenida,única,oeste,17937
2025-10-23,23,10,2025,"ALBERDI, JUAN BAUTISTA AV. 890",-58.440541,-34.623013,Comuna 6,4,calle_avenida,única,oeste,17557
2025-10-23,23,10,2025,"LACROZE, FEDERICO AV. 4199",-58.455081,-34.587105,Comuna 15,3,calle_avenida,doble,sur,16969
2025-10-23,23,10,2025,BELGRANO AV. 324,-58.370911,-34.61249,Comuna 1,4,calle_avenida,única,este,16872
2025-10-23,23,10,2025,SAN MARTIN AV. 1844,-58.454414,-34.605652,Comuna 6,3,calle_avenida,doble,este,16332
2025-10-23,23,10,2025,"GARAY, JUAN DE AV. 1769",-58.390037,-34.627139,Comuna 1,3,calle_avenida,doble,oeste,16287
2025-10-23,23,10,2025,INDEPENDENCIA AV. 2086,-58.395712,-34.618449,Comuna 3,4,calle_avenida,única,oeste,15731
2025-10-23,23,10,2025,BOEDO AV. 965,-58.416231,-34.624996,Comuna 5,3,calle_avenida,única,sur,15623
2025-10-23,23,10,2025,VEDIA 3438,-58.86039,-34.544242,Comuna 12,4,calle_avenida,única,este,15199
2025-10-23,23,10,2025,PUEYRREDON AV. 1418,-58.402311,-34.594121,Comuna 2,3,calle_avenida,doble,sur,14392
2025-10-23,23,10,2025,CABILDO AV. 1716,-58.453855,-34.565367,Comuna 13,2,calle_avenida,doble,sur,14150
2025-10-23,23,10,2025,FOREST AV. 634,-58.454309,-34.584925,Comuna 15,3,calle_avenida,única,sur,13461
2025-10-23,23,10,2025,NAZCA AV. 479,-58.471328,-34.626678,Comuna 7,2,calle_avenida,doble,norte,12866
2025-10-23,23,10,2025,LIMA 1365,-58.381495,-34.624262,Comuna 1,3,calle_avenida,única,sur,12839
2025-10-23,23,10,2025,RIVADAVIA AV. 7218,-58.467187,-34.630203,Comuna 7,2,calle_avenida,doble,este,12665
2025-10-23,23,10,2025,"DE IRIGIOYEN, BERNARDO 1026",-58.3799,-34.62006,Comuna 1,4,calle_avenida,única,norte,12244
2025-10-23,23,10,2025,LIMA 281,-58.381872,-34.611723,Comuna 1,3,calle_avenida,única,sur,11736
2025-10-23,23,10,2025,AU. PERITO MORENO - SENTIDO PROVINCIA - PK 0+701,-58.522022,-34.636805,Comuna 9,,Autopista,doble,oeste,11642
2025-10-23,23,10,2025,"RABANAL, FRANCISCO, INTENDENTE AV. 1323",-58.417658,-34.654886,Comuna 4,3,calle_avenida,doble,oeste,10831
2025-10-23,23,10,2025,SUAREZ 1635,-58.373758,-34.638502,Comuna 4,2,calle_avenida,única,este,10817
2025-10-23,23,10,2025,AVELLANEDA AV. 2924,-58.471929,-34.626563,Comuna 7,4,calle_avenida,única,este,10409
2025-10-23,23,10,2025,"LACROZE, FEDERICO AV. 2462",-58.445413,-34.571098,Comuna 13,2,calle_avenida,doble,norte,10352
2025-10-23,23,10,2025,CORDOBA AV. 3329,-58.413685,-34.597847,Comuna 2,,Carriles Exclusivos,única,oeste,10341
2025-10-23,23,10,2025,SAN JUAN AV. 1119,-58.381832,-34.622096,Comuna 1,4,calle_avenida,única,este,9488
2025-10-23,23,10,2025,CORDOBA AV. 2801,-58.407164,-34.597965,Comuna 2,,Carriles Exclusivos,única,oeste,9264
2025-10-23,23,10,2025,CORDOBA AV. 2149,-58.398175,-34.599668,Comuna 2,,Carriles Exclusivos,única,oeste,9152
2025-10-23,23,10,2025,"JUSTO, JUAN B. AV. 4781",-58.466338,-34.610364,Comuna 11,3,calle_avenida,doble,oeste,9146
2025-10-23,23,10,2025,CALLAO AV. 337,-58.392133,-34.605181,Comuna 1,,Carriles Exclusivos,única,norte,9105
2025-10-23,23,10,2025,"ALEM, LEANDRO N. AV. 518",-58.370691,-34.601595,Comuna 1,4,calle_avenida,doble,sur,9054
2025-10-23,23,10,2025,RIVADAVIA AV. 10524,-58.511786,-34.639436,Comuna 9,3,calle_avenida,doble,este,8808
2025-10-23,23,10,2025,VERTIZ VIRREY AV. 2010,-58.449507,-34.559083,Comuna 13,3,calle_avenida,doble,sur,8722
2025-10-23,23,10,2025,RIVADAVIA AV. 7420,-58.469991,-34.630911,Comuna 7,4,calle_avenida,doble,este,8471
2025-10-23,23,10,2025,RIVADAVIA AV. 4987,-58.43608,-34.618047,Comuna 6,4,calle_avenida,única,oeste,8439
2025-10-23,23,10,2025,CORDOBA AV. 3647,-58.417813,-34.597727,Comuna 14,,Carriles Exclusivos,única,oeste,8417
2025-10-23,23,10,2025,PASEO COLON AV. 400,-58.368952,-34.612207,Comuna 1,3,calle_avenida,doble,norte,8288
2025-10-23,23,10,2025,SANTA FE AV. 4650,-58.425858,-34.578448,Comuna 14,3,calle_avenida,doble,este,8006
2025-10-23,23,10,2025,"BEIRO, FRANCISCO AV. 2875",-58.494038,-34.594803,Comuna 15,2,calle_avenida,doble,oeste,7853
2025-10-23,23,10,2025,"MONTES DE OCA, MANUEL AV. 1685",-58.373211,-34.646401,Comuna 4,3,calle_avenida,doble,sur,7420
2025-10-23,23,10,2025,ROSARIO 21,-58.429075,-34.618311,Comuna 6,2,calle_avenida,única,este,7329
2025-10-23,23,10,2025,LARREA 477,-58.402156,-34.603736,Comuna 3,1,calle_avenida,única,norte,6940
2025-10-23,23,10,2025,SANTA FE AV. 3889,-58.418132,-34.583669,Comuna 14,,Carriles Exclusivos,doble,oeste,6612
2025-10-23,23,10,2025,CORDOBA AV. 1431,-58.387335,-34.599232,Comuna 2,,Carriles Exclusivos,única,oeste,6449
2025-10-23,23,10,2025,ENTRE RIOS AV. 182,-58.391718,-34.611145,Comuna 1,,Carriles Exclusivos,única,norte,6331
2025-10-23,23,10,2025,MOSCONI GENERAL AV. 3000,-58.50334,-34.587077,Comuna 12,4,calle_avenida,única,norte,6166
2025-10-23,23,10,2025,PUEYRREDON AV. 459,-58.405495,-34.60505,Comuna 3,,Carriles Exclusivos,doble,norte,5724
2025-10-23,23,10,2025,PASEO COLON AV. 753,-58.369509,-34.616769,Comuna 1,4,calle_avenida,doble,sur,5582
2025-10-23,23,10,2025,CORDOBA AV. 2523,-58.402911,-34.59879,Comuna 2,,Carriles Exclusivos,única,oeste,5511
2025-10-23,23,10,2025,OLIVERA AV. 187,-58.487032,-34.637596,Comuna 10,2,calle_avenida,doble,sur,5402
2025-10-23,23,10,2025,CORDOBA AV. 3143,-58.410998,-34.597969,Comuna 2,,Carriles Exclusivos,única,oeste,5309
2025-10-23,23,10,2025,ENTRE RIOS AV. 926,-58.391557,-34.619431,Comuna 1,,Carriles Exclusivos,única,norte,5289
2025-10-23,23,10,2025,PUEYRREDON AV. 768,-58.404705,-34.601207,Comuna 3,,Carriles Exclusivos,doble,sur,5250
2025-10-23,23,10,2025,"PERON, JUAN DOMINGO, TTE. GENERAL 2687",-58.404461,-34.607561,Comuna 3,2,calle_avenida,única,oeste,5226
2025-10-23,23,10,2025,"DE LA TORRE, LISANDRO 663",-58.520368,-34.646059,Comuna 9,3,calle_avenida,única,sur,5143
2025-10-23,23,10,2025,CASEROS AV. 3020,-58.406358,-34.637334,Comuna 4,2,calle_avenida,doble,este,5123
2025-10-23,23,10,2025,PUEYRREDON AV. 870,-58.404389,-34.600218,Comuna 3,,Carriles Exclusivos,doble,sur,4985
2025-10-23,23,10,2025,SANTA FE AV. 1483,-58.388215,-34.595676,Comuna 2,,Carriles Exclusivos,doble,oeste,4942
2025-10-23,23,10,2025,LAS HERAS GENERAL AV. 1870,-58.392633,-34.591284,Comuna 2,,Carriles Exclusivos,doble,este,4869
2025-10-23,23,10,2025,CORDOBA AV. 1749,-58.392148,-34.599512,Comuna 2,,Carriles Exclusivos,única,oeste,4860
2025-10-23,23,10,2025,"ROCA, CNEL. AV. 5870",-58.460539,-34.689402,Comuna 8,3,calle_avenida,doble,este,4463
2025-10-23,23,10,2025,"LIMA ESTE Y GARAY, JUAN DE",-58.382235,-34.626842,Comuna 1,2,calle_avenida,doble,sur,4446
2025-10-23,23,10,2025,SANTA FE AV. 2622,-58.403884,-34.594047,Comuna 2,3,calle_avenida,doble,este,4439
2025-10-23,23,10,2025,RIVADAVIA AV. 6626,-58.459176,-34.62777,Comuna 7,2,calle_avenida,doble,este,4405
2025-10-23,23,10,2025,PUEYRREDON AV. 367,-58.40571,-34.605973,Comuna 3,,Carriles Exclusivos,doble,norte,4227
2025-10-23,23,10,2025,LAS HERAS GENERAL AV. 2252,-58.396535,-34.588012,Comuna 2,,Carriles Exclusivos,doble,este,4148
2025-10-23,23,10,2025,CALLAO AV. 681,-58.392623,-34.601114,Comuna 1,,Carriles Exclusivos,única,norte,4088
2025-10-23,23,10,2025,ENTRE RIOS AV. 678,-58.391572,-34.616551,Comuna 1,,Carriles Exclusivos,única,norte,3340
2025-10-23,23,10,2025,VUELTA DE OBLIGADO 2179,-58.456328,-34.560704,Comuna 13,3,calle_avenida,única,norte,3218
2025-10-23,23,10,2025,VARELA AV. 2779,-58.438057,-34.655973,Comuna 8,3,calle_avenida,doble,sur,3189
2025-10-23,23,10,2025,CORDOBA AV. 1147,-58.383217,-34.599039,Comuna 1,,Carriles Exclusivos,única,oeste,2658
2025-10-23,23,10,2025,PUEYRREDON AV. 350,-58.405942,-34.606096,Comuna 3,,Carriles Exclusivos,doble,sur,2640
2025-10-23,23,10,2025,LIMA OESTE 1524,-58.382189,-34.626200,Comuna 1,3,calle_avenida,doble,norte,2195
2025-10-23,23,10,2025,"AU 25 DE MAYO (AU10), SENTIDO CENTRO (ASCENDENTE), PK: 6+301",-58.402830,-34.625953,Comuna 3,,Autopista,doble,este,1888
2025-10-30,30,10,2025,CORDOBA AV. 4570,-58.429776,-34.594591,Comuna 15,4,calle_avenida,única,oeste,35313
2025-10-30,30,10,2025,GAONA AV. 2300,-58.459429,-34.613877,Comuna 6,4,calle_avenida,única,oeste,32206
2025-10-30,30,10,2025,CORRIENTES AV. 5220,-58.439127,-34.59969,Comuna 15,4,calle_avenida,única,este,31648
2025-10-30,30,10,2025,CALLAO AV. 858,-58.39311,-34.599002,Comuna 2,4,calle_avenida,única,norte,31489
2025-10-30,30,10,2025,CORDOBA AV. 4471,-58.428774,-34.594989,Comuna 14,4,calle_avenida,única,oeste,30412
2025-10-30,30,10,2025,ENTRE RIOS AV. 326,-58.391646,-34.613,Comuna 1,4,calle_avenida,única,norte,29020
2025-10-30,30,10,2025,CALLAO AV. 1588,-58.391201,-34.591009,Comuna 2,4,calle_avenida,única,norte,28879
2025-10-30,30,10,2025,AU. 25 DE MAYO - SENTIDO PROVINCIA - PK 2+701,-58.439777,-34.631321,Comuna 7,,Autopista,doble,oeste,27570
2025-10-30,30,10,2025,AVELLANEDA AV. 1825,-58.456423,-34.621237,Comuna 7,4,calle_avenida,única,este,26096
2025-10-30,30,10,2025,AU. 25 DE MAYO - SENTIDO PROVINCIA - PK 1+261,-58.454008,-34.637039,Comuna 7,,Autopista,doble,oeste,25411
2025-10-30,30,10,2025,"ALBERDI, JUAN BAUTISTA AV. 890",-58.440541,-34.623013,Comuna 6,4,calle_avenida,única,oeste,25308
2025-10-30,30,10,2025,CORDOBA AV. 1980,-58.395434,-34.599776,Comuna 3,4,calle_avenida,única,oeste,24305
2025-10-30,30,10,2025,ALVAREZ THOMAS AV. 1294,-58.459831,-34.578312,Comuna 13,4,calle_avenida,doble,oeste,23098
2025-10-30,30,10,2025,TRIUNVIRATO AV. 4520,-58.4848,-34.575403,Comuna 12,4,calle_avenida,única,este,21229
2025-10-30,30,10,2025,CORRIENTES AV. 6210,-58.448402,-34.591075,Comuna 15,4,calle_avenida,única,este,21045
2025-10-30,30,10,2025,CORRIENTES AV. 3022,-58.408125,-34.604302,Comuna 3,4,calle_avenida,única,este,20293
2025-10-30,30,10,2025,PUEYRREDON AV. 214,-58.406212,-34.607467,Comuna 3,3,calle_avenida,doble,sur,20102
2025-10-30,30,10,2025,"SCALABRINI ORTIZ, RAUL AV. 1385",-58.427003,-34.592379,Comuna 14,2,calle_avenida,doble,este,19747
2025-10-30,30,10,2025,INDEPENDENCIA AV. 2086,-58.395712,-34.618449,Comuna 3,4,calle_avenida,única,oeste,19537
2025-10-30,30,10,2025,BELGRANO AV. 3218,-58.411416,-34.615436,Comuna 3,4,calle_avenida,única,este,18165
2025-10-30,30,10,2025,SAN MARTIN AV. 1844,-58.454414,-34.605652,Comuna 6,3,calle_avenida,doble,este,18120
2025-10-30,30,10,2025,"LACROZE, FEDERICO AV. 4199",-58.455081,-34.587105,Comuna 15,3,calle_avenida,doble,sur,17425
2025-10-30,30,10,2025,ENTRE RIOS AV. 1818,-58.390787,-34.629623,Comuna 1,4,calle_avenida,doble,norte,17411
2025-10-30,30,10,2025,CABILDO AV. 1716,-58.453855,-34.565367,Comuna 13,2,calle_avenida,doble,sur,15593
2025-10-30,30,10,2025,NAZCA AV. 479,-58.471328,-34.626678,Comuna 7,2,calle_avenida,doble,norte,15514
2025-10-30,30,10,2025,BOEDO AV. 965,-58.416231,-34.624996,Comuna 5,3,calle_avenida,única,sur,15225
2025-10-30,30,10,2025,PUEYRREDON AV. 1418,-58.402311,-34.594121,Comuna 2,3,calle_avenida,doble,sur,15080
2025-10-30,30,10,2025,"GARAY, JUAN DE AV. 1769",-58.390037,-34.627139,Comuna 1,3,calle_avenida,doble,oeste,14105
2025-10-30,30,10,2025,LIMA 1365,-58.381495,-34.624262,Comuna 1,3,calle_avenida,única,sur,13709
2025-10-30,30,10,2025,RIVADAVIA AV. 4987,-58.43608,-34.618047,Comuna 6,4,calle_avenida,única,oeste,13606
2025-10-30,30,10,2025,VEDIA 3438,-58.86039,-34.544242,Comuna 12,4,calle_avenida,única,este,13174
2025-10-30,30,10,2025,SAN JUAN AV. 1119,-58.381832,-34.622096,Comuna 1,4,calle_avenida,única,este,13083
2025-10-30,30,10,2025,BELGRANO AV. 324,-58.370911,-34.61249,Comuna 1,4,calle_avenida,única,este,12557
2025-10-30,30,10,2025,"DE IRIGIOYEN, BERNARDO 1026",-58.3799,-34.62006,Comuna 1,4,calle_avenida,única,norte,12314
2025-10-30,30,10,2025,LIMA 281,-58.381872,-34.611723,Comuna 1,3,calle_avenida,única,sur,11552
2025-10-30,30,10,2025,RIVADAVIA AV. 2775,-58.405518,-34.610013,Comuna 3,4,calle_avenida,única,oeste,11440
2025-10-30,30,10,2025,"LACROZE, FEDERICO AV. 2462",-58.445413,-34.571098,Comuna 13,2,calle_avenida,doble,norte,11268
2025-10-30,30,10,2025,SUAREZ 1635,-58.373758,-34.638502,Comuna 4,2,calle_avenida,única,este,11112
2025-10-30,30,10,2025,AU. PERITO MORENO - SENTIDO PROVINCIA - PK 0+701,-58.522022,-34.636805,Comuna 9,,Autopista,doble,oeste,9074
2025-10-30,30,10,2025,PASEO COLON AV. 753,-58.369509,-34.616769,Comuna 1,4,calle_avenida,doble,sur,8849
2025-10-30,30,10,2025,VERTIZ VIRREY AV. 2010,-58.449507,-34.559083,Comuna 13,3,calle_avenida,doble,sur,8733
2025-10-30,30,10,2025,CALLAO AV. 337,-58.392133,-34.605181,Comuna 1,,Carriles Exclusivos,única,norte,8688
2025-10-30,30,10,2025,CORDOBA AV. 2149,-58.398175,-34.599668,Comuna 2,,Carriles Exclusivos,única,oeste,8618
2025-10-30,30,10,2025,LARREA 477,-58.402156,-34.603736,Comuna 3,1,calle_avenida,única,norte,8448
2025-10-30,30,10,2025,"RABANAL, FRANCISCO, INTENDENTE AV. 1323",-58.417658,-34.654886,Comuna 4,3,calle_avenida,doble,oeste,8287
2025-10-30,30,10,2025,RIVADAVIA AV. 7420,-58.469991,-34.630911,Comuna 7,4,calle_avenida,doble,este,8070
2025-10-30,30,10,2025,PUEYRREDON AV. 350,-58.405942,-34.606096,Comuna 3,,Carriles Exclusivos,doble,sur,8062
2025-10-30,30,10,2025,CORDOBA AV. 2801,-58.407164,-34.597965,Comuna 2,,Carriles Exclusivos,única,oeste,7879
2025-10-30,30,10,2025,RIVADAVIA AV. 10524,-58.511786,-34.639436,Comuna 9,3,calle_avenida,doble,este,7818
2025-10-30,30,10,2025,CORDOBA AV. 3329,-58.413685,-34.597847,Comuna 2,,Carriles Exclusivos,única,oeste,7804
2025-10-30,30,10,2025,"ALEM, LEANDRO N. AV. 518",-58.370691,-34.601595,Comuna 1,4,calle_avenida,doble,sur,7719
2025-10-30,30,10,2025,"JUSTO, JUAN B. AV. 4781",-58.466338,-34.610364,Comuna 11,3,calle_avenida,doble,oeste,7706
2025-10-30,30,10,2025,PASEO COLON AV. 400,-58.368952,-34.612207,Comuna 1,3,calle_avenida,doble,norte,7426
2025-10-30,30,10,2025,SANTA FE AV. 3889,-58.418132,-34.583669,Comuna 14,,Carriles Exclusivos,doble,oeste,7335
2025-10-30,30,10,2025,"MONTES DE OCA, MANUEL AV. 1685",-58.373211,-34.646401,Comuna 4,3,calle_avenida,doble,sur,7284
2025-10-30,30,10,2025,CORDOBA AV. 3647,-58.417813,-34.597727,Comuna 14,,Carriles Exclusivos,única,oeste,7204
2025-10-30,30,10,2025,AVELLANEDA AV. 2924,-58.471929,-34.626563,Comuna 7,4,calle_avenida,única,este,7184
2025-10-30,30,10,2025,CORDOBA AV. 2523,-58.402911,-34.59879,Comuna 2,,Carriles Exclusivos,única,oeste,6982
2025-10-30,30,10,2025,ROSARIO 21,-58.429075,-34.618311,Comuna 6,2,calle_avenida,única,este,6756
2025-10-30,30,10,2025,ENTRE RIOS AV. 182,-58.391718,-34.611145,Comuna 1,,Carriles Exclusivos,única,norte,6511
2025-10-30,30,10,2025,PUEYRREDON AV. 459,-58.405495,-34.60505,Comuna 3,,Carriles Exclusivos,doble,norte,6454
2025-10-30,30,10,2025,CORDOBA AV. 1431,-58.387335,-34.599232,Comuna 2,,Carriles Exclusivos,única,oeste,6316
2025-10-30,30,10,2025,"BEIRO, FRANCISCO AV. 2875",-58.494038,-34.594803,Comuna 15,2,calle_avenida,doble,oeste,6275
2025-10-30,30,10,2025,FOREST AV. 634,-58.454309,-34.584925,Comuna 15,3,calle_avenida,única,sur,6194
2025-10-30,30,10,2025,MOSCONI GENERAL AV. 3000,-58.50334,-34.587077,Comuna 12,4,calle_avenida,única,norte,6165
2025-10-30,30,10,2025,PUEYRREDON AV. 768,-58.404705,-34.601207,Comuna 3,,Carriles Exclusivos,doble,sur,5768
2025-10-30,30,10,2025,CALLAO AV. 681,-58.392623,-34.601114,Comuna 1,,Carriles Exclusivos,única,norte,5681
2025-10-30,30,10,2025,PUEYRREDON AV. 870,-58.404389,-34.600218,Comuna 3,,Carriles Exclusivos,doble,sur,5497
2025-10-30,30,10,2025,ENTRE RIOS AV. 926,-58.391557,-34.619431,Comuna 1,,Carriles Exclusivos,única,norte,5433
2025-10-30,30,10,2025,CORDOBA AV. 3143,-58.410998,-34.597969,Comuna 2,,Carriles Exclusivos,única,oeste,5162
2025-10-30,30,10,2025,RIVADAVIA AV. 6626,-58.459176,-34.62777,Comuna 7,2,calle_avenida,doble,este,5111
2025-10-30,30,10,2025,CORDOBA AV. 1749,-58.392148,-34.599512,Comuna 2,,Carriles Exclusivos,única,oeste,5093
2025-10-30,30,10,2025,SANTA FE AV. 1483,-58.388215,-34.595676,Comuna 2,,Carriles Exclusivos,doble,oeste,5013
2025-10-30,30,10,2025,PUEYRREDON AV. 367,-58.40571,-34.605973,Comuna 3,,Carriles Exclusivos,doble,norte,4900
2025-10-30,30,10,2025,SANTA FE AV. 2622,-58.403884,-34.594047,Comuna 2,3,calle_avenida,doble,este,4885
2025-10-30,30,10,2025,"LIMA ESTE Y GARAY, JUAN DE",-58.382235,-34.626842,Comuna 1,2,calle_avenida,doble,sur,4547
2025-10-30,30,10,2025,CASEROS AV. 3020,-58.406358,-34.637334,Comuna 4,2,calle_avenida,doble,este,4545
2025-10-30,30,10,2025,OLIVERA AV. 187,-58.487032,-34.637596,Comuna 10,2,calle_avenida,doble,sur,4538
2025-10-30,30,10,2025,"DE LA TORRE, LISANDRO 663",-58.520368,-34.646059,Comuna 9,3,calle_avenida,única,sur,4499
2025-10-30,30,10,2025,"ROCA, CNEL. AV. 5870",-58.460539,-34.689402,Comuna 8,3,calle_avenida,doble,este,4422
2025-10-30,30,10,2025,LAS HERAS GENERAL AV. 2252,-58.396535,-34.588012,Comuna 2,,Carriles Exclusivos,doble,este,3962
2025-10-30,30,10,2025,VUELTA DE OBLIGADO 2179,-58.456328,-34.560704,Comuna 13,3,calle_avenida,única,norte,3652
2025-10-30,30,10,2025,LAS HERAS GENERAL AV. 1870,-58.392633,-34.591284,Comuna 2,,Carriles Exclusivos,doble,este,3476
2025-10-30,30,10,2025,ENTRE RIOS AV. 678,-58.391572,-34.616551,Comuna 1,,Carriles Exclusivos,única,norte,3445
2025-10-30,30,10,2025,VARELA AV. 2779,-58.438057,-34.655973,Comuna 8,3,calle_avenida,doble,sur,2661
2025-10-30,30,10,2025,CORDOBA AV. 1147,-58.383217,-34.599039,Comuna 1,,Carriles Exclusivos,única,oeste,2619
2025-10-30,30,10,2025,LIMA OESTE 1524,-58.382189,-34.626200,Comuna 1,3,calle_avenida,doble,norte,2124
2025-10-30,30,10,2025,"AU 25 DE MAYO (AU10), SENTIDO CENTRO (ASCENDENTE), PK: 6+301",-58.402830,-34.625953,Comuna 3,,Autopista,doble,este,1585
2025-11-06,6,11,2025,CORDOBA AV. 4570,-58.429776,-34.594591,Comuna 15,4,calle_avenida,única,oeste,33813
2025-11-06,6,11,2025,CALLAO AV. 858,-58.39311,-34.599002,Comuna 2,4,calle_avenida,única,norte,32702
2025-11-06,6,11,2025,GAONA AV. 2300,-58.459429,-34.613877,Comuna 6,4,calle_avenida,única,oeste,31454
2025-11-06,6,11,2025,AU. 25 DE MAYO - SENTIDO PROVINCIA - PK 2+701,-58.439777,-34.631321,Comuna 7,,Autopista,doble,oeste,30907
2025-11-06,6,11,2025,CORRIENTES AV. 5220,-58.439127,-34.59969,Comuna 15,4,calle_avenida,única,este,30136
2025-11-06,6,11,2025,CORDOBA AV. 4471,-58.428774,-34.594989,Comuna 14,4,calle_avenida,única,oeste,29632
2025-11-06,6,11,2025,ENTRE RIOS AV. 326,-58.391646,-34.613,Comuna 1,4,calle_avenida,única,norte,29601
2025-11-06,6,11,2025,AU. 25 DE MAYO - SENTIDO PROVINCIA - PK 1+261,-58.454008,-34.637039,Comuna 7,,Autopista,doble,oeste,29384
2025-11-06,6,11,2025,CALLAO AV. 1588,-58.391201,-34.591009,Comuna 2,4,calle_avenida,única,norte,28677
2025-11-06,6,11,2025,DEL LIBERTADOR AV. 5722,-58.445603,-34.55931,Comuna 13,4,calle_avenida,doble,sur,25715
2025-11-06,6,11,2025,AVELLANEDA AV. 1825,-58.456423,-34.621237,Comuna 7,4,calle_avenida,única,este,25618
2025-11-06,6,11,2025,CORDOBA AV. 1980,-58.395434,-34.599776,Comuna 3,4,calle_avenida,única,oeste,25353
2025-11-06,6,11,2025,"ALBERDI, JUAN BAUTISTA AV. 890",-58.440541,-34.623013,Comuna 6,4,calle_avenida,única,oeste,24573
2025-11-06,6,11,2025,ALVAREZ THOMAS AV. 1294,-58.459831,-34.578312,Comuna 13,4,calle_avenida,doble,oeste,22839
2025-11-06,6,11,2025,"SCALABRINI ORTIZ, RAUL AV. 1385",-58.427003,-34.592379,Comuna 14,2,calle_avenida,doble,este,20816
2025-11-06,6,11,2025,TRIUNVIRATO AV. 4520,-58.4848,-34.575403,Comuna 12,4,calle_avenida,única,este,20470
2025-11-06,6,11,2025,INDEPENDENCIA AV. 2086,-58.395712,-34.618449,Comuna 3,4,calle_avenida,única,oeste,19763
2025-11-06,6,11,2025,CORRIENTES AV. 3022,-58.408125,-34.604302,Comuna 3,4,calle_avenida,única,este,19621
2025-11-06,6,11,2025,CORRIENTES AV. 6210,-58.448402,-34.591075,Comuna 15,4,calle_avenida,única,este,19318
2025-11-06,6,11,2025,PUEYRREDON AV. 214,-58.406212,-34.607467,Comuna 3,3,calle_avenida,doble,sur,19117
2025-11-06,6,11,2025,ENTRE RIOS AV. 1818,-58.390787,-34.629623,Comuna 1,4,calle_avenida,doble,norte,18823
2025-11-06,6,11,2025,BELGRANO AV. 3218,-58.411416,-34.615436,Comuna 3,4,calle_avenida,única,este,18771
2025-11-06,6,11,2025,SAN MARTIN AV. 1844,-58.454414,-34.605652,Comuna 6,3,calle_avenida,doble,este,18007
2025-11-06,6,11,2025,"LACROZE, FEDERICO AV. 4199",-58.455081,-34.587105,Comuna 15,3,calle_avenida,doble,sur,16961
2025-11-06,6,11,2025,"GARAY, JUAN DE AV. 1769",-58.390037,-34.627139,Comuna 1,3,calle_avenida,doble,oeste,16661
2025-11-06,6,11,2025,INDEPENDENCIA AV. 1784,-58.391307,-34.618226,Comuna 1,4,calle_avenida,única,oeste,16339
2025-11-06,6,11,2025,BOEDO AV. 965,-58.416231,-34.624996,Comuna 5,3,calle_avenida,única,sur,15631
2025-11-06,6,11,2025,PUEYRREDON AV. 1418,-58.402311,-34.594121,Comuna 2,3,calle_avenida,doble,sur,14635
2025-11-06,6,11,2025,VEDIA 3438,-58.86039,-34.544242,Comuna 12,4,calle_avenida,única,este,14504
2025-11-06,6,11,2025,SAN JUAN AV. 1119,-58.381832,-34.622096,Comuna 1,4,calle_avenida,única,este,14270
2025-11-06,6,11,2025,NAZCA AV. 479,-58.471328,-34.626678,Comuna 7,2,calle_avenida,doble,norte,14183
2025-11-06,6,11,2025,CABILDO AV. 1716,-58.453855,-34.565367,Comuna 13,2,calle_avenida,doble,sur,13959
2025-11-06,6,11,2025,BELGRANO AV. 324,-58.370911,-34.61249,Comuna 1,4,calle_avenida,única,este,13627
2025-11-06,6,11,2025,SUAREZ 1635,-58.373758,-34.638502,Comuna 4,2,calle_avenida,única,este,13541
2025-11-06,6,11,2025,RIVADAVIA AV. 2775,-58.405518,-34.610013,Comuna 3,4,calle_avenida,única,oeste,11564
2025-11-06,6,11,2025,LIMA 281,-58.381872,-34.611723,Comuna 1,3,calle_avenida,única,sur,11440
2025-11-06,6,11,2025,AU. PERITO MORENO - SENTIDO PROVINCIA - PK 0+701,-58.522022,-34.636805,Comuna 9,,Autopista,doble,oeste,11198
2025-11-06,6,11,2025,"LACROZE, FEDERICO AV. 2462",-58.445413,-34.571098,Comuna 13,2,calle_avenida,doble,norte,10904
2025-11-06,6,11,2025,LIMA 1365,-58.381495,-34.624262,Comuna 1,3,calle_avenida,única,sur,10199
2025-11-06,6,11,2025,"RABANAL, FRANCISCO, INTENDENTE AV. 1323",-58.417658,-34.654886,Comuna 4,3,calle_avenida,doble,oeste,10009
2025-11-06,6,11,2025,PASEO COLON AV. 753,-58.369509,-34.616769,Comuna 1,4,calle_avenida,doble,sur,9992
2025-11-06,6,11,2025,CORDOBA AV. 2149,-58.398175,-34.599668,Comuna 2,,Carriles Exclusivos,única,oeste,8990
2025-11-06,6,11,2025,RIVADAVIA AV. 7420,-58.469991,-34.630911,Comuna 7,4,calle_avenida,doble,este,8285
2025-11-06,6,11,2025,"MONTES DE OCA, MANUEL AV. 1685",-58.373211,-34.646401,Comuna 4,3,calle_avenida,doble,sur,8274
2025-11-06,6,11,2025,CORDOBA AV. 2801,-58.407164,-34.597965,Comuna 2,,Carriles Exclusivos,única,oeste,8176
2025-11-06,6,11,2025,VERTIZ VIRREY AV. 2010,-58.449507,-34.559083,Comuna 13,3,calle_avenida,doble,sur,8094
2025-11-06,6,11,2025,CALLAO AV. 337,-58.392133,-34.605181,Comuna 1,,Carriles Exclusivos,única,norte,8019
2025-11-06,6,11,2025,"JUSTO, JUAN B. AV. 4781",-58.466338,-34.610364,Comuna 11,3,calle_avenida,doble,oeste,7990
2025-11-06,6,11,2025,CORDOBA AV. 3329,-58.413685,-34.597847,Comuna 2,,Carriles Exclusivos,única,oeste,7879
2025-11-06,6,11,2025,"ALEM, LEANDRO N. AV. 518",-58.370691,-34.601595,Comuna 1,4,calle_avenida,doble,sur,7837
2025-11-06,6,11,2025,LARREA 477,-58.402156,-34.603736,Comuna 3,1,calle_avenida,única,norte,7775
2025-11-06,6,11,2025,ENTRE RIOS AV. 182,-58.391718,-34.611145,Comuna 1,,Carriles Exclusivos,única,norte,7716
2025-11-06,6,11,2025,CORDOBA AV. 3647,-58.417813,-34.597727,Comuna 14,,Carriles Exclusivos,única,oeste,7560
2025-11-06,6,11,2025,RIVADAVIA AV. 10524,-58.511786,-34.639436,Comuna 9,3,calle_avenida,doble,este,7558
2025-11-06,6,11,2025,SANTA FE AV. 3889,-58.418132,-34.583669,Comuna 14,,Carriles Exclusivos,doble,oeste,7176
2025-11-06,6,11,2025,CORDOBA AV. 2523,-58.402911,-34.59879,Comuna 2,,Carriles Exclusivos,única,oeste,6900
2025-11-06,6,11,2025,PASEO COLON AV. 400,-58.368952,-34.612207,Comuna 1,3,calle_avenida,doble,norte,6880
2025-11-06,6,11,2025,CALLAO AV. 681,-58.392623,-34.601114,Comuna 1,,Carriles Exclusivos,única,norte,6733
2025-11-06,6,11,2025,MOSCONI GENERAL AV. 3000,-58.50334,-34.587077,Comuna 12,4,calle_avenida,única,norte,6449
2025-11-06,6,11,2025,CORDOBA AV. 1431,-58.387335,-34.599232,Comuna 2,,Carriles Exclusivos,única,oeste,6429
2025-11-06,6,11,2025,ROSARIO 21,-58.429075,-34.618311,Comuna 6,2,calle_avenida,única,este,6249
2025-11-06,6,11,2025,"BEIRO, FRANCISCO AV. 2875",-58.494038,-34.594803,Comuna 15,2,calle_avenida,doble,oeste,6207
2025-11-06,6,11,2025,PUEYRREDON AV. 459,-58.405495,-34.60505,Comuna 3,,Carriles Exclusivos,doble,norte,6181
2025-11-06,6,11,2025,PUEYRREDON AV. 350,-58.405942,-34.606096,Comuna 3,,Carriles Exclusivos,doble,sur,5928
2025-11-06,6,11,2025,ENTRE RIOS AV. 926,-58.391557,-34.619431,Comuna 1,,Carriles Exclusivos,única,norte,5897
2025-11-06,6,11,2025,CORDOBA AV. 1749,-58.392148,-34.599512,Comuna 2,,Carriles Exclusivos,única,oeste,5567
2025-11-06,6,11,2025,PUEYRREDON AV. 768,-58.404705,-34.601207,Comuna 3,,Carriles Exclusivos,doble,sur,5520
2025-11-06,6,11,2025,"PERON, JUAN DOMINGO, TTE. GENERAL 2687",-58.404461,-34.607561,Comuna 3,2,calle_avenida,única,oeste,5438
2025-11-06,6,11,2025,"ROCA, CNEL. AV. 5870",-58.460539,-34.689402,Comuna 8,3,calle_avenida,doble,este,5358
2025-11-06,6,11,2025,SANTA FE AV. 1483,-58.388215,-34.595676,Comuna 2,,Carriles Exclusivos,doble,oeste,5258
2025-11-06,6,11,2025,CORDOBA AV. 3143,-58.410998,-34.597969,Comuna 2,,Carriles Exclusivos,única,oeste,5239
2025-11-06,6,11,2025,RIVADAVIA AV. 6626,-58.459176,-34.62777,Comuna 7,2,calle_avenida,doble,este,5103
2025-11-06,6,11,2025,OLIVERA AV. 187,-58.487032,-34.637596,Comuna 10,2,calle_avenida,doble,sur,5085
2025-11-06,6,11,2025,"LIMA ESTE Y GARAY, JUAN DE",-58.382235,-34.626842,Comuna 1,2,calle_avenida,doble,sur,4986
2025-11-06,6,11,2025,FOREST AV. 634,-58.454309,-34.584925,Comuna 15,3,calle_avenida,única,sur,4966
2025-11-06,6,11,2025,PUEYRREDON AV. 870,-58.404389,-34.600218,Comuna 3,,Carriles Exclusivos,doble,sur,4865
2025-11-06,6,11,2025,"DE LA TORRE, LISANDRO 663",-58.520368,-34.646059,Comuna 9,3,calle_avenida,única,sur,4856
2025-11-06,6,11,2025,CASEROS AV. 3020,-58.406358,-34.637334,Comuna 4,2,calle_avenida,doble,este,4792
2025-11-06,6,11,2025,LAS HERAS GENERAL AV. 1870,-58.392633,-34.591284,Comuna 2,,Carriles Exclusivos,doble,este,4552
2025-11-06,6,11,2025,SANTA FE AV. 2622,-58.403884,-34.594047,Comuna 2,3,calle_avenida,doble,este,4384
2025-11-06,6,11,2025,"DE IRIGIOYEN, BERNARDO 1026",-58.3799,-34.62006,Comuna 1,4,calle_avenida,única,norte,4356
2025-11-06,6,11,2025,LAS HERAS GENERAL AV. 2252,-58.396535,-34.588012,Comuna 2,,Carriles Exclusivos,doble,este,4152
2025-11-06,6,11,2025,ENTRE RIOS AV. 678,-58.391572,-34.616551,Comuna 1,,Carriles Exclusivos,única,norte,3674
2025-11-06,6,11,2025,PUEYRREDON AV. 367,-58.40571,-34.605973,Comuna 3,,Carriles Exclusivos,doble,norte,3607
2025-11-06,6,11,2025,VUELTA DE OBLIGADO 2179,-58.456328,-34.560704,Comuna 13,3,calle_avenida,única,norte,3052
2025-11-06,6,11,2025,CORDOBA AV. 1147,-58.383217,-34.599039,Comuna 1,,Carriles Exclusivos,única,oeste,2933
2025-11-06,6,11,2025,VARELA AV. 2779,-58.438057,-34.655973,Comuna 8,3,calle_avenida,doble,sur,2173
2025-11-06,6,11,2025,"AU 25 DE MAYO (AU10), SENTIDO CENTRO (ASCENDENTE), PK: 6+301",-58.402830,-34.625953,Comuna 3,,Autopista,doble,este,1992
2025-11-06,6,11,2025,LIMA OESTE 1524,-58.382189,-34.626200,Comuna 1,3,calle_avenida,doble,norte,1948
2025-11-06,6,11,2025,AVELLANEDA AV. 2924,-58.471929,-34.626563,Comuna 7,4,calle_avenida,única,este,62
2025-11-13,13,11,2025,FOREST AV. 634,-58.454309,-34.584925,Comuna 15,3,calle_avenida,única,sur,34532
2025-11-13,13,11,2025,CORDOBA AV. 4570,-58.429776,-34.594591,Comuna 15,4,calle_avenida,única,oeste,33078
2025-11-13,13,11,2025,CALLAO AV. 858,-58.39311,-34.599002,Comuna 2,4,calle_avenida,única,norte,32646
2025-11-13,13,11,2025,GAONA AV. 2300,-58.459429,-34.613877,Comuna 6,4,calle_avenida,única,oeste,31913
2025-11-13,13,11,2025,ENTRE RIOS AV. 326,-58.391646,-34.613,Comuna 1,4,calle_avenida,única,norte,30490
2025-11-13,13,11,2025,AU. 25 DE MAYO - SENTIDO PROVINCIA - PK 1+261,-58.454008,-34.637039,Comuna 7,,Autopista,doble,oeste,30337
2025-11-13,13,11,2025,CORRIENTES AV. 5220,-58.439127,-34.59969,Comuna 15,4,calle_avenida,única,este,30231
2025-11-13,13,11,2025,CALLAO AV. 1588,-58.391201,-34.591009,Comuna 2,4,calle_avenida,única,norte,28547
2025-11-13,13,11,2025,DEL LIBERTADOR AV. 5722,-58.445603,-34.55931,Comuna 13,4,calle_avenida,doble,sur,26656
2025-11-13,13,11,2025,AVELLANEDA AV. 1825,-58.456423,-34.621237,Comuna 7,4,calle_avenida,única,este,25308
2025-11-13,13,11,2025,CORDOBA AV. 1980,-58.395434,-34.599776,Comuna 3,4,calle_avenida,única,oeste,25227
2025-11-13,13,11,2025,ALVAREZ THOMAS AV. 1294,-58.459831,-34.578312,Comuna 13,4,calle_avenida,doble,oeste,22453
2025-11-13,13,11,2025,"ALBERDI, JUAN BAUTISTA AV. 890",-58.440541,-34.623013,Comuna 6,4,calle_avenida,única,oeste,21282
2025-11-13,13,11,2025,TRIUNVIRATO AV. 4520,-58.4848,-34.575403,Comuna 12,4,calle_avenida,única,este,20995
2025-11-13,13,11,2025,"SCALABRINI ORTIZ, RAUL AV. 1385",-58.427003,-34.592379,Comuna 14,2,calle_avenida,doble,este,20988
2025-11-13,13,11,2025,CORRIENTES AV. 3022,-58.408125,-34.604302,Comuna 3,4,calle_avenida,única,este,20127
2025-11-13,13,11,2025,PUEYRREDON AV. 214,-58.406212,-34.607467,Comuna 3,3,calle_avenida,doble,sur,19550
2025-11-13,13,11,2025,INDEPENDENCIA AV. 2086,-58.395712,-34.618449,Comuna 3,4,calle_avenida,única,oeste,19432
2025-11-13,13,11,2025,CORRIENTES AV. 6210,-58.448402,-34.591075,Comuna 15,4,calle_avenida,única,este,19065
2025-11-13,13,11,2025,ENTRE RIOS AV. 1818,-58.390787,-34.629623,Comuna 1,4,calle_avenida,doble,norte,18770
2025-11-13,13,11,2025,BELGRANO AV. 3218,-58.411416,-34.615436,Comuna 3,4,calle_avenida,única,este,18007
2025-11-13,13,11,2025,SAN MARTIN AV. 1844,-58.454414,-34.605652,Comuna 6,3,calle_avenida,doble,este,17689
2025-11-13,13,11,2025,INDEPENDENCIA AV. 1784,-58.391307,-34.618226,Comuna 1,4,calle_avenida,única,oeste,16558
2025-11-13,13,11,2025,"LACROZE, FEDERICO AV. 4199",-58.455081,-34.587105,Comuna 15,3,calle_avenida,doble,sur,16549
2025-11-13,13,11,2025,PASEO COLON AV. 753,-58.369509,-34.616769,Comuna 1,4,calle_avenida,doble,sur,15307
2025-11-13,13,11,2025,PUEYRREDON AV. 1418,-58.402311,-34.594121,Comuna 2,3,calle_avenida,doble,sur,14867
2025-11-13,13,11,2025,BOEDO AV. 965,-58.416231,-34.624996,Comuna 5,3,calle_avenida,única,sur,14815
2025-11-13,13,11,2025,CABILDO AV. 1716,-58.453855,-34.565367,Comuna 13,2,calle_avenida,doble,sur,14727
2025-11-13,13,11,2025,RIVADAVIA AV. 9618,-58.499769,-34.637578,Comuna 10,2,calle_avenida,doble,este,14633
2025-11-13,13,11,2025,"GARAY, JUAN DE AV. 1769",-58.390037,-34.627139,Comuna 1,3,calle_avenida,doble,oeste,14383
2025-11-13,13,11,2025,NAZCA AV. 479,-58.471328,-34.626678,Comuna 7,2,calle_avenida,doble,norte,14101
2025-11-13,13,11,2025,"DE IRIGIOYEN, BERNARDO 1026",-58.3799,-34.62006,Comuna 1,4,calle_avenida,única,norte,14083
2025-11-13,13,11,2025,VEDIA 3438,-58.86039,-34.544242,Comuna 12,4,calle_avenida,única,este,13984
2025-11-13,13,11,2025,LIMA 1365,-58.381495,-34.624262,Comuna 1,3,calle_avenida,única,sur,13903
2025-11-13,13,11,2025,BELGRANO AV. 324,-58.370911,-34.61249,Comuna 1,4,calle_avenida,única,este,13484
2025-11-13,13,11,2025,SAN JUAN AV. 1119,-58.381832,-34.622096,Comuna 1,4,calle_avenida,única,este,13200
2025-11-13,13,11,2025,SUAREZ 1635,-58.373758,-34.638502,Comuna 4,2,calle_avenida,única,este,12298
2025-11-13,13,11,2025,RIVADAVIA AV. 2775,-58.405518,-34.610013,Comuna 3,4,calle_avenida,única,oeste,11562
2025-11-13,13,11,2025,LIMA 281,-58.381872,-34.611723,Comuna 1,3,calle_avenida,única,sur,11425
2025-11-13,13,11,2025,"LACROZE, FEDERICO AV. 2462",-58.445413,-34.571098,Comuna 13,2,calle_avenida,doble,norte,10986
2025-11-13,13,11,2025,"RABANAL, FRANCISCO, INTENDENTE AV. 1323",-58.417658,-34.654886,Comuna 4,3,calle_avenida,doble,oeste,9887
2025-11-13,13,11,2025,"JUSTO, JUAN B. AV. 4781",-58.466338,-34.610364,Comuna 11,3,calle_avenida,doble,oeste,9259
2025-11-13,13,11,2025,AU. PERITO MORENO - SENTIDO PROVINCIA - PK 0+701,-58.522022,-34.636805,Comuna 9,,Autopista,doble,oeste,9249
2025-11-13,13,11,2025,CORDOBA AV. 2149,-58.398175,-34.599668,Comuna 2,,Carriles Exclusivos,única,oeste,9040
2025-11-13,13,11,2025,CORDOBA AV. 2801,-58.407164,-34.597965,Comuna 2,,Carriles Exclusivos,única,oeste,8604
2025-11-13,13,11,2025,CALLAO AV. 337,-58.392133,-34.605181,Comuna 1,,Carriles Exclusivos,única,norte,8393
2025-11-13,13,11,2025,RIVADAVIA AV. 7420,-58.469991,-34.630911,Comuna 7,4,calle_avenida,doble,este,8200
2025-11-13,13,11,2025,CORDOBA AV. 3329,-58.413685,-34.597847,Comuna 2,,Carriles Exclusivos,única,oeste,8088
2025-11-13,13,11,2025,PUEYRREDON AV. 350,-58.405942,-34.606096,Comuna 3,,Carriles Exclusivos,doble,sur,8081
2025-11-13,13,11,2025,"ALEM, LEANDRO N. AV. 518",-58.370691,-34.601595,Comuna 1,4,calle_avenida,doble,sur,8072
2025-11-13,13,11,2025,LARREA 477,-58.402156,-34.603736,Comuna 3,1,calle_avenida,única,norte,8002
2025-11-13,13,11,2025,VERTIZ VIRREY AV. 2010,-58.449507,-34.559083,Comuna 13,3,calle_avenida,doble,sur,7968
2025-11-13,13,11,2025,"MONTES DE OCA, MANUEL AV. 1685",-58.373211,-34.646401,Comuna 4,3,calle_avenida,doble,sur,7862
2025-11-13,13,11,2025,CORDOBA AV. 3647,-58.417813,-34.597727,Comuna 14,,Carriles Exclusivos,única,oeste,7803
2025-11-13,13,11,2025,SANTA FE AV. 3889,-58.418132,-34.583669,Comuna 14,,Carriles Exclusivos,doble,oeste,7171
2025-11-13,13,11,2025,CORDOBA AV. 2523,-58.402911,-34.59879,Comuna 2,,Carriles Exclusivos,única,oeste,6906
2025-11-13,13,11,2025,ROSARIO 21,-58.429075,-34.618311,Comuna 6,2,calle_avenida,única,este,6767
2025-11-13,13,11,2025,ENTRE RIOS AV. 182,-58.391718,-34.611145,Comuna 1,,Carriles Exclusivos,única,norte,6734
2025-11-13,13,11,2025,LAS HERAS GENERAL AV. 1870,-58.392633,-34.591284,Comuna 2,,Carriles Exclusivos,doble,este,6456
2025-11-13,13,11,2025,MOSCONI GENERAL AV. 3000,-58.50334,-34.587077,Comuna 12,4,calle_avenida,única,norte,6279
2025-11-13,13,11,2025,CORDOBA AV. 1431,-58.387335,-34.599232,Comuna 2,,Carriles Exclusivos,única,oeste,6238
2025-11-13,13,11,2025,PUEYRREDON AV. 459,-58.405495,-34.60505,Comuna 3,,Carriles Exclusivos,doble,norte,5965
2025-11-13,13,11,2025,"BEIRO, FRANCISCO AV. 2875",-58.494038,-34.594803,Comuna 15,2,calle_avenida,doble,oeste,5865
2025-11-13,13,11,2025,PASEO COLON AV. 400,-58.368952,-34.612207,Comuna 1,3,calle_avenida,doble,norte,5830
2025-11-13,13,11,2025,"ROCA, CNEL. AV. 5870",-58.460539,-34.689402,Comuna 8,3,calle_avenida,doble,este,5795
2025-11-13,13,11,2025,CORDOBA AV. 1749,-58.392148,-34.599512,Comuna 2,,Carriles Exclusivos,única,oeste,5745
2025-11-13,13,11,2025,CORDOBA AV. 3143,-58.410998,-34.597969,Comuna 2,,Carriles Exclusivos,única,oeste,5533
2025-11-13,13,11,2025,PUEYRREDON AV. 768,-58.404705,-34.601207,Comuna 3,,Carriles Exclusivos,doble,sur,5497
2025-11-13,13,11,2025,SANTA FE AV. 4650,-58.425858,-34.578448,Comuna 14,3,calle_avenida,doble,este,5409
2025-11-13,13,11,2025,SANTA FE AV. 1483,-58.388215,-34.595676,Comuna 2,,Carriles Exclusivos,doble,oeste,5249
2025-11-13,13,11,2025,CALLAO AV. 681,-58.392623,-34.601114,Comuna 1,,Carriles Exclusivos,única,norte,5204
2025-11-13,13,11,2025,PUEYRREDON AV. 870,-58.404389,-34.600218,Comuna 3,,Carriles Exclusivos,doble,sur,5115
2025-11-13,13,11,2025,CASEROS AV. 3020,-58.406358,-34.637334,Comuna 4,2,calle_avenida,doble,este,5082
2025-11-13,13,11,2025,RIVADAVIA AV. 6626,-58.459176,-34.62777,Comuna 7,2,calle_avenida,doble,este,4891
2025-11-13,13,11,2025,ENTRE RIOS AV. 926,-58.391557,-34.619431,Comuna 1,,Carriles Exclusivos,única,norte,4889
2025-11-13,13,11,2025,OLIVERA AV. 187,-58.487032,-34.637596,Comuna 10,2,calle_avenida,doble,sur,4826
2025-11-13,13,11,2025,"DE LA TORRE, LISANDRO 663",-58.520368,-34.646059,Comuna 9,3,calle_avenida,única,sur,4729
2025-11-13,13,11,2025,SANTA FE AV. 2622,-58.403884,-34.594047,Comuna 2,3,calle_avenida,doble,este,4619
2025-11-13,13,11,2025,RIVADAVIA AV. 10524,-58.511786,-34.639436,Comuna 9,3,calle_avenida,doble,este,4613
2025-11-13,13,11,2025,LAS HERAS GENERAL AV. 2252,-58.396535,-34.588012,Comuna 2,,Carriles Exclusivos,doble,este,4605
2025-11-13,13,11,2025,"LIMA ESTE Y GARAY, JUAN DE",-58.382235,-34.626842,Comuna 1,2,calle_avenida,doble,sur,4512
2025-11-13,13,11,2025,PUEYRREDON AV. 367,-58.40571,-34.605973,Comuna 3,,Carriles Exclusivos,doble,norte,3997
2025-11-13,13,11,2025,ENTRE RIOS AV. 678,-58.391572,-34.616551,Comuna 1,,Carriles Exclusivos,única,norte,3957
2025-11-13,13,11,2025,VUELTA DE OBLIGADO 2179,-58.456328,-34.560704,Comuna 13,3,calle_avenida,única,norte,3118
2025-11-13,13,11,2025,CORDOBA AV. 1147,-58.383217,-34.599039,Comuna 1,,Carriles Exclusivos,única,oeste,2997
2025-11-13,13,11,2025,VARELA AV. 2779,-58.438057,-34.655973,Comuna 8,3,calle_avenida,doble,sur,2841
2025-11-13,13,11,2025,"PERON, JUAN DOMINGO, TTE. GENERAL 2687",-58.404461,-34.607561,Comuna 3,2,calle_avenida,única,oeste,2816
2025-11-13,13,11,2025,LIMA OESTE 1524,-58.382189,-34.626200,Comuna 1,3,calle_avenida,doble,norte,2078
2025-11-13,13,11,2025,"AU 25 DE MAYO (AU10), SENTIDO CENTRO (ASCENDENTE), PK: 6+301",-58.402830,-34.625953,Comuna 3,,Autopista,doble,este,1920
2025-11-13,13,11,2025,AVELLANEDA AV. 2924,-58.471929,-34.626563,Comuna 7,4,calle_avenida,única,este,208
2025-11-20,20,11,2025,AU. 25 DE MAYO - SENTIDO PROVINCIA - PK 2+701,-58.439777,-34.631321,Comuna 7,,Autopista,doble,oeste,35272
2025-11-20,20,11,2025,FOREST AV. 634,-58.454309,-34.584925,Comuna 15,3,calle_avenida,única,sur,34367
2025-11-20,20,11,2025,CALLAO AV. 858,-58.39311,-34.599002,Comuna 2,4,calle_avenida,única,norte,33151
2025-11-20,20,11,2025,CORDOBA AV. 4570,-58.429776,-34.594591,Comuna 15,4,calle_avenida,única,oeste,32363
2025-11-20,20,11,2025,GAONA AV. 2300,-58.459429,-34.613877,Comuna 6,4,calle_avenida,única,oeste,31180
2025-11-20,20,11,2025,ENTRE RIOS AV. 326,-58.391646,-34.613,Comuna 1,4,calle_avenida,única,norte,30396
2025-11-20,20,11,2025,AU. 25 DE MAYO - SENTIDO PROVINCIA - PK 1+261,-58.454008,-34.637039,Comuna 7,,Autopista,doble,oeste,29834
2025-11-20,20,11,2025,CORRIENTES AV. 5220,-58.439127,-34.59969,Comuna 15,4,calle_avenida,única,este,28824
2025-11-20,20,11,2025,CALLAO AV. 1588,-58.391201,-34.591009,Comuna 2,4,calle_avenida,única,norte,28748
2025-11-20,20,11,2025,DEL LIBERTADOR AV. 5722,-58.445603,-34.55931,Comuna 13,4,calle_avenida,doble,sur,25543
2025-11-20,20,11,2025,CORDOBA AV. 1980,-58.395434,-34.599776,Comuna 3,4,calle_avenida,única,oeste,24964
2025-11-20,20,11,2025,AVELLANEDA AV. 1825,-58.456423,-34.621237,Comuna 7,4,calle_avenida,única,este,24868
2025-11-20,20,11,2025,ALVAREZ THOMAS AV. 1294,-58.459831,-34.578312,Comuna 13,4,calle_avenida,doble,oeste,20886
2025-11-20,20,11,2025,"SCALABRINI ORTIZ, RAUL AV. 1385",-58.427003,-34.592379,Comuna 14,2,calle_avenida,doble,este,20363
2025-11-20,20,11,2025,INDEPENDENCIA AV. 2086,-58.395712,-34.618449,Comuna 3,4,calle_avenida,única,oeste,19986
2025-11-20,20,11,2025,"ALBERDI, JUAN BAUTISTA AV. 890",-58.440541,-34.623013,Comuna 6,4,calle_avenida,única,oeste,19672
2025-11-20,20,11,2025,TRIUNVIRATO AV. 4520,-58.4848,-34.575403,Comuna 12,4,calle_avenida,única,este,19609
2025-11-20,20,11,2025,PUEYRREDON AV. 214,-58.406212,-34.607467,Comuna 3,3,calle_avenida,doble,sur,19213
2025-11-20,20,11,2025,CORRIENTES AV. 3022,-58.408125,-34.604302,Comuna 3,4,calle_avenida,única,este,18826
2025-11-20,20,11,2025,CORRIENTES AV. 6210,-58.448402,-34.591075,Comuna 15,4,calle_avenida,única,este,18564
2025-11-20,20,11,2025,ENTRE RIOS AV. 1818,-58.390787,-34.629623,Comuna 1,4,calle_avenida,doble,norte,18354
2025-11-20,20,11,2025,BELGRANO AV. 3218,-58.411416,-34.615436,Comuna 3,4,calle_avenida,única,este,17698
2025-11-20,20,11,2025,SAN MARTIN AV. 1844,-58.454414,-34.605652,Comuna 6,3,calle_avenida,doble,este,17610
2025-11-20,20,11,2025,PASEO COLON AV. 753,-58.369509,-34.616769,Comuna 1,4,calle_avenida,doble,sur,16812
2025-11-20,20,11,2025,"LACROZE, FEDERICO AV. 4199",-58.455081,-34.587105,Comuna 15,3,calle_avenida,doble,sur,16667
2025-11-20,20,11,2025,"GARAY, JUAN DE AV. 1769",-58.390037,-34.627139,Comuna 1,3,calle_avenida,doble,oeste,15461
2025-11-20,20,11,2025,"DE IRIGIOYEN, BERNARDO 1026",-58.3799,-34.62006,Comuna 1,4,calle_avenida,única,norte,14762
2025-11-20,20,11,2025,VEDIA 3438,-58.86039,-34.544242,Comuna 12,4,calle_avenida,única,este,14704
2025-11-20,20,11,2025,PUEYRREDON AV. 1418,-58.402311,-34.594121,Comuna 2,3,calle_avenida,doble,sur,14703
2025-11-20,20,11,2025,NAZCA AV. 479,-58.471328,-34.626678,Comuna 7,2,calle_avenida,doble,norte,14650
2025-11-20,20,11,2025,LIMA 1365,-58.381495,-34.624262,Comuna 1,3,calle_avenida,única,sur,14572
2025-11-20,20,11,2025,RIVADAVIA AV. 9618,-58.499769,-34.637578,Comuna 10,2,calle_avenida,doble,este,14348
2025-11-20,20,11,2025,CABILDO AV. 1716,-58.453855,-34.565367,Comuna 13,2,calle_avenida,doble,sur,14236
2025-11-20,20,11,2025,BELGRANO AV. 324,-58.370911,-34.61249,Comuna 1,4,calle_avenida,única,este,13841
2025-11-20,20,11,2025,RIVADAVIA AV. 7218,-58.467187,-34.630203,Comuna 7,2,calle_avenida,doble,este,13342
2025-11-20,20,11,2025,SAN JUAN AV. 1119,-58.381832,-34.622096,Comuna 1,4,calle_avenida,única,este,13302
2025-11-20,20,11,2025,SUAREZ 1635,-58.373758,-34.638502,Comuna 4,2,calle_avenida,única,este,13128
2025-11-20,20,11,2025,RIVADAVIA AV. 4987,-58.43608,-34.618047,Comuna 6,4,calle_avenida,única,oeste,13126
2025-11-20,20,11,2025,LIMA 281,-58.381872,-34.611723,Comuna 1,3,calle_avenida,única,sur,11986
2025-11-20,20,11,2025,RIVADAVIA AV. 2775,-58.405518,-34.610013,Comuna 3,4,calle_avenida,única,oeste,11405
2025-11-20,20,11,2025,AU. PERITO MORENO - SENTIDO PROVINCIA - PK 0+701,-58.522022,-34.636805,Comuna 9,,Autopista,doble,oeste,11056
2025-11-20,20,11,2025,"LACROZE, FEDERICO AV. 2462",-58.445413,-34.571098,Comuna 13,2,calle_avenida,doble,norte,10976
2025-11-20,20,11,2025,LAS HERAS GENERAL AV. 2289,-58.396838,-34.587651,Comuna 2,3,calle_avenida,doble,oeste,10610
2025-11-20,20,11,2025,BOEDO AV. 965,-58.416231,-34.624996,Comuna 5,3,calle_avenida,única,sur,9752
2025-11-20,20,11,2025,"RABANAL, FRANCISCO, INTENDENTE AV. 1323",-58.417658,-34.654886,Comuna 4,3,calle_avenida,doble,oeste,9229
2025-11-20,20,11,2025,CORDOBA AV. 2149,-58.398175,-34.599668,Comuna 2,,Carriles Exclusivos,única,oeste,9152
2025-11-20,20,11,2025,PUEYRREDON AV. 350,-58.405942,-34.606096,Comuna 3,,Carriles Exclusivos,doble,sur,8954
2025-11-20,20,11,2025,"JUSTO, JUAN B. AV. 4781",-58.466338,-34.610364,Comuna 11,3,calle_avenida,doble,oeste,8572
2025-11-20,20,11,2025,CALLAO AV. 337,-58.392133,-34.605181,Comuna 1,,Carriles Exclusivos,única,norte,8546
2025-11-20,20,11,2025,RIVADAVIA AV. 7420,-58.469991,-34.630911,Comuna 7,4,calle_avenida,doble,este,8475
2025-11-20,20,11,2025,"MONTES DE OCA, MANUEL AV. 1685",-58.373211,-34.646401,Comuna 4,3,calle_avenida,doble,sur,8130
2025-11-20,20,11,2025,ENTRE RIOS AV. 182,-58.391718,-34.611145,Comuna 1,,Carriles Exclusivos,única,norte,8096
2025-11-20,20,11,2025,CORDOBA AV. 3329,-58.413685,-34.597847,Comuna 2,,Carriles Exclusivos,única,oeste,7970
2025-11-20,20,11,2025,CORDOBA AV. 3647,-58.417813,-34.597727,Comuna 14,,Carriles Exclusivos,única,oeste,7900
2025-11-20,20,11,2025,"ALEM, LEANDRO N. AV. 518",-58.370691,-34.601595,Comuna 1,4,calle_avenida,doble,sur,7853
2025-11-20,20,11,2025,LARREA 477,-58.402156,-34.603736,Comuna 3,1,calle_avenida,única,norte,7405
2025-11-20,20,11,2025,VERTIZ VIRREY AV. 2010,-58.449507,-34.559083,Comuna 13,3,calle_avenida,doble,sur,7396
2025-11-20,20,11,2025,SANTA FE AV. 3889,-58.418132,-34.583669,Comuna 14,,Carriles Exclusivos,doble,oeste,7297
2025-11-20,20,11,2025,CORDOBA AV. 2523,-58.402911,-34.59879,Comuna 2,,Carriles Exclusivos,única,oeste,7001
2025-11-20,20,11,2025,CALLAO AV. 681,-58.392623,-34.601114,Comuna 1,,Carriles Exclusivos,única,norte,6532
2025-11-20,20,11,2025,ROSARIO 21,-58.429075,-34.618311,Comuna 6,2,calle_avenida,única,este,6499
2025-11-20,20,11,2025,CORDOBA AV. 1431,-58.387335,-34.599232,Comuna 2,,Carriles Exclusivos,única,oeste,6188
2025-11-20,20,11,2025,PUEYRREDON AV. 459,-58.405495,-34.60505,Comuna 3,,Carriles Exclusivos,doble,norte,6167
2025-11-20,20,11,2025,PASEO COLON AV. 400,-58.368952,-34.612207,Comuna 1,3,calle_avenida,doble,norte,6144
2025-11-20,20,11,2025,SANTA FE AV. 4650,-58.425858,-34.578448,Comuna 14,3,calle_avenida,doble,este,5953
2025-11-20,20,11,2025,MOSCONI GENERAL AV. 3000,-58.50334,-34.587077,Comuna 12,4,calle_avenida,única,norte,5887
2025-11-20,20,11,2025,CORDOBA AV. 1749,-58.392148,-34.599512,Comuna 2,,Carriles Exclusivos,única,oeste,5828
2025-11-20,20,11,2025,PUEYRREDON AV. 768,-58.404705,-34.601207,Comuna 3,,Carriles Exclusivos,doble,sur,5413
2025-11-20,20,11,2025,CORDOBA AV. 3143,-58.410998,-34.597969,Comuna 2,,Carriles Exclusivos,única,oeste,5370
2025-11-20,20,11,2025,"BEIRO, FRANCISCO AV. 2875",-58.494038,-34.594803,Comuna 15,2,calle_avenida,doble,oeste,5344
2025-11-20,20,11,2025,RIVADAVIA AV. 10524,-58.511786,-34.639436,Comuna 9,3,calle_avenida,doble,este,5244
2025-11-20,20,11,2025,"ROCA, CNEL. AV. 5870",-58.460539,-34.689402,Comuna 8,3,calle_avenida,doble,este,5217
2025-11-20,20,11,2025,PUEYRREDON AV. 870,-58.404389,-34.600218,Comuna 3,,Carriles Exclusivos,doble,sur,5119
2025-11-20,20,11,2025,"DE LA TORRE, LISANDRO 663",-58.520368,-34.646059,Comuna 9,3,calle_avenida,única,sur,5014
2025-11-20,20,11,2025,SANTA FE AV. 1483,-58.388215,-34.595676,Comuna 2,,Carriles Exclusivos,doble,oeste,4992
2025-11-20,20,11,2025,RIVADAVIA AV. 6626,-58.459176,-34.62777,Comuna 7,2,calle_avenida,doble,este,4944
2025-11-20,20,11,2025,OLIVERA AV. 187,-58.487032,-34.637596,Comuna 10,2,calle_avenida,doble,sur,4812
2025-11-20,20,11,2025,LAS HERAS GENERAL AV. 1870,-58.392633,-34.591284,Comuna 2,,Carriles Exclusivos,doble,este,4809
2025-11-20,20,11,2025,LAS HERAS GENERAL AV. 2252,-58.396535,-34.588012,Comuna 2,,Carriles Exclusivos,doble,este,4770
2025-11-20,20,11,2025,CASEROS AV. 3020,-58.406358,-34.637334,Comuna 4,2,calle_avenida,doble,este,4693
2025-11-20,20,11,2025,"LIMA ESTE Y GARAY, JUAN DE",-58.382235,-34.626842,Comuna 1,2,calle_avenida,doble,sur,4580
2025-11-20,20,11,2025,SANTA FE AV. 2622,-58.403884,-34.594047,Comuna 2,3,calle_avenida,doble,este,4411
2025-11-20,20,11,2025,ENTRE RIOS AV. 678,-58.391572,-34.616551,Comuna 1,,Carriles Exclusivos,única,norte,4174
2025-11-20,20,11,2025,CORDOBA AV. 2801,-58.407164,-34.597965,Comuna 2,,Carriles Exclusivos,única,oeste,3889
2025-11-20,20,11,2025,PUEYRREDON AV. 367,-58.40571,-34.605973,Comuna 3,,Carriles Exclusivos,doble,norte,3265
2025-11-20,20,11,2025,VUELTA DE OBLIGADO 2179,-58.456328,-34.560704,Comuna 13,3,calle_avenida,única,norte,2888
2025-11-20,20,11,2025,VARELA AV. 2779,-58.438057,-34.655973,Comuna 8,3,calle_avenida,doble,sur,2857
2025-11-20,20,11,2025,"PERON, JUAN DOMINGO, TTE. GENERAL 2687",-58.404461,-34.607561,Comuna 3,2,calle_avenida,única,oeste,2810
2025-11-20,20,11,2025,CORDOBA AV. 1147,-58.383217,-34.599039,Comuna 1,,Carriles Exclusivos,única,oeste,2799
2025-11-20,20,11,2025,ENTRE RIOS AV. 926,-58.391557,-34.619431,Comuna 1,,Carriles Exclusivos,única,norte,2729
2025-11-20,20,11,2025,LIMA OESTE 1524,-58.382189,-34.626200,Comuna 1,3,calle_avenida,doble,norte,2143
2025-11-20,20,11,2025,"AU 25 DE MAYO (AU10), SENTIDO CENTRO (ASCENDENTE), PK: 6+301",-58.402830,-34.625953,Comuna 3,,Autopista,doble,este,1975
2025-11-20,20,11,2025,AVELLANEDA AV. 2924,-58.471929,-34.626563,Comuna 7,4,calle_avenida,única,este,87
2025-11-27,27,11,2025,AU. 25 DE MAYO - SENTIDO PROVINCIA - PK 2+701,-58.439777,-34.631321,Comuna 7,,Autopista,doble,oeste,38619
2025-11-27,27,11,2025,AU. 25 DE MAYO - SENTIDO PROVINCIA - PK 1+261,-58.454008,-34.637039,Comuna 7,,Autopista,doble,oeste,37740
2025-11-27,27,11,2025,CORDOBA AV. 4570,-58.429776,-34.594591,Comuna 15,4,calle_avenida,única,oeste,35478
2025-11-27,27,11,2025,CORRIENTES AV. 5220,-58.439127,-34.59969,Comuna 15,4,calle_avenida,única,este,32718
2025-11-27,27,11,2025,GAONA AV. 2300,-58.459429,-34.613877,Comuna 6,4,calle_avenida,única,oeste,32405
2025-11-27,27,11,2025,CALLAO AV. 1588,-58.391201,-34.591009,Comuna 2,4,calle_avenida,única,norte,29619
2025-11-27,27,11,2025,ENTRE RIOS AV. 326,-58.391646,-34.613,Comuna 1,4,calle_avenida,única,norte,29366
2025-11-27,27,11,2025,DEL LIBERTADOR AV. 5722,-58.445603,-34.55931,Comuna 13,4,calle_avenida,doble,sur,27252
2025-11-27,27,11,2025,ALVAREZ THOMAS AV. 1294,-58.459831,-34.578312,Comuna 13,4,calle_avenida,doble,oeste,24506
2025-11-27,27,11,2025,CORDOBA AV. 1980,-58.395434,-34.599776,Comuna 3,4,calle_avenida,única,oeste,24117
2025-11-27,27,11,2025,AVELLANEDA AV. 1825,-58.456423,-34.621237,Comuna 7,4,calle_avenida,única,este,24060
2025-11-27,27,11,2025,PUEYRREDON AV. 214,-58.406212,-34.607467,Comuna 3,3,calle_avenida,doble,sur,23444
2025-11-27,27,11,2025,TRIUNVIRATO AV. 4520,-58.4848,-34.575403,Comuna 12,4,calle_avenida,única,este,23094
2025-11-27,27,11,2025,CORRIENTES AV. 3022,-58.408125,-34.604302,Comuna 3,4,calle_avenida,única,este,22533
2025-11-27,27,11,2025,CORRIENTES AV. 6210,-58.448402,-34.591075,Comuna 15,4,calle_avenida,única,este,22139
2025-11-27,27,11,2025,"SCALABRINI ORTIZ, RAUL AV. 1385",-58.427003,-34.592379,Comuna 14,2,calle_avenida,doble,este,20412
2025-11-27,27,11,2025,ENTRE RIOS AV. 1818,-58.390787,-34.629623,Comuna 1,4,calle_avenida,doble,norte,20027
2025-11-27,27,11,2025,BELGRANO AV. 3218,-58.411416,-34.615436,Comuna 3,4,calle_avenida,única,este,19202
2025-11-27,27,11,2025,INDEPENDENCIA AV. 1784,-58.391307,-34.618226,Comuna 1,4,calle_avenida,única,oeste,18751
2025-11-27,27,11,2025,INDEPENDENCIA AV. 2086,-58.395712,-34.618449,Comuna 3,4,calle_avenida,única,oeste,18633
2025-11-27,27,11,2025,"GARAY, JUAN DE AV. 1769",-58.390037,-34.627139,Comuna 1,3,calle_avenida,doble,oeste,18253
2025-11-27,27,11,2025,SAN MARTIN AV. 1844,-58.454414,-34.605652,Comuna 6,3,calle_avenida,doble,este,17712
2025-11-27,27,11,2025,"LACROZE, FEDERICO AV. 4199",-58.455081,-34.587105,Comuna 15,3,calle_avenida,doble,sur,17200
2025-11-27,27,11,2025,BELGRANO AV. 324,-58.370911,-34.61249,Comuna 1,4,calle_avenida,única,este,17071
2025-11-27,27,11,2025,SAN JUAN AV. 1119,-58.381832,-34.622096,Comuna 1,4,calle_avenida,única,este,16578
2025-11-27,27,11,2025,BOEDO AV. 965,-58.416231,-34.624996,Comuna 5,3,calle_avenida,única,sur,16381
2025-11-27,27,11,2025,RIVADAVIA AV. 2775,-58.405518,-34.610013,Comuna 3,4,calle_avenida,única,oeste,15461
2025-11-27,27,11,2025,VEDIA 3438,-58.86039,-34.544242,Comuna 12,4,calle_avenida,única,este,15412
2025-11-27,27,11,2025,PUEYRREDON AV. 1418,-58.402311,-34.594121,Comuna 2,3,calle_avenida,doble,sur,15238
2025-11-27,27,11,2025,"ALBERDI, JUAN BAUTISTA AV. 890",-58.440541,-34.623013,Comuna 6,4,calle_avenida,única,oeste,15197
2025-11-27,27,11,2025,CABILDO AV. 1716,-58.453855,-34.565367,Comuna 13,2,calle_avenida,doble,sur,15119
2025-11-27,27,11,2025,NAZCA AV. 479,-58.471328,-34.626678,Comuna 7,2,calle_avenida,doble,norte,15093
2025-11-27,27,11,2025,RIVADAVIA AV. 9618,-58.499769,-34.637578,Comuna 10,2,calle_avenida,doble,este,14284
2025-11-27,27,11,2025,LIMA 1365,-58.381495,-34.624262,Comuna 1,3,calle_avenida,única,sur,13994
2025-11-27,27,11,2025,AU. PERITO MORENO - SENTIDO PROVINCIA - PK 0+701,-58.522022,-34.636805,Comuna 9,,Autopista,doble,oeste,13628
2025-11-27,27,11,2025,CALLAO AV. 858,-58.39311,-34.599002,Comuna 2,4,calle_avenida,única,norte,13522
2025-11-27,27,11,2025,"DE IRIGIOYEN, BERNARDO 1026",-58.3799,-34.62006,Comuna 1,4,calle_avenida,única,norte,13293
2025-11-27,27,11,2025,LAS HERAS GENERAL AV. 2289,-58.396838,-34.587651,Comuna 2,3,calle_avenida,doble,oeste,12716
2025-11-27,27,11,2025,PASEO COLON AV. 753,-58.369509,-34.616769,Comuna 1,4,calle_avenida,doble,sur,11804
2025-11-27,27,11,2025,RIVADAVIA AV. 4987,-58.43608,-34.618047,Comuna 6,4,calle_avenida,única,oeste,11668
2025-11-27,27,11,2025,LIMA 281,-58.381872,-34.611723,Comuna 1,3,calle_avenida,única,sur,11492
2025-11-27,27,11,2025,SUAREZ 1635,-58.373758,-34.638502,Comuna 4,2,calle_avenida,única,este,11309
2025-11-27,27,11,2025,"LACROZE, FEDERICO AV. 2462",-58.445413,-34.571098,Comuna 13,2,calle_avenida,doble,norte,10970
2025-11-27,27,11,2025,"JUSTO, JUAN B. AV. 4781",-58.466338,-34.610364,Comuna 11,3,calle_avenida,doble,oeste,10707
2025-11-27,27,11,2025,"RABANAL, FRANCISCO, INTENDENTE AV. 1323",-58.417658,-34.654886,Comuna 4,3,calle_avenida,doble,oeste,10435
2025-11-27,27,11,2025,"ALEM, LEANDRO N. AV. 518",-58.370691,-34.601595,Comuna 1,4,calle_avenida,doble,sur,9522
2025-11-27,27,11,2025,CORDOBA AV. 2149,-58.398175,-34.599668,Comuna 2,,Carriles Exclusivos,única,oeste,9483
2025-11-27,27,11,2025,CORDOBA AV. 2801,-58.407164,-34.597965,Comuna 2,,Carriles Exclusivos,única,oeste,9472
2025-11-27,27,11,2025,VERTIZ VIRREY AV. 2010,-58.449507,-34.559083,Comuna 13,3,calle_avenida,doble,sur,9360
2025-11-27,27,11,2025,FOREST AV. 634,-58.454309,-34.584925,Comuna 15,3,calle_avenida,única,sur,9182
2025-11-27,27,11,2025,RIVADAVIA AV. 7420,-58.469991,-34.630911,Comuna 7,4,calle_avenida,doble,este,8939
2025-11-27,27,11,2025,PUEYRREDON AV. 350,-58.405942,-34.606096,Comuna 3,,Carriles Exclusivos,doble,sur,8799
2025-11-27,27,11,2025,CORDOBA AV. 3647,-58.417813,-34.597727,Comuna 14,,Carriles Exclusivos,única,oeste,8415
2025-11-27,27,11,2025,MOSCONI GENERAL AV. 3000,-58.50334,-34.587077,Comuna 12,4,calle_avenida,única,norte,8320
2025-11-27,27,11,2025,CORDOBA AV. 3329,-58.413685,-34.597847,Comuna 2,,Carriles Exclusivos,única,oeste,8314
2025-11-27,27,11,2025,ROSARIO 21,-58.429075,-34.618311,Comuna 6,2,calle_avenida,única,este,8230
2025-11-27,27,11,2025,CALLAO AV. 337,-58.392133,-34.605181,Comuna 1,,Carriles Exclusivos,única,norte,7984
2025-11-27,27,11,2025,"PERON, JUAN DOMINGO, TTE. GENERAL 2687",-58.404461,-34.607561,Comuna 3,2,calle_avenida,única,oeste,7807
2025-11-27,27,11,2025,"MONTES DE OCA, MANUEL AV. 1685",-58.373211,-34.646401,Comuna 4,3,calle_avenida,doble,sur,7768
2025-11-27,27,11,2025,SANTA FE AV. 3889,-58.418132,-34.583669,Comuna 14,,Carriles Exclusivos,doble,oeste,7644
2025-11-27,27,11,2025,ENTRE RIOS AV. 182,-58.391718,-34.611145,Comuna 1,,Carriles Exclusivos,única,norte,7383
2025-11-27,27,11,2025,LARREA 477,-58.402156,-34.603736,Comuna 3,1,calle_avenida,única,norte,7223
2025-11-27,27,11,2025,"BEIRO, FRANCISCO AV. 2875",-58.494038,-34.594803,Comuna 15,2,calle_avenida,doble,oeste,7211
2025-11-27,27,11,2025,PUEYRREDON AV. 367,-58.40571,-34.605973,Comuna 3,,Carriles Exclusivos,doble,norte,6742
2025-11-27,27,11,2025,CORDOBA AV. 2523,-58.402911,-34.59879,Comuna 2,,Carriles Exclusivos,única,oeste,6005
2025-11-27,27,11,2025,PUEYRREDON AV. 459,-58.405495,-34.60505,Comuna 3,,Carriles Exclusivos,doble,norte,5972
2025-11-27,27,11,2025,RIVADAVIA AV. 10524,-58.511786,-34.639436,Comuna 9,3,calle_avenida,doble,este,5795
2025-11-27,27,11,2025,PUEYRREDON AV. 768,-58.404705,-34.601207,Comuna 3,,Carriles Exclusivos,doble,sur,5702
2025-11-27,27,11,2025,CORDOBA AV. 1431,-58.387335,-34.599232,Comuna 2,,Carriles Exclusivos,única,oeste,5656
2025-11-27,27,11,2025,CORDOBA AV. 1749,-58.392148,-34.599512,Comuna 2,,Carriles Exclusivos,única,oeste,5550
2025-11-27,27,11,2025,"ROCA, CNEL. AV. 5870",-58.460539,-34.689402,Comuna 8,3,calle_avenida,doble,este,5531
2025-11-27,27,11,2025,CORDOBA AV. 3143,-58.410998,-34.597969,Comuna 2,,Carriles Exclusivos,única,oeste,5503
2025-11-27,27,11,2025,"DE LA TORRE, LISANDRO 663",-58.520368,-34.646059,Comuna 9,3,calle_avenida,única,sur,5437
2025-11-27,27,11,2025,SANTA FE AV. 1483,-58.388215,-34.595676,Comuna 2,,Carriles Exclusivos,doble,oeste,5378
2025-11-27,27,11,2025,LAS HERAS GENERAL AV. 1870,-58.392633,-34.591284,Comuna 2,,Carriles Exclusivos,doble,este,5250
2025-11-27,27,11,2025,PUEYRREDON AV. 870,-58.404389,-34.600218,Comuna 3,,Carriles Exclusivos,doble,sur,5242
2025-11-27,27,11,2025,LAS HERAS GENERAL AV. 2252,-58.396535,-34.588012,Comuna 2,,Carriles Exclusivos,doble,este,4938
2025-11-27,27,11,2025,SANTA FE AV. 2622,-58.403884,-34.594047,Comuna 2,3,calle_avenida,doble,este,4713
2025-11-27,27,11,2025,CASEROS AV. 3020,-58.406358,-34.637334,Comuna 4,2,calle_avenida,doble,este,4675
2025-11-27,27,11,2025,"LIMA ESTE Y GARAY, JUAN DE",-58.382235,-34.626842,Comuna 1,2,calle_avenida,doble,sur,4563
2025-11-27,27,11,2025,RIVADAVIA AV. 6626,-58.459176,-34.62777,Comuna 7,2,calle_avenida,doble,este,4314
2025-11-27,27,11,2025,ENTRE RIOS AV. 678,-58.391572,-34.616551,Comuna 1,,Carriles Exclusivos,única,norte,3672
2025-11-27,27,11,2025,VUELTA DE OBLIGADO 2179,-58.456328,-34.560704,Comuna 13,3,calle_avenida,única,norte,3534
2025-11-27,27,11,2025,VARELA AV. 2779,-58.438057,-34.655973,Comuna 8,3,calle_avenida,doble,sur,3424
2025-11-27,27,11,2025,CORDOBA AV. 1147,-58.383217,-34.599039,Comuna 1,,Carriles Exclusivos,única,oeste,2783
2025-11-27,27,11,2025,ENTRE RIOS AV. 926,-58.391557,-34.619431,Comuna 1,,Carriles Exclusivos,única,norte,2241
2025-11-27,27,11,2025,LIMA OESTE 1524,-58.382189,-34.626200,Comuna 1,3,calle_avenida,doble,norte,2092
2025-11-27,27,11,2025,CALLAO AV. 681,-58.392623,-34.601114,Comuna 1,,Carriles Exclusivos,única,norte,2086
2025-11-27,27,11,2025,"AU 25 DE MAYO (AU10), SENTIDO CENTRO (ASCENDENTE), PK: 6+301",-58.402830,-34.625953,Comuna 3,,Autopista,doble,este,2006
2025-11-27,27,11,2025,AVELLANEDA AV. 2924,-58.471929,-34.626563,Comuna 7,4,calle_avenida,única,este,54
2025-12-04,4,12,2025,AU. 25 DE MAYO - SENTIDO PROVINCIA - PK 2+701,-58.439777,-34.631321,Comuna 7,,Autopista,doble,oeste,36526
2025-12-04,4,12,2025,CORDOBA AV. 4570,-58.429776,-34.594591,Comuna 15,4,calle_avenida,única,oeste,33390
2025-12-04,4,12,2025,CALLAO AV. 858,-58.39311,-34.599002,Comuna 2,4,calle_avenida,única,norte,32808
2025-12-04,4,12,2025,GAONA AV. 2300,-58.459429,-34.613877,Comuna 6,4,calle_avenida,única,oeste,32063
2025-12-04,4,12,2025,CALLAO AV. 1588,-58.391201,-34.591009,Comuna 2,4,calle_avenida,única,norte,30515
2025-12-04,4,12,2025,ENTRE RIOS AV. 326,-58.391646,-34.613,Comuna 1,4,calle_avenida,única,norte,30408
2025-12-04,4,12,2025,CORRIENTES AV. 5220,-58.439127,-34.59969,Comuna 15,4,calle_avenida,única,este,29673
2025-12-04,4,12,2025,DEL LIBERTADOR AV. 5722,-58.445603,-34.55931,Comuna 13,4,calle_avenida,doble,sur,27863
2025-12-04,4,12,2025,CORDOBA AV. 1980,-58.395434,-34.599776,Comuna 3,4,calle_avenida,única,oeste,25122
2025-12-04,4,12,2025,AVELLANEDA AV. 1825,-58.456423,-34.621237,Comuna 7,4,calle_avenida,única,este,24815
2025-12-04,4,12,2025,ALVAREZ THOMAS AV. 1294,-58.459831,-34.578312,Comuna 13,4,calle_avenida,doble,oeste,22161
2025-12-04,4,12,2025,INDEPENDENCIA AV. 2086,-58.395712,-34.618449,Comuna 3,4,calle_avenida,única,oeste,20637
2025-12-04,4,12,2025,"SCALABRINI ORTIZ, RAUL AV. 1385",-58.427003,-34.592379,Comuna 14,2,calle_avenida,doble,este,20556
2025-12-04,4,12,2025,PUEYRREDON AV. 214,-58.406212,-34.607467,Comuna 3,3,calle_avenida,doble,sur,20454
2025-12-04,4,12,2025,TRIUNVIRATO AV. 4520,-58.4848,-34.575403,Comuna 12,4,calle_avenida,única,este,20408
2025-12-04,4,12,2025,CORRIENTES AV. 6210,-58.448402,-34.591075,Comuna 15,4,calle_avenida,única,este,19592
2025-12-04,4,12,2025,ENTRE RIOS AV. 1818,-58.390787,-34.629623,Comuna 1,4,calle_avenida,doble,norte,19582
2025-12-04,4,12,2025,CORRIENTES AV. 3022,-58.408125,-34.604302,Comuna 3,4,calle_avenida,única,este,19138
2025-12-04,4,12,2025,SAN MARTIN AV. 1844,-58.454414,-34.605652,Comuna 6,3,calle_avenida,doble,este,18733
2025-12-04,4,12,2025,INDEPENDENCIA AV. 1784,-58.391307,-34.618226,Comuna 1,4,calle_avenida,única,oeste,18383
2025-12-04,4,12,2025,BELGRANO AV. 3218,-58.411416,-34.615436,Comuna 3,4,calle_avenida,única,este,18099
2025-12-04,4,12,2025,"LACROZE, FEDERICO AV. 4199",-58.455081,-34.587105,Comuna 15,3,calle_avenida,doble,sur,17834
2025-12-04,4,12,2025,"ALBERDI, JUAN BAUTISTA AV. 890",-58.440541,-34.623013,Comuna 6,4,calle_avenida,única,oeste,17377
2025-12-04,4,12,2025,"GARAY, JUAN DE AV. 1769",-58.390037,-34.627139,Comuna 1,3,calle_avenida,doble,oeste,16953
2025-12-04,4,12,2025,VEDIA 3438,-58.86039,-34.544242,Comuna 12,4,calle_avenida,única,este,15619
2025-12-04,4,12,2025,LIMA 1365,-58.381495,-34.624262,Comuna 1,3,calle_avenida,única,sur,15474
2025-12-04,4,12,2025,CABILDO AV. 1716,-58.453855,-34.565367,Comuna 13,2,calle_avenida,doble,sur,15453
2025-12-04,4,12,2025,BOEDO AV. 965,-58.416231,-34.624996,Comuna 5,3,calle_avenida,única,sur,15234
2025-12-04,4,12,2025,PUEYRREDON AV. 1418,-58.402311,-34.594121,Comuna 2,3,calle_avenida,doble,sur,14578
2025-12-04,4,12,2025,BELGRANO AV. 324,-58.370911,-34.61249,Comuna 1,4,calle_avenida,única,este,14510
2025-12-04,4,12,2025,"DE IRIGIOYEN, BERNARDO 1026",-58.3799,-34.62006,Comuna 1,4,calle_avenida,única,norte,14356
2025-12-04,4,12,2025,RIVADAVIA AV. 9618,-58.499769,-34.637578,Comuna 10,2,calle_avenida,doble,este,13822
2025-12-04,4,12,2025,NAZCA AV. 479,-58.471328,-34.626678,Comuna 7,2,calle_avenida,doble,norte,13728
2025-12-04,4,12,2025,SAN JUAN AV. 1119,-58.381832,-34.622096,Comuna 1,4,calle_avenida,única,este,13162
2025-12-04,4,12,2025,RIVADAVIA AV. 4987,-58.43608,-34.618047,Comuna 6,4,calle_avenida,única,oeste,13128
2025-12-04,4,12,2025,AU. PERITO MORENO - SENTIDO PROVINCIA - PK 0+701,-58.522022,-34.636805,Comuna 9,,Autopista,doble,oeste,12335
2025-12-04,4,12,2025,LIMA 281,-58.381872,-34.611723,Comuna 1,3,calle_avenida,única,sur,12276
2025-12-04,4,12,2025,PASEO COLON AV. 753,-58.369509,-34.616769,Comuna 1,4,calle_avenida,doble,sur,11932
2025-12-04,4,12,2025,RIVADAVIA AV. 2775,-58.405518,-34.610013,Comuna 3,4,calle_avenida,única,oeste,11870
2025-12-04,4,12,2025,SUAREZ 1635,-58.373758,-34.638502,Comuna 4,2,calle_avenida,única,este,11817
2025-12-04,4,12,2025,"LACROZE, FEDERICO AV. 2462",-58.445413,-34.571098,Comuna 13,2,calle_avenida,doble,norte,10964
2025-12-04,4,12,2025,"JUSTO, JUAN B. AV. 4781",-58.466338,-34.610364,Comuna 11,3,calle_avenida,doble,oeste,9685
2025-12-04,4,12,2025,PUEYRREDON AV. 350,-58.405942,-34.606096,Comuna 3,,Carriles Exclusivos,doble,sur,9329
2025-12-04,4,12,2025,CORDOBA AV. 2149,-58.398175,-34.599668,Comuna 2,,Carriles Exclusivos,única,oeste,9274
2025-12-04,4,12,2025,LAS HERAS GENERAL AV. 2289,-58.396838,-34.587651,Comuna 2,3,calle_avenida,doble,oeste,9258
2025-12-04,4,12,2025,CALLAO AV. 337,-58.392133,-34.605181,Comuna 1,,Carriles Exclusivos,única,norte,8971
2025-12-04,4,12,2025,RIVADAVIA AV. 7420,-58.469991,-34.630911,Comuna 7,4,calle_avenida,doble,este,8717
2025-12-04,4,12,2025,"RABANAL, FRANCISCO, INTENDENTE AV. 1323",-58.417658,-34.654886,Comuna 4,3,calle_avenida,doble,oeste,8687
2025-12-04,4,12,2025,"ALEM, LEANDRO N. AV. 518",-58.370691,-34.601595,Comuna 1,4,calle_avenida,doble,sur,8586
2025-12-04,4,12,2025,CORDOBA AV. 2801,-58.407164,-34.597965,Comuna 2,,Carriles Exclusivos,única,oeste,8249
2025-12-04,4,12,2025,"MONTES DE OCA, MANUEL AV. 1685",-58.373211,-34.646401,Comuna 4,3,calle_avenida,doble,sur,8152
2025-12-04,4,12,2025,CORDOBA AV. 3329,-58.413685,-34.597847,Comuna 2,,Carriles Exclusivos,única,oeste,8003
2025-12-04,4,12,2025,VERTIZ VIRREY AV. 2010,-58.449507,-34.559083,Comuna 13,3,calle_avenida,doble,sur,7898
2025-12-04,4,12,2025,CORDOBA AV. 3647,-58.417813,-34.597727,Comuna 14,,Carriles Exclusivos,única,oeste,7644
2025-12-04,4,12,2025,ENTRE RIOS AV. 182,-58.391718,-34.611145,Comuna 1,,Carriles Exclusivos,única,norte,7592
2025-12-04,4,12,2025,LARREA 477,-58.402156,-34.603736,Comuna 3,1,calle_avenida,única,norte,7339
2025-12-04,4,12,2025,SANTA FE AV. 3889,-58.418132,-34.583669,Comuna 14,,Carriles Exclusivos,doble,oeste,7316
2025-12-04,4,12,2025,CALLAO AV. 681,-58.392623,-34.601114,Comuna 1,,Carriles Exclusivos,única,norte,7295
2025-12-04,4,12,2025,ROSARIO 21,-58.429075,-34.618311,Comuna 6,2,calle_avenida,única,este,7057
2025-12-04,4,12,2025,CORDOBA AV. 2523,-58.402911,-34.59879,Comuna 2,,Carriles Exclusivos,única,oeste,6861
2025-12-04,4,12,2025,PUEYRREDON AV. 367,-58.40571,-34.605973,Comuna 3,,Carriles Exclusivos,doble,norte,6830
2025-12-04,4,12,2025,MOSCONI GENERAL AV. 3000,-58.50334,-34.587077,Comuna 12,4,calle_avenida,única,norte,6744
2025-12-04,4,12,2025,PUEYRREDON AV. 459,-58.405495,-34.60505,Comuna 3,,Carriles Exclusivos,doble,norte,6411
2025-12-04,4,12,2025,OLIVERA AV. 187,-58.487032,-34.637596,Comuna 10,2,calle_avenida,doble,sur,6144
2025-12-04,4,12,2025,CORDOBA AV. 1749,-58.392148,-34.599512,Comuna 2,,Carriles Exclusivos,única,oeste,5924
2025-12-04,4,12,2025,PUEYRREDON AV. 768,-58.404705,-34.601207,Comuna 3,,Carriles Exclusivos,doble,sur,5747
2025-12-04,4,12,2025,CORDOBA AV. 1431,-58.387335,-34.599232,Comuna 2,,Carriles Exclusivos,única,oeste,5491
2025-12-04,4,12,2025,"ROCA, CNEL. AV. 5870",-58.460539,-34.689402,Comuna 8,3,calle_avenida,doble,este,5378
2025-12-04,4,12,2025,LAS HERAS GENERAL AV. 1870,-58.392633,-34.591284,Comuna 2,,Carriles Exclusivos,doble,este,5233
2025-12-04,4,12,2025,RIVADAVIA AV. 10524,-58.511786,-34.639436,Comuna 9,3,calle_avenida,doble,este,5198
2025-12-04,4,12,2025,"LIMA ESTE Y GARAY, JUAN DE",-58.382235,-34.626842,Comuna 1,2,calle_avenida,doble,sur,5190
2025-12-04,4,12,2025,CORDOBA AV. 3143,-58.410998,-34.597969,Comuna 2,,Carriles Exclusivos,única,oeste,5142
2025-12-04,4,12,2025,PUEYRREDON AV. 870,-58.404389,-34.600218,Comuna 3,,Carriles Exclusivos,doble,sur,5075
2025-12-04,4,12,2025,RIVADAVIA AV. 6626,-58.459176,-34.62777,Comuna 7,2,calle_avenida,doble,este,5050
2025-12-04,4,12,2025,"DE LA TORRE, LISANDRO 663",-58.520368,-34.646059,Comuna 9,3,calle_avenida,única,sur,4972
2025-12-04,4,12,2025,SANTA FE AV. 1483,-58.388215,-34.595676,Comuna 2,,Carriles Exclusivos,doble,oeste,4859
2025-12-04,4,12,2025,CASEROS AV. 3020,-58.406358,-34.637334,Comuna 4,2,calle_avenida,doble,este,4666
2025-12-04,4,12,2025,"PERON, JUAN DOMINGO, TTE. GENERAL 2687",-58.404461,-34.607561,Comuna 3,2,calle_avenida,única,oeste,4598
2025-12-04,4,12,2025,SANTA FE AV. 2622,-58.403884,-34.594047,Comuna 2,3,calle_avenida,doble,este,4576
2025-12-04,4,12,2025,LAS HERAS GENERAL AV. 2252,-58.396535,-34.588012,Comuna 2,,Carriles Exclusivos,doble,este,4455
2025-12-04,4,12,2025,VUELTA DE OBLIGADO 2179,-58.456328,-34.560704,Comuna 13,3,calle_avenida,única,norte,3948
2025-12-04,4,12,2025,ENTRE RIOS AV. 678,-58.391572,-34.616551,Comuna 1,,Carriles Exclusivos,única,norte,3584
2025-12-04,4,12,2025,ENTRE RIOS AV. 926,-58.391557,-34.619431,Comuna 1,,Carriles Exclusivos,única,norte,2995
2025-12-04,4,12,2025,CORDOBA AV. 1147,-58.383217,-34.599039,Comuna 1,,Carriles Exclusivos,única,oeste,2827
2025-12-04,4,12,2025,VARELA AV. 2779,-58.438057,-34.655973,Comuna 8,3,calle_avenida,doble,sur,2825
2025-12-04,4,12,2025,LIMA OESTE 1524,-58.382189,-34.626200,Comuna 1,3,calle_avenida,doble,norte,2068
2025-12-04,4,12,2025,"AU 25 DE MAYO (AU10), SENTIDO CENTRO (ASCENDENTE), PK: 6+301",-58.402830,-34.625953,Comuna 3,,Autopista,doble,este,2031
2025-12-04,4,12,2025,SANTA FE AV. 4650,-58.425858,-34.578448,Comuna 14,3,calle_avenida,doble,este,185
2025-12-04,4,12,2025,AVELLANEDA AV. 2924,-58.471929,-34.626563,Comuna 7,4,calle_avenida,única,este,104
2025-12-11,11,12,2025,CORDOBA AV. 4570,-58.429776,-34.594591,Comuna 15,4,calle_avenida,única,oeste,33323
2025-12-11,11,12,2025,GAONA AV. 2300,-58.459429,-34.613877,Comuna 6,4,calle_avenida,única,oeste,32114
2025-12-11,11,12,2025,CALLAO AV. 858,-58.39311,-34.599002,Comuna 2,4,calle_avenida,única,norte,31756
2025-12-11,11,12,2025,CALLAO AV. 1588,-58.391201,-34.591009,Comuna 2,4,calle_avenida,única,norte,30367
2025-12-11,11,12,2025,ENTRE RIOS AV. 326,-58.391646,-34.613,Comuna 1,4,calle_avenida,única,norte,28826
2025-12-11,11,12,2025,DEL LIBERTADOR AV. 5722,-58.445603,-34.55931,Comuna 13,4,calle_avenida,doble,sur,27883
2025-12-11,11,12,2025,"ALBERDI, JUAN BAUTISTA AV. 890",-58.440541,-34.623013,Comuna 6,4,calle_avenida,única,oeste,27418
2025-12-11,11,12,2025,AVELLANEDA AV. 1825,-58.456423,-34.621237,Comuna 7,4,calle_avenida,única,este,25472
2025-12-11,11,12,2025,FOREST AV. 634,-58.454309,-34.584925,Comuna 15,3,calle_avenida,única,sur,24848
2025-12-11,11,12,2025,CORDOBA AV. 1980,-58.395434,-34.599776,Comuna 3,4,calle_avenida,única,oeste,24548
2025-12-11,11,12,2025,ALVAREZ THOMAS AV. 1294,-58.459831,-34.578312,Comuna 13,4,calle_avenida,doble,oeste,21047
2025-12-11,11,12,2025,INDEPENDENCIA AV. 2086,-58.395712,-34.618449,Comuna 3,4,calle_avenida,única,oeste,20073
2025-12-11,11,12,2025,AU. 25 DE MAYO - SENTIDO PROVINCIA - PK 2+701,-58.439777,-34.631321,Comuna 7,,Autopista,doble,oeste,19955
2025-12-11,11,12,2025,"SCALABRINI ORTIZ, RAUL AV. 1385",-58.427003,-34.592379,Comuna 14,2,calle_avenida,doble,este,19883
2025-12-11,11,12,2025,PUEYRREDON AV. 214,-58.406212,-34.607467,Comuna 3,3,calle_avenida,doble,sur,19630
2025-12-11,11,12,2025,ENTRE RIOS AV. 1818,-58.390787,-34.629623,Comuna 1,4,calle_avenida,doble,norte,19479
2025-12-11,11,12,2025,CORRIENTES AV. 3022,-58.408125,-34.604302,Comuna 3,4,calle_avenida,única,este,19016
2025-12-11,11,12,2025,CORRIENTES AV. 6210,-58.448402,-34.591075,Comuna 15,4,calle_avenida,única,este,18877
2025-12-11,11,12,2025,"GARAY, JUAN DE AV. 1769",-58.390037,-34.627139,Comuna 1,3,calle_avenida,doble,oeste,18073
2025-12-11,11,12,2025,INDEPENDENCIA AV. 1784,-58.391307,-34.618226,Comuna 1,4,calle_avenida,única,oeste,17952
2025-12-11,11,12,2025,SAN MARTIN AV. 1844,-58.454414,-34.605652,Comuna 6,3,calle_avenida,doble,este,17573
2025-12-11,11,12,2025,"LACROZE, FEDERICO AV. 4199",-58.455081,-34.587105,Comuna 15,3,calle_avenida,doble,sur,17394
2025-12-11,11,12,2025,BELGRANO AV. 3218,-58.411416,-34.615436,Comuna 3,4,calle_avenida,única,este,17169
2025-12-11,11,12,2025,LIMA 1365,-58.381495,-34.624262,Comuna 1,3,calle_avenida,única,sur,16427
2025-12-11,11,12,2025,"DE IRIGIOYEN, BERNARDO 1026",-58.3799,-34.62006,Comuna 1,4,calle_avenida,única,norte,16042
2025-12-11,11,12,2025,NAZCA AV. 479,-58.471328,-34.626678,Comuna 7,2,calle_avenida,doble,norte,15988
2025-12-11,11,12,2025,VEDIA 3438,-58.86039,-34.544242,Comuna 12,4,calle_avenida,única,este,15555
2025-12-11,11,12,2025,BOEDO AV. 965,-58.416231,-34.624996,Comuna 5,3,calle_avenida,única,sur,15058
2025-12-11,11,12,2025,CABILDO AV. 1716,-58.453855,-34.565367,Comuna 13,2,calle_avenida,doble,sur,14755
2025-12-11,11,12,2025,BELGRANO AV. 324,-58.370911,-34.61249,Comuna 1,4,calle_avenida,única,este,14525
2025-12-11,11,12,2025,RIVADAVIA AV. 7218,-58.467187,-34.630203,Comuna 7,2,calle_avenida,doble,este,13955
2025-12-11,11,12,2025,PUEYRREDON AV. 1418,-58.402311,-34.594121,Comuna 2,3,calle_avenida,doble,sur,12806
2025-12-11,11,12,2025,RIVADAVIA AV. 4987,-58.43608,-34.618047,Comuna 6,4,calle_avenida,única,oeste,12686
2025-12-11,11,12,2025,SAN JUAN AV. 1119,-58.381832,-34.622096,Comuna 1,4,calle_avenida,única,este,12030
2025-12-11,11,12,2025,RIVADAVIA AV. 2775,-58.405518,-34.610013,Comuna 3,4,calle_avenida,única,oeste,11952
2025-12-11,11,12,2025,SUAREZ 1635,-58.373758,-34.638502,Comuna 4,2,calle_avenida,única,este,11822
2025-12-11,11,12,2025,PASEO COLON AV. 753,-58.369509,-34.616769,Comuna 1,4,calle_avenida,doble,sur,11811
2025-12-11,11,12,2025,RIVADAVIA AV. 9618,-58.499769,-34.637578,Comuna 10,2,calle_avenida,doble,este,11641
2025-12-11,11,12,2025,LIMA 281,-58.381872,-34.611723,Comuna 1,3,calle_avenida,única,sur,11207
2025-12-11,11,12,2025,"LACROZE, FEDERICO AV. 2462",-58.445413,-34.571098,Comuna 13,2,calle_avenida,doble,norte,11040
2025-12-11,11,12,2025,"RABANAL, FRANCISCO, INTENDENTE AV. 1323",-58.417658,-34.654886,Comuna 4,3,calle_avenida,doble,oeste,9159
2025-12-11,11,12,2025,"JUSTO, JUAN B. AV. 4781",-58.466338,-34.610364,Comuna 11,3,calle_avenida,doble,oeste,8887
2025-12-11,11,12,2025,CALLAO AV. 337,-58.392133,-34.605181,Comuna 1,,Carriles Exclusivos,única,norte,8868
2025-12-11,11,12,2025,"ALEM, LEANDRO N. AV. 518",-58.370691,-34.601595,Comuna 1,4,calle_avenida,doble,sur,8668
2025-12-11,11,12,2025,CORDOBA AV. 2801,-58.407164,-34.597965,Comuna 2,,Carriles Exclusivos,única,oeste,8164
2025-12-11,11,12,2025,LAS HERAS GENERAL AV. 2289,-58.396838,-34.587651,Comuna 2,3,calle_avenida,doble,oeste,7874
2025-12-11,11,12,2025,CORDOBA AV. 3329,-58.413685,-34.597847,Comuna 2,,Carriles Exclusivos,única,oeste,7845
2025-12-11,11,12,2025,SANTA FE AV. 3889,-58.418132,-34.583669,Comuna 14,,Carriles Exclusivos,doble,oeste,7773
2025-12-11,11,12,2025,"MONTES DE OCA, MANUEL AV. 1685",-58.373211,-34.646401,Comuna 4,3,calle_avenida,doble,sur,7760
2025-12-11,11,12,2025,AU. PERITO MORENO - SENTIDO PROVINCIA - PK 0+701,-58.522022,-34.636805,Comuna 9,,Autopista,doble,oeste,7676
2025-12-11,11,12,2025,CORDOBA AV. 3647,-58.417813,-34.597727,Comuna 14,,Carriles Exclusivos,única,oeste,7547
2025-12-11,11,12,2025,LARREA 477,-58.402156,-34.603736,Comuna 3,1,calle_avenida,única,norte,7514
2025-12-11,11,12,2025,PUEYRREDON AV. 367,-58.40571,-34.605973,Comuna 3,,Carriles Exclusivos,doble,norte,6860
2025-12-11,11,12,2025,ROSARIO 21,-58.429075,-34.618311,Comuna 6,2,calle_avenida,única,este,6709
2025-12-11,11,12,2025,CALLAO AV. 681,-58.392623,-34.601114,Comuna 1,,Carriles Exclusivos,única,norte,6689
2025-12-11,11,12,2025,CORDOBA AV. 2523,-58.402911,-34.59879,Comuna 2,,Carriles Exclusivos,única,oeste,6616
2025-12-11,11,12,2025,"PERON, JUAN DOMINGO, TTE. GENERAL 2687",-58.404461,-34.607561,Comuna 3,2,calle_avenida,única,oeste,6463
2025-12-11,11,12,2025,PUEYRREDON AV. 350,-58.405942,-34.606096,Comuna 3,,Carriles Exclusivos,doble,sur,6443
2025-12-11,11,12,2025,OLIVERA AV. 187,-58.487032,-34.637596,Comuna 10,2,calle_avenida,doble,sur,6291
2025-12-11,11,12,2025,PUEYRREDON AV. 459,-58.405495,-34.60505,Comuna 3,,Carriles Exclusivos,doble,norte,6281
2025-12-11,11,12,2025,VERTIZ VIRREY AV. 2010,-58.449507,-34.559083,Comuna 13,3,calle_avenida,doble,sur,6267
2025-12-11,11,12,2025,MOSCONI GENERAL AV. 3000,-58.50334,-34.587077,Comuna 12,4,calle_avenida,única,norte,6262
2025-12-11,11,12,2025,"ROCA, CNEL. AV. 5870",-58.460539,-34.689402,Comuna 8,3,calle_avenida,doble,este,5703
2025-12-11,11,12,2025,CORDOBA AV. 1749,-58.392148,-34.599512,Comuna 2,,Carriles Exclusivos,única,oeste,5684
2025-12-11,11,12,2025,SANTA FE AV. 4650,-58.425858,-34.578448,Comuna 14,3,calle_avenida,doble,este,5296
2025-12-11,11,12,2025,RIVADAVIA AV. 10524,-58.511786,-34.639436,Comuna 9,3,calle_avenida,doble,este,5219
2025-12-11,11,12,2025,PUEYRREDON AV. 768,-58.404705,-34.601207,Comuna 3,,Carriles Exclusivos,doble,sur,5207
2025-12-11,11,12,2025,LAS HERAS GENERAL AV. 1870,-58.392633,-34.591284,Comuna 2,,Carriles Exclusivos,doble,este,5189
2025-12-11,11,12,2025,LAS HERAS GENERAL AV. 2252,-58.396535,-34.588012,Comuna 2,,Carriles Exclusivos,doble,este,5157
2025-12-11,11,12,2025,CORDOBA AV. 3143,-58.410998,-34.597969,Comuna 2,,Carriles Exclusivos,única,oeste,5024
2025-12-11,11,12,2025,CORDOBA AV. 1431,-58.387335,-34.599232,Comuna 2,,Carriles Exclusivos,única,oeste,4969
2025-12-11,11,12,2025,PUEYRREDON AV. 870,-58.404389,-34.600218,Comuna 3,,Carriles Exclusivos,doble,sur,4960
2025-12-11,11,12,2025,RIVADAVIA AV. 6626,-58.459176,-34.62777,Comuna 7,2,calle_avenida,doble,este,4949
2025-12-11,11,12,2025,"DE LA TORRE, LISANDRO 663",-58.520368,-34.646059,Comuna 9,3,calle_avenida,única,sur,4927
2025-12-11,11,12,2025,SANTA FE AV. 1483,-58.388215,-34.595676,Comuna 2,,Carriles Exclusivos,doble,oeste,4884
2025-12-11,11,12,2025,SANTA FE AV. 2622,-58.403884,-34.594047,Comuna 2,3,calle_avenida,doble,este,4175
2025-12-11,11,12,2025,CASEROS AV. 3020,-58.406358,-34.637334,Comuna 4,2,calle_avenida,doble,este,4158
2025-12-11,11,12,2025,"BEIRO, FRANCISCO AV. 2875",-58.494038,-34.594803,Comuna 15,2,calle_avenida,doble,oeste,4132
2025-12-11,11,12,2025,ENTRE RIOS AV. 678,-58.391572,-34.616551,Comuna 1,,Carriles Exclusivos,única,norte,3855
2025-12-11,11,12,2025,"LIMA ESTE Y GARAY, JUAN DE",-58.382235,-34.626842,Comuna 1,2,calle_avenida,doble,sur,3456
2025-12-11,11,12,2025,VUELTA DE OBLIGADO 2179,-58.456328,-34.560704,Comuna 13,3,calle_avenida,única,norte,3322
2025-12-11,11,12,2025,CORDOBA AV. 1147,-58.383217,-34.599039,Comuna 1,,Carriles Exclusivos,única,oeste,2804
2025-12-11,11,12,2025,VARELA AV. 2779,-58.438057,-34.655973,Comuna 8,3,calle_avenida,doble,sur,2591
2025-12-11,11,12,2025,ENTRE RIOS AV. 926,-58.391557,-34.619431,Comuna 1,,Carriles Exclusivos,única,norte,2428
2025-12-11,11,12,2025,CORRIENTES AV. 5220,-58.439127,-34.59969,Comuna 15,4,calle_avenida,única,este,2174
2025-12-11,11,12,2025,LIMA OESTE 1524,-58.382189,-34.626200,Comuna 1,3,calle_avenida,doble,norte,2006
2025-12-11,11,12,2025,"AU 25 DE MAYO (AU10), SENTIDO CENTRO (ASCENDENTE), PK: 6+301",-58.402830,-34.625953,Comuna 3,,Autopista,doble,este,1711
2025-12-11,11,12,2025,AVELLANEDA AV. 2924,-58.471929,-34.626563,Comuna 7,4,calle_avenida,única,este,64
2025-12-11,11,12,2025,PASEO COLON AV. 400,-58.368952,-34.612207,Comuna 1,3,calle_avenida,doble,norte,38
2025-12-18,18,12,2025,AU. 25 DE MAYO - SENTIDO PROVINCIA - PK 2+701,-58.439777,-34.631321,Comuna 7,,Autopista,doble,oeste,39357
2025-12-18,18,12,2025,CORDOBA AV. 4570,-58.429776,-34.594591,Comuna 15,4,calle_avenida,única,oeste,36074
2025-12-18,18,12,2025,CALLAO AV. 858,-58.39311,-34.599002,Comuna 2,4,calle_avenida,única,norte,33339
2025-12-18,18,12,2025,GAONA AV. 2300,-58.459429,-34.613877,Comuna 6,4,calle_avenida,única,oeste,32699
2025-12-18,18,12,2025,CORRIENTES AV. 5220,-58.439127,-34.59969,Comuna 15,4,calle_avenida,única,este,31788
2025-12-18,18,12,2025,CALLAO AV. 1588,-58.391201,-34.591009,Comuna 2,4,calle_avenida,única,norte,31688
2025-12-18,18,12,2025,ENTRE RIOS AV. 326,-58.391646,-34.613,Comuna 1,4,calle_avenida,única,norte,31506
2025-12-18,18,12,2025,CORDOBA AV. 4471,-58.428774,-34.594989,Comuna 14,4,calle_avenida,única,oeste,31204
2025-12-18,18,12,2025,DEL LIBERTADOR AV. 5722,-58.445603,-34.55931,Comuna 13,4,calle_avenida,doble,sur,30108
2025-12-18,18,12,2025,"ALBERDI, JUAN BAUTISTA AV. 890",-58.440541,-34.623013,Comuna 6,4,calle_avenida,única,oeste,29746
2025-12-18,18,12,2025,FOREST AV. 634,-58.454309,-34.584925,Comuna 15,3,calle_avenida,única,sur,28704
2025-12-18,18,12,2025,AVELLANEDA AV. 1825,-58.456423,-34.621237,Comuna 7,4,calle_avenida,única,este,26048
2025-12-18,18,12,2025,ALVAREZ THOMAS AV. 1294,-58.459831,-34.578312,Comuna 13,4,calle_avenida,doble,oeste,25905
2025-12-18,18,12,2025,CORDOBA AV. 1980,-58.395434,-34.599776,Comuna 3,4,calle_avenida,única,oeste,25300
2025-12-18,18,12,2025,CORRIENTES AV. 6210,-58.448402,-34.591075,Comuna 15,4,calle_avenida,única,este,23214
2025-12-18,18,12,2025,PUEYRREDON AV. 214,-58.406212,-34.607467,Comuna 3,3,calle_avenida,doble,sur,23107
2025-12-18,18,12,2025,BELGRANO AV. 3218,-58.411416,-34.615436,Comuna 3,4,calle_avenida,única,este,21460
2025-12-18,18,12,2025,INDEPENDENCIA AV. 2086,-58.395712,-34.618449,Comuna 3,4,calle_avenida,única,oeste,21315
2025-12-18,18,12,2025,"SCALABRINI ORTIZ, RAUL AV. 1385",-58.427003,-34.592379,Comuna 14,2,calle_avenida,doble,este,21290
2025-12-18,18,12,2025,CORRIENTES AV. 3022,-58.408125,-34.604302,Comuna 3,4,calle_avenida,única,este,20915
2025-12-18,18,12,2025,ENTRE RIOS AV. 1818,-58.390787,-34.629623,Comuna 1,4,calle_avenida,doble,norte,20487
2025-12-18,18,12,2025,TRIUNVIRATO AV. 4520,-58.4848,-34.575403,Comuna 12,4,calle_avenida,única,este,20226
2025-12-18,18,12,2025,SAN MARTIN AV. 1844,-58.454414,-34.605652,Comuna 6,3,calle_avenida,doble,este,18901
2025-12-18,18,12,2025,"LACROZE, FEDERICO AV. 4199",-58.455081,-34.587105,Comuna 15,3,calle_avenida,doble,sur,18650
2025-12-18,18,12,2025,INDEPENDENCIA AV. 1784,-58.391307,-34.618226,Comuna 1,4,calle_avenida,única,oeste,18561
2025-12-18,18,12,2025,"GARAY, JUAN DE AV. 1769",-58.390037,-34.627139,Comuna 1,3,calle_avenida,doble,oeste,18258
2025-12-18,18,12,2025,VEDIA 3438,-58.86039,-34.544242,Comuna 12,4,calle_avenida,única,este,17719
2025-12-18,18,12,2025,NAZCA AV. 479,-58.471328,-34.626678,Comuna 7,2,calle_avenida,doble,norte,17185
2025-12-18,18,12,2025,CABILDO AV. 1716,-58.453855,-34.565367,Comuna 13,2,calle_avenida,doble,sur,16269
2025-12-18,18,12,2025,BOEDO AV. 965,-58.416231,-34.624996,Comuna 5,3,calle_avenida,única,sur,15884
2025-12-18,18,12,2025,BELGRANO AV. 324,-58.370911,-34.61249,Comuna 1,4,calle_avenida,única,este,15756
2025-12-18,18,12,2025,LIMA 1365,-58.381495,-34.624262,Comuna 1,3,calle_avenida,única,sur,15667
2025-12-18,18,12,2025,RIVADAVIA AV. 7218,-58.467187,-34.630203,Comuna 7,2,calle_avenida,doble,este,15394
2025-12-18,18,12,2025,RIVADAVIA AV. 2775,-58.405518,-34.610013,Comuna 3,4,calle_avenida,única,oeste,14949
2025-12-18,18,12,2025,PUEYRREDON AV. 1418,-58.402311,-34.594121,Comuna 2,3,calle_avenida,doble,sur,14659
2025-12-18,18,12,2025,"DE IRIGIOYEN, BERNARDO 1026",-58.3799,-34.62006,Comuna 1,4,calle_avenida,única,norte,14333
2025-12-18,18,12,2025,SAN JUAN AV. 1119,-58.381832,-34.622096,Comuna 1,4,calle_avenida,única,este,13491
2025-12-18,18,12,2025,RIVADAVIA AV. 4987,-58.43608,-34.618047,Comuna 6,4,calle_avenida,única,oeste,13475
2025-12-18,18,12,2025,RIVADAVIA AV. 9618,-58.499769,-34.637578,Comuna 10,2,calle_avenida,doble,este,13182
2025-12-18,18,12,2025,LIMA 281,-58.381872,-34.611723,Comuna 1,3,calle_avenida,única,sur,13064
2025-12-18,18,12,2025,AU. PERITO MORENO - SENTIDO PROVINCIA - PK 0+701,-58.522022,-34.636805,Comuna 9,,Autopista,doble,oeste,12859
2025-12-18,18,12,2025,PASEO COLON AV. 753,-58.369509,-34.616769,Comuna 1,4,calle_avenida,doble,sur,12818
2025-12-18,18,12,2025,SUAREZ 1635,-58.373758,-34.638502,Comuna 4,2,calle_avenida,única,este,12085
2025-12-18,18,12,2025,"LACROZE, FEDERICO AV. 2462",-58.445413,-34.571098,Comuna 13,2,calle_avenida,doble,norte,11615
2025-12-18,18,12,2025,"JUSTO, JUAN B. AV. 4781",-58.466338,-34.610364,Comuna 11,3,calle_avenida,doble,oeste,11586
2025-12-18,18,12,2025,"RABANAL, FRANCISCO, INTENDENTE AV. 1323",-58.417658,-34.654886,Comuna 4,3,calle_avenida,doble,oeste,11048
2025-12-18,18,12,2025,PUEYRREDON AV. 350,-58.405942,-34.606096,Comuna 3,,Carriles Exclusivos,doble,sur,9563
2025-12-18,18,12,2025,CALLAO AV. 337,-58.392133,-34.605181,Comuna 1,,Carriles Exclusivos,única,norte,9176
2025-12-18,18,12,2025,"ALEM, LEANDRO N. AV. 518",-58.370691,-34.601595,Comuna 1,4,calle_avenida,doble,sur,9081
2025-12-18,18,12,2025,CORDOBA AV. 2801,-58.407164,-34.597965,Comuna 2,,Carriles Exclusivos,única,oeste,9062
2025-12-18,18,12,2025,CORDOBA AV. 3647,-58.417813,-34.597727,Comuna 14,,Carriles Exclusivos,única,oeste,8577
2025-12-18,18,12,2025,LAS HERAS GENERAL AV. 2289,-58.396838,-34.587651,Comuna 2,3,calle_avenida,doble,oeste,8572
2025-12-18,18,12,2025,CORDOBA AV. 3329,-58.413685,-34.597847,Comuna 2,,Carriles Exclusivos,única,oeste,8183
2025-12-18,18,12,2025,"MONTES DE OCA, MANUEL AV. 1685",-58.373211,-34.646401,Comuna 4,3,calle_avenida,doble,sur,8036
2025-12-18,18,12,2025,MOSCONI GENERAL AV. 3000,-58.50334,-34.587077,Comuna 12,4,calle_avenida,única,norte,7974
2025-12-18,18,12,2025,"BEIRO, FRANCISCO AV. 2875",-58.494038,-34.594803,Comuna 15,2,calle_avenida,doble,oeste,7971
2025-12-18,18,12,2025,SANTA FE AV. 3889,-58.418132,-34.583669,Comuna 14,,Carriles Exclusivos,doble,oeste,7799
2025-12-18,18,12,2025,CORDOBA AV. 2149,-58.398175,-34.599668,Comuna 2,,Carriles Exclusivos,única,oeste,7722
2025-12-18,18,12,2025,VERTIZ VIRREY AV. 2010,-58.449507,-34.559083,Comuna 13,3,calle_avenida,doble,sur,7525
2025-12-18,18,12,2025,CALLAO AV. 681,-58.392623,-34.601114,Comuna 1,,Carriles Exclusivos,única,norte,7409
2025-12-18,18,12,2025,LARREA 477,-58.402156,-34.603736,Comuna 3,1,calle_avenida,única,norte,7405
2025-12-18,18,12,2025,CORDOBA AV. 2523,-58.402911,-34.59879,Comuna 2,,Carriles Exclusivos,única,oeste,7311
2025-12-18,18,12,2025,ROSARIO 21,-58.429075,-34.618311,Comuna 6,2,calle_avenida,única,este,7221
2025-12-18,18,12,2025,PUEYRREDON AV. 367,-58.40571,-34.605973,Comuna 3,,Carriles Exclusivos,doble,norte,7206
2025-12-18,18,12,2025,OLIVERA AV. 187,-58.487032,-34.637596,Comuna 10,2,calle_avenida,doble,sur,6771
2025-12-18,18,12,2025,"PERON, JUAN DOMINGO, TTE. GENERAL 2687",-58.404461,-34.607561,Comuna 3,2,calle_avenida,única,oeste,6462
2025-12-18,18,12,2025,PUEYRREDON AV. 459,-58.405495,-34.60505,Comuna 3,,Carriles Exclusivos,doble,norte,6435
2025-12-18,18,12,2025,PUEYRREDON AV. 768,-58.404705,-34.601207,Comuna 3,,Carriles Exclusivos,doble,sur,6187
2025-12-18,18,12,2025,"ROCA, CNEL. AV. 5870",-58.460539,-34.689402,Comuna 8,3,calle_avenida,doble,este,5968
2025-12-18,18,12,2025,RIVADAVIA AV. 10524,-58.511786,-34.639436,Comuna 9,3,calle_avenida,doble,este,5940
2025-12-18,18,12,2025,CORDOBA AV. 1749,-58.392148,-34.599512,Comuna 2,,Carriles Exclusivos,única,oeste,5842
2025-12-18,18,12,2025,ENTRE RIOS AV. 182,-58.391718,-34.611145,Comuna 1,,Carriles Exclusivos,única,norte,5507
2025-12-18,18,12,2025,CORDOBA AV. 1431,-58.387335,-34.599232,Comuna 2,,Carriles Exclusivos,única,oeste,5388
2025-12-18,18,12,2025,LAS HERAS GENERAL AV. 1870,-58.392633,-34.591284,Comuna 2,,Carriles Exclusivos,doble,este,5352
2025-12-18,18,12,2025,CORDOBA AV. 3143,-58.410998,-34.597969,Comuna 2,,Carriles Exclusivos,única,oeste,5267
2025-12-18,18,12,2025,PUEYRREDON AV. 870,-58.404389,-34.600218,Comuna 3,,Carriles Exclusivos,doble,sur,5238
2025-12-18,18,12,2025,LAS HERAS GENERAL AV. 2252,-58.396535,-34.588012,Comuna 2,,Carriles Exclusivos,doble,este,5216
2025-12-18,18,12,2025,SANTA FE AV. 1483,-58.388215,-34.595676,Comuna 2,,Carriles Exclusivos,doble,oeste,5038
2025-12-18,18,12,2025,RIVADAVIA AV. 6626,-58.459176,-34.62777,Comuna 7,2,calle_avenida,doble,este,4973
2025-12-18,18,12,2025,"DE LA TORRE, LISANDRO 663",-58.520368,-34.646059,Comuna 9,3,calle_avenida,única,sur,4946
2025-12-18,18,12,2025,"LIMA ESTE Y GARAY, JUAN DE",-58.382235,-34.626842,Comuna 1,2,calle_avenida,doble,sur,4509
2025-12-18,18,12,2025,ENTRE RIOS AV. 678,-58.391572,-34.616551,Comuna 1,,Carriles Exclusivos,única,norte,4362
2025-12-18,18,12,2025,SANTA FE AV. 4650,-58.425858,-34.578448,Comuna 14,3,calle_avenida,doble,este,4198
2025-12-18,18,12,2025,SANTA FE AV. 2622,-58.403884,-34.594047,Comuna 2,3,calle_avenida,doble,este,4190
2025-12-18,18,12,2025,VUELTA DE OBLIGADO 2179,-58.456328,-34.560704,Comuna 13,3,calle_avenida,única,norte,3879
2025-12-18,18,12,2025,CASEROS AV. 3020,-58.406358,-34.637334,Comuna 4,2,calle_avenida,doble,este,3505
2025-12-18,18,12,2025,VARELA AV. 2779,-58.438057,-34.655973,Comuna 8,3,calle_avenida,doble,sur,2962
2025-12-18,18,12,2025,RIVADAVIA AV. 7420,-58.469991,-34.630911,Comuna 7,4,calle_avenida,doble,este,2954
2025-12-18,18,12,2025,ENTRE RIOS AV. 926,-58.391557,-34.619431,Comuna 1,,Carriles Exclusivos,única,norte,2916
2025-12-18,18,12,2025,CORDOBA AV. 1147,-58.383217,-34.599039,Comuna 1,,Carriles Exclusivos,única,oeste,2519
2025-12-18,18,12,2025,"AU 25 DE MAYO (AU10), SENTIDO CENTRO (ASCENDENTE), PK: 6+301",-58.402830,-34.625953,Comuna 3,,Autopista,doble,este,2309
2025-12-18,18,12,2025,LIMA OESTE 1524,-58.382189,-34.626200,Comuna 1,3,calle_avenida,doble,norte,2096
2025-12-18,18,12,2025,AVELLANEDA AV. 2924,-58.471929,-34.626563,Comuna 7,4,calle_avenida,única,este,78
2025-12-25,25,12,2025,AU. 25 DE MAYO - SENTIDO PROVINCIA - PK 2+701,-58.439777,-34.631321,Comuna 7,,Autopista,doble,oeste,22782
2025-12-25,25,12,2025,CORRIENTES AV. 5220,-58.439127,-34.59969,Comuna 15,4,calle_avenida,única,este,22036
2025-12-25,25,12,2025,CORDOBA AV. 4570,-58.429776,-34.594591,Comuna 15,4,calle_avenida,única,oeste,21476
2025-12-25,25,12,2025,GAONA AV. 2300,-58.459429,-34.613877,Comuna 6,4,calle_avenida,única,oeste,21386
2025-12-25,25,12,2025,FOREST AV. 634,-58.454309,-34.584925,Comuna 15,3,calle_avenida,única,sur,20741
2025-12-25,25,12,2025,ENTRE RIOS AV. 326,-58.391646,-34.613,Comuna 1,4,calle_avenida,única,norte,18662
2025-12-25,25,12,2025,AVELLANEDA AV. 1825,-58.456423,-34.621237,Comuna 7,4,calle_avenida,única,este,17981
2025-12-25,25,12,2025,CALLAO AV. 858,-58.39311,-34.599002,Comuna 2,4,calle_avenida,única,norte,17878
2025-12-25,25,12,2025,ALVAREZ THOMAS AV. 1294,-58.459831,-34.578312,Comuna 13,4,calle_avenida,doble,oeste,17859
2025-12-25,25,12,2025,"ALBERDI, JUAN BAUTISTA AV. 890",-58.440541,-34.623013,Comuna 6,4,calle_avenida,única,oeste,17825
2025-12-25,25,12,2025,PUEYRREDON AV. 214,-58.406212,-34.607467,Comuna 3,3,calle_avenida,doble,sur,17428
2025-12-25,25,12,2025,CORRIENTES AV. 3022,-58.408125,-34.604302,Comuna 3,4,calle_avenida,única,este,16639
2025-12-25,25,12,2025,CORDOBA AV. 4471,-58.428774,-34.594989,Comuna 14,4,calle_avenida,única,oeste,14930
2025-12-25,25,12,2025,CORRIENTES AV. 6210,-58.448402,-34.591075,Comuna 15,4,calle_avenida,única,este,14899
2025-12-25,25,12,2025,TRIUNVIRATO AV. 4520,-58.4848,-34.575403,Comuna 12,4,calle_avenida,única,este,14567
2025-12-25,25,12,2025,DEL LIBERTADOR AV. 5722,-58.445603,-34.55931,Comuna 13,4,calle_avenida,doble,sur,13873
2025-12-25,25,12,2025,CORDOBA AV. 1980,-58.395434,-34.599776,Comuna 3,4,calle_avenida,única,oeste,13755
2025-12-25,25,12,2025,SAN MARTIN AV. 1844,-58.454414,-34.605652,Comuna 6,3,calle_avenida,doble,este,13142
2025-12-25,25,12,2025,CALLAO AV. 1588,-58.391201,-34.591009,Comuna 2,4,calle_avenida,única,norte,12963
2025-12-25,25,12,2025,CABILDO AV. 1716,-58.453855,-34.565367,Comuna 13,2,calle_avenida,doble,sur,11404
2025-12-25,25,12,2025,NAZCA AV. 479,-58.471328,-34.626678,Comuna 7,2,calle_avenida,doble,norte,11216
2025-12-25,25,12,2025,BELGRANO AV. 3218,-58.411416,-34.615436,Comuna 3,4,calle_avenida,única,este,10868
2025-12-25,25,12,2025,RIVADAVIA AV. 9618,-58.499769,-34.637578,Comuna 10,2,calle_avenida,doble,este,9947
2025-12-25,25,12,2025,"LACROZE, FEDERICO AV. 4199",-58.455081,-34.587105,Comuna 15,3,calle_avenida,doble,sur,9451
2025-12-25,25,12,2025,INDEPENDENCIA AV. 2086,-58.395712,-34.618449,Comuna 3,4,calle_avenida,única,oeste,9278
2025-12-25,25,12,2025,"SCALABRINI ORTIZ, RAUL AV. 1385",-58.427003,-34.592379,Comuna 14,2,calle_avenida,doble,este,9262
2025-12-25,25,12,2025,AU. PERITO MORENO - SENTIDO PROVINCIA - PK 0+701,-58.522022,-34.636805,Comuna 9,,Autopista,doble,oeste,8799
2025-12-25,25,12,2025,ENTRE RIOS AV. 1818,-58.390787,-34.629623,Comuna 1,4,calle_avenida,doble,norte,8373
2025-12-25,25,12,2025,RIVADAVIA AV. 2775,-58.405518,-34.610013,Comuna 3,4,calle_avenida,única,oeste,8127
2025-12-25,25,12,2025,RIVADAVIA AV. 7218,-58.467187,-34.630203,Comuna 7,2,calle_avenida,doble,este,8101
2025-12-25,25,12,2025,INDEPENDENCIA AV. 1784,-58.391307,-34.618226,Comuna 1,4,calle_avenida,única,oeste,7928
2025-12-25,25,12,2025,PUEYRREDON AV. 1418,-58.402311,-34.594121,Comuna 2,3,calle_avenida,doble,sur,7812
2025-12-25,25,12,2025,RIVADAVIA AV. 4987,-58.43608,-34.618047,Comuna 6,4,calle_avenida,única,oeste,7549
2025-12-25,25,12,2025,SAN JUAN AV. 1119,-58.381832,-34.622096,Comuna 1,4,calle_avenida,única,este,7087
2025-12-25,25,12,2025,BELGRANO AV. 324,-58.370911,-34.61249,Comuna 1,4,calle_avenida,única,este,7023
2025-12-25,25,12,2025,"DE IRIGIOYEN, BERNARDO 1026",-58.3799,-34.62006,Comuna 1,4,calle_avenida,única,norte,6959
2025-12-25,25,12,2025,"GARAY, JUAN DE AV. 1769",-58.390037,-34.627139,Comuna 1,3,calle_avenida,doble,oeste,6633
2025-12-25,25,12,2025,SUAREZ 1635,-58.373758,-34.638502,Comuna 4,2,calle_avenida,única,este,6599
2025-12-25,25,12,2025,"LACROZE, FEDERICO AV. 2462",-58.445413,-34.571098,Comuna 13,2,calle_avenida,doble,norte,6596
2025-12-25,25,12,2025,PUEYRREDON AV. 350,-58.405942,-34.606096,Comuna 3,,Carriles Exclusivos,doble,sur,6499
2025-12-25,25,12,2025,ROSARIO 21,-58.429075,-34.618311,Comuna 6,2,calle_avenida,única,este,6291
2025-12-25,25,12,2025,RIVADAVIA AV. 10524,-58.511786,-34.639436,Comuna 9,3,calle_avenida,doble,este,6157
2025-12-25,25,12,2025,LIMA 1365,-58.381495,-34.624262,Comuna 1,3,calle_avenida,única,sur,6064
2025-12-25,25,12,2025,LAS HERAS GENERAL AV. 2289,-58.396838,-34.587651,Comuna 2,3,calle_avenida,doble,oeste,5882
2025-12-25,25,12,2025,SANTA FE AV. 3889,-58.418132,-34.583669,Comuna 14,,Carriles Exclusivos,doble,oeste,5872
2025-12-25,25,12,2025,VEDIA 3438,-58.86039,-34.544242,Comuna 12,4,calle_avenida,única,este,5858
2025-12-25,25,12,2025,RIVADAVIA AV. 7420,-58.469991,-34.630911,Comuna 7,4,calle_avenida,doble,este,5702
2025-12-25,25,12,2025,"BEIRO, FRANCISCO AV. 2875",-58.494038,-34.594803,Comuna 15,2,calle_avenida,doble,oeste,5250
2025-12-25,25,12,2025,"JUSTO, JUAN B. AV. 4781",-58.466338,-34.610364,Comuna 11,3,calle_avenida,doble,oeste,4796
2025-12-25,25,12,2025,PUEYRREDON AV. 870,-58.404389,-34.600218,Comuna 3,,Carriles Exclusivos,doble,sur,4709
2025-12-25,25,12,2025,MOSCONI GENERAL AV. 3000,-58.50334,-34.587077,Comuna 12,4,calle_avenida,única,norte,4531
2025-12-25,25,12,2025,PUEYRREDON AV. 768,-58.404705,-34.601207,Comuna 3,,Carriles Exclusivos,doble,sur,4461
2025-12-25,25,12,2025,LARREA 477,-58.402156,-34.603736,Comuna 3,1,calle_avenida,única,norte,4312
2025-12-25,25,12,2025,CALLAO AV. 337,-58.392133,-34.605181,Comuna 1,,Carriles Exclusivos,única,norte,4227
2025-12-25,25,12,2025,LIMA 281,-58.381872,-34.611723,Comuna 1,3,calle_avenida,única,sur,4227
2025-12-25,25,12,2025,"RABANAL, FRANCISCO, INTENDENTE AV. 1323",-58.417658,-34.654886,Comuna 4,3,calle_avenida,doble,oeste,4183
2025-12-25,25,12,2025,VERTIZ VIRREY AV. 2010,-58.449507,-34.559083,Comuna 13,3,calle_avenida,doble,sur,4058
2025-12-25,25,12,2025,PASEO COLON AV. 753,-58.369509,-34.616769,Comuna 1,4,calle_avenida,doble,sur,3745
2025-12-25,25,12,2025,ENTRE RIOS AV. 182,-58.391718,-34.611145,Comuna 1,,Carriles Exclusivos,única,norte,3728
2025-12-25,25,12,2025,"MONTES DE OCA, MANUEL AV. 1685",-58.373211,-34.646401,Comuna 4,3,calle_avenida,doble,sur,3717
2025-12-25,25,12,2025,SANTA FE AV. 4650,-58.425858,-34.578448,Comuna 14,3,calle_avenida,doble,este,3659
2025-12-25,25,12,2025,OLIVERA AV. 187,-58.487032,-34.637596,Comuna 10,2,calle_avenida,doble,sur,3480
2025-12-25,25,12,2025,CORDOBA AV. 2149,-58.398175,-34.599668,Comuna 2,,Carriles Exclusivos,única,oeste,3178
2025-12-25,25,12,2025,"ALEM, LEANDRO N. AV. 518",-58.370691,-34.601595,Comuna 1,4,calle_avenida,doble,sur,3153
2025-12-25,25,12,2025,PUEYRREDON AV. 367,-58.40571,-34.605973,Comuna 3,,Carriles Exclusivos,doble,norte,3048
2025-12-25,25,12,2025,PUEYRREDON AV. 459,-58.405495,-34.60505,Comuna 3,,Carriles Exclusivos,doble,norte,2995
2025-12-25,25,12,2025,CORDOBA AV. 2801,-58.407164,-34.597965,Comuna 2,,Carriles Exclusivos,única,oeste,2868
2025-12-25,25,12,2025,CALLAO AV. 681,-58.392623,-34.601114,Comuna 1,,Carriles Exclusivos,única,norte,2820
2025-12-25,25,12,2025,CORDOBA AV. 3647,-58.417813,-34.597727,Comuna 14,,Carriles Exclusivos,única,oeste,2755
2025-12-25,25,12,2025,LAS HERAS GENERAL AV. 1870,-58.392633,-34.591284,Comuna 2,,Carriles Exclusivos,doble,este,2604
2025-12-25,25,12,2025,CASEROS AV. 3020,-58.406358,-34.637334,Comuna 4,2,calle_avenida,doble,este,2584
2025-12-25,25,12,2025,CORDOBA AV. 3329,-58.413685,-34.597847,Comuna 2,,Carriles Exclusivos,única,oeste,2552
2025-12-25,25,12,2025,CORDOBA AV. 3143,-58.410998,-34.597969,Comuna 2,,Carriles Exclusivos,única,oeste,2386
2025-12-25,25,12,2025,LAS HERAS GENERAL AV. 2252,-58.396535,-34.588012,Comuna 2,,Carriles Exclusivos,doble,este,2369
2025-12-25,25,12,2025,ENTRE RIOS AV. 678,-58.391572,-34.616551,Comuna 1,,Carriles Exclusivos,única,norte,2334
2025-12-25,25,12,2025,SANTA FE AV. 1483,-58.388215,-34.595676,Comuna 2,,Carriles Exclusivos,doble,oeste,2251
2025-12-25,25,12,2025,SANTA FE AV. 2622,-58.403884,-34.594047,Comuna 2,3,calle_avenida,doble,este,2222
2025-12-25,25,12,2025,"DE LA TORRE, LISANDRO 663",-58.520368,-34.646059,Comuna 9,3,calle_avenida,única,sur,2180
2025-12-25,25,12,2025,CORDOBA AV. 1749,-58.392148,-34.599512,Comuna 2,,Carriles Exclusivos,única,oeste,2043
2025-12-25,25,12,2025,CORDOBA AV. 2523,-58.402911,-34.59879,Comuna 2,,Carriles Exclusivos,única,oeste,2027
2025-12-25,25,12,2025,CORDOBA AV. 1431,-58.387335,-34.599232,Comuna 2,,Carriles Exclusivos,única,oeste,2011
2025-12-25,25,12,2025,"ROCA, CNEL. AV. 5870",-58.460539,-34.689402,Comuna 8,3,calle_avenida,doble,este,1951
2025-12-25,25,12,2025,"LIMA ESTE Y GARAY, JUAN DE",-58.382235,-34.626842,Comuna 1,2,calle_avenida,doble,sur,1778
2025-12-25,25,12,2025,VUELTA DE OBLIGADO 2179,-58.456328,-34.560704,Comuna 13,3,calle_avenida,única,norte,1767
2025-12-25,25,12,2025,ENTRE RIOS AV. 926,-58.391557,-34.619431,Comuna 1,,Carriles Exclusivos,única,norte,1386
2025-12-25,25,12,2025,"PERON, JUAN DOMINGO, TTE. GENERAL 2687",-58.404461,-34.607561,Comuna 3,2,calle_avenida,única,oeste,1230
2025-12-25,25,12,2025,CORDOBA AV. 1147,-58.383217,-34.599039,Comuna 1,,Carriles Exclusivos,única,oeste,1137
2025-12-25,25,12,2025,RIVADAVIA AV. 6626,-58.459176,-34.62777,Comuna 7,2,calle_avenida,doble,este,1136
2025-12-25,25,12,2025,VARELA AV. 2779,-58.438057,-34.655973,Comuna 8,3,calle_avenida,doble,sur,1010
2025-12-25,25,12,2025,LIMA OESTE 1524,-58.382189,-34.626200,Comuna 1,3,calle_avenida,doble,norte,743
2025-12-25,25,12,2025,AVELLANEDA AV. 2924,-58.471929,-34.626563,Comuna 7,4,calle_avenida,única,este,14
